commentary_id,version_id,advisor_sid,from_month_id,to_month_id,headline,narrative_text,bullets_json,status,blocked_reason,data_source
v1|SMPL001|202604|202605,v1,SMPL001,202604,202605,"▲ $21,363  48.8%","Revenue grew $21,363, or 48.8%, from $43,820 in April 2026 to $65,182 in May 2026. This expansion was driven primarily by a significant one-time contribution from Structured Products, which more than offset declines across Alternative Investments, Unified Managed Account, and Equities.","[{""cause_id"": ""ONE_TIME"", ""data_source"": ""REAL"", ""direction"": ""UP"", ""driver_id"": ""SMPL001|202604|202605|structured_products|ONE_TIME|1"", ""group_id"": ""structured_products"", ""text"": ""Structured Products generated $36.6k in one-time revenue in May (3 transactions) compared to zero in April, accounting for the majority of the month-over-month increase."", ""title"": ""Structured Products $36.6k""}, {""cause_id"": ""TIMING"", ""data_source"": ""REAL"", ""direction"": ""DOWN"", ""driver_id"": ""SMPL001|202604|202605|alternative_investments|TIMING|1"", ""group_id"": ""alternative_investments"", ""text"": ""Alternative Investments revenue declined ($7.0k) due to quarterly billing timing, with May containing no quarterly billing cycle versus ($7.0k) in April."", ""title"": ""Alternative Investments ($7.0k)""}, {""cause_id"": ""LOST_ACCOUNT"", ""data_source"": ""REAL"", ""direction"": ""DOWN"", ""driver_id"": ""SMPL001|202604|202605|unified_managed_account|LOST_ACCOUNT|1"", ""group_id"": ""unified_managed_account"", ""text"": ""Unified Managed Account revenue decreased ($6.4k) following the loss of one account that contributed ($6.4k) in April."", ""title"": ""Unified Managed Account ($6.4k)""}, {""cause_id"": ""BILLABLE_DAYS"", ""data_source"": ""DERIVED"", ""direction"": ""DOWN"", ""driver_id"": ""SMPL001|202604|202605|unified_managed_account|BILLABLE_DAYS|2"", ""group_id"": ""unified_managed_account"", ""text"": ""Unified Managed Account was negatively impacted by ($0.8k) due to one fewer billable day in May (21 days versus 22 days in April)."", ""title"": ""Unified Managed Account ($0.8k)""}, {""cause_id"": ""VOLUME"", ""data_source"": ""REAL"", ""direction"": ""DOWN"", ""driver_id"": ""SMPL001|202604|202605|equities|VOLUME|1"", ""group_id"": ""equities"", ""text"": ""Equities revenue declined ($0.4k) as transaction volume decreased from 8 to 5 transactions month-over-month."", ""title"": ""Equities ($0.4k)""}]",PUBLISHED,,DERIVED
v1|SMPL001|202605|202606,v1,SMPL001,202605,202606,"▼ ($23,455)  (36.0%)","Revenue declined by ($23,455), or (36.0%), from $65,182 in May to $41,727 in June 2026. This contraction was primarily driven by the absence of one-time Structured Products revenue that had contributed significantly in the prior month. Partially offsetting this decline were gains from Alternative Investments timing, new Unified Managed Account originations, an additional billable day in June, and increased Equities transaction volume.","[{""cause_id"": ""ONE_TIME"", ""data_source"": ""REAL"", ""direction"": ""DOWN"", ""driver_id"": ""SMPL001|202605|202606|structured_products|ONE_TIME|1"", ""group_id"": ""structured_products"", ""text"": ""Structured Products one-time revenue decreased by ($36.6k) as no transactions closed in June compared to three in May."", ""title"": ""Structured Products ($36.6k)""}, {""cause_id"": ""TIMING"", ""data_source"": ""REAL"", ""direction"": ""UP"", ""driver_id"": ""SMPL001|202605|202606|alternative_investments|TIMING|1"", ""group_id"": ""alternative_investments"", ""text"": ""Alternative Investments revenue increased by $7.0k due to quarterly billing falling within the June period."", ""title"": ""Alternative Investments $7.0k""}, {""cause_id"": ""NEW_ACCOUNT"", ""data_source"": ""REAL"", ""direction"": ""UP"", ""driver_id"": ""SMPL001|202605|202606|unified_managed_account|NEW_ACCOUNT|1"", ""group_id"": ""unified_managed_account"", ""text"": ""One new Unified Managed Account contributed $4.5k in June revenue."", ""title"": ""Unified Managed Account $4.5k""}, {""cause_id"": ""BILLABLE_DAYS"", ""data_source"": ""DERIVED"", ""direction"": ""UP"", ""driver_id"": ""SMPL001|202605|202606|unified_managed_account|BILLABLE_DAYS|2"", ""group_id"": ""unified_managed_account"", ""text"": ""Unified Managed Account revenue benefited by $0.8k from an extra billable day in June (22 days versus 21 days in May)."", ""title"": ""Unified Managed Account $0.8k""}, {""cause_id"": ""VOLUME"", ""data_source"": ""REAL"", ""direction"": ""UP"", ""driver_id"": ""SMPL001|202605|202606|equities|VOLUME|1"", ""group_id"": ""equities"", ""text"": ""Equities revenue increased by $0.7k as transaction volume grew from 5 to 11 transactions."", ""title"": ""Equities $0.7k""}]",PUBLISHED,,DERIVED
v1|SMPL002|202604|202605,v1,SMPL002,202604,202605,"▲ $24,265  49.9%","Revenue grew $24,265 (49.9%) from April to May 2026, rising from $48,621 to $72,886. This significant increase was driven primarily by one-time activity in Structured Products, which more than offset declines across Alternative Investments, Unified Managed Account, and Equities.","[{""cause_id"": ""ONE_TIME"", ""data_source"": ""REAL"", ""direction"": ""UP"", ""driver_id"": ""SMPL002|202604|202605|structured_products|ONE_TIME|1"", ""group_id"": ""structured_products"", ""text"": ""Structured Products one-time revenue of $41.1k in May (3 transactions) versus none in April drove the largest contribution to growth."", ""title"": ""Structured Products $41.1k""}, {""cause_id"": ""TIMING"", ""data_source"": ""REAL"", ""direction"": ""DOWN"", ""driver_id"": ""SMPL002|202604|202605|alternative_investments|TIMING|1"", ""group_id"": ""alternative_investments"", ""text"": ""Alternative Investments declined by $7.8k due to timing, as quarterly billing that occurred in April did not recur in May."", ""title"": ""Alternative Investments ($7.8k)""}, {""cause_id"": ""LOST_ACCOUNT"", ""data_source"": ""REAL"", ""direction"": ""DOWN"", ""driver_id"": ""SMPL002|202604|202605|unified_managed_account|LOST_ACCOUNT|1"", ""group_id"": ""unified_managed_account"", ""text"": ""A Unified Managed Account was lost in May, removing $7.1k in monthly revenue that had been generated in April."", ""title"": ""Unified Managed Account ($7.1k)""}, {""cause_id"": ""BILLABLE_DAYS"", ""data_source"": ""DERIVED"", ""direction"": ""DOWN"", ""driver_id"": ""SMPL002|202604|202605|unified_managed_account|BILLABLE_DAYS|2"", ""group_id"": ""unified_managed_account"", ""text"": ""Unified Managed Account revenue decreased by $0.9k, reflecting one fewer billable day in May (21 days) compared to April (22 days)."", ""title"": ""Unified Managed Account ($0.9k)""}, {""cause_id"": ""VOLUME"", ""data_source"": ""REAL"", ""direction"": ""DOWN"", ""driver_id"": ""SMPL002|202604|202605|equities|VOLUME|1"", ""group_id"": ""equities"", ""text"": ""Equities transaction volume declined by 3 transactions in May, reducing revenue by $0.4k."", ""title"": ""Equities ($0.4k)""}]",PUBLISHED,,DERIVED
v1|SMPL002|202605|202606,v1,SMPL002,202605,202606,"▼ ($25,356)  (34.8%)","Revenue declined significantly from May to June 2026, falling ($25,356) or (34.8%) to $47,530. The primary driver was a substantial one-time revenue event in Structured Products that did not recur, reducing revenue by ($41.1k). This substantial decline was partially offset by timing-driven growth in Alternative Investments of $7.8k due to quarterly billing, new account activity in Unified Managed Account contributing $4.8k, a fee rate increase adding $1.4k, and an additional billable day generating $0.9k.","[{""cause_id"": ""ONE_TIME"", ""data_source"": ""REAL"", ""direction"": ""DOWN"", ""driver_id"": ""SMPL002|202605|202606|structured_products|ONE_TIME|1"", ""group_id"": ""structured_products"", ""text"": ""Structured Products revenue contracted by ($41.1k) as one-time revenue recognized in May did not repeat in June."", ""title"": ""Structured Products ($41.1k)""}, {""cause_id"": ""TIMING"", ""data_source"": ""REAL"", ""direction"": ""UP"", ""driver_id"": ""SMPL002|202605|202606|alternative_investments|TIMING|1"", ""group_id"": ""alternative_investments"", ""text"": ""Alternative Investments revenue increased by $7.8k due to quarterly billing that fell within June."", ""title"": ""Alternative Investments $7.8k""}, {""cause_id"": ""NEW_ACCOUNT"", ""data_source"": ""REAL"", ""direction"": ""UP"", ""driver_id"": ""SMPL002|202605|202606|unified_managed_account|NEW_ACCOUNT|1"", ""group_id"": ""unified_managed_account"", ""text"": ""Unified Managed Account added $4.8k from a new account that began contributing in June."", ""title"": ""Unified Managed Account $4.8k""}, {""cause_id"": ""FEE_RATE"", ""data_source"": ""REAL"", ""direction"": ""UP"", ""driver_id"": ""SMPL002|202605|202606|unified_managed_account|FEE_RATE|2"", ""group_id"": ""unified_managed_account"", ""text"": ""Unified Managed Account fee rates increased from 82.0 basis points to 88.0 basis points, generating an additional $1.4k in revenue."", ""title"": ""Unified Managed Account $1.4k""}, {""cause_id"": ""BILLABLE_DAYS"", ""data_source"": ""DERIVED"", ""direction"": ""UP"", ""driver_id"": ""SMPL002|202605|202606|unified_managed_account|BILLABLE_DAYS|3"", ""group_id"": ""unified_managed_account"", ""text"": ""One additional billable day in June compared to May contributed $0.9k to Unified Managed Account revenue."", ""title"": ""Unified Managed Account $0.9k""}]",PUBLISHED,,DERIVED
v1|SMPL003|202604|202605,v1,SMPL003,202604,202605,"▲ $19,750  32.5%","Revenue increased $19.75k or 32.5% from April to May 2026, growing from $60.765k to $80.515k. This growth was primarily driven by a one-time contribution in Structured Products, which was partially offset by timing shifts in Alternative Investments billing, account attrition across Unified Managed Account and Annuities, and a minor reduction in billable days for Unified Managed Account.","[{""cause_id"": ""ONE_TIME"", ""data_source"": ""REAL"", ""direction"": ""UP"", ""driver_id"": ""SMPL003|202604|202605|structured_products|ONE_TIME|1"", ""group_id"": ""structured_products"", ""text"": ""Structured Products generated $45.6k in one-time revenue in May (3 transactions) compared to none in April, contributing the largest positive driver to month-over-month growth."", ""title"": ""Structured Products $45.6k""}, {""cause_id"": ""TIMING"", ""data_source"": ""REAL"", ""direction"": ""DOWN"", ""driver_id"": ""SMPL003|202604|202605|alternative_investments|TIMING|1"", ""group_id"": ""alternative_investments"", ""text"": ""Alternative Investments declined ($8.6k) due to quarterly billing timing, with revenue recognized in April but not in May."", ""title"": ""Alternative Investments ($8.6k)""}, {""cause_id"": ""LOST_ACCOUNT"", ""data_source"": ""REAL"", ""direction"": ""DOWN"", ""driver_id"": ""SMPL003|202604|202605|unified_managed_account|LOST_ACCOUNT|1"", ""group_id"": ""unified_managed_account"", ""text"": ""Unified Managed Account revenue decreased ($7.8k) following the loss of one account that contributed in April."", ""title"": ""Unified Managed Account ($7.8k)""}, {""cause_id"": ""LOST_ACCOUNT"", ""data_source"": ""REAL"", ""direction"": ""DOWN"", ""driver_id"": ""SMPL003|202604|202605|annuities|LOST_ACCOUNT|1"", ""group_id"": ""annuities"", ""text"": ""Annuities revenue decreased ($7.4k) due to the same account loss that affected Unified Managed Account."", ""title"": ""Annuities ($7.4k)""}, {""cause_id"": ""BILLABLE_DAYS"", ""data_source"": ""DERIVED"", ""direction"": ""DOWN"", ""driver_id"": ""SMPL003|202604|202605|unified_managed_account|BILLABLE_DAYS|2"", ""group_id"": ""unified_managed_account"", ""text"": ""Unified Managed Account was impacted by ($1.0k) from a reduction in billable days, declining from 22 days in April to 21 days in May."", ""title"": ""Unified Managed Account ($1.0k)""}]",PUBLISHED,,DERIVED
v1|SMPL003|202605|202606,v1,SMPL003,202605,202606,"▼ ($32,103)  (39.9%)","Revenue declined ($32,103) or (39.9%) from May to June 2026, falling from $80,515 to $48,412. The primary driver was a significant drop in Structured Products one-time revenue, which was partially offset by timing benefits in Alternative Investments, a new Unified Managed Account relationship, and a modest increase from additional billable days. These gains were further reduced by an expansion of discounting activity within Unified Managed Accounts.","[{""cause_id"": ""ONE_TIME"", ""data_source"": ""REAL"", ""direction"": ""DOWN"", ""driver_id"": ""SMPL003|202605|202606|structured_products|ONE_TIME|1"", ""group_id"": ""structured_products"", ""text"": ""Structured Products one-time revenue declined by ($45.6k) as no transactions occurred in June compared to three transactions generating $45.6k in May."", ""title"": ""Structured Products ($45.6k)""}, {""cause_id"": ""TIMING"", ""data_source"": ""REAL"", ""direction"": ""UP"", ""driver_id"": ""SMPL003|202605|202606|alternative_investments|TIMING|1"", ""group_id"": ""alternative_investments"", ""text"": ""Alternative Investments revenue increased by $8.6k due to quarterly billing falling within June."", ""title"": ""Alternative Investments $8.6k""}, {""cause_id"": ""NEW_ACCOUNT"", ""data_source"": ""REAL"", ""direction"": ""UP"", ""driver_id"": ""SMPL003|202605|202606|unified_managed_account|NEW_ACCOUNT|1"", ""group_id"": ""unified_managed_account"", ""text"": ""A new Unified Managed Account generated $5.2k in June revenue."", ""title"": ""Unified Managed Account $5.2k""}, {""cause_id"": ""DISCOUNT"", ""data_source"": ""REAL"", ""direction"": ""DOWN"", ""driver_id"": ""SMPL003|202605|202606|unified_managed_account|DISCOUNT|2"", ""group_id"": ""unified_managed_account"", ""text"": ""Unified Managed Account discounting grew to $1.8k in June from zero in May, reducing net revenue by that amount."", ""title"": ""Unified Managed Account ($1.8k)""}, {""cause_id"": ""BILLABLE_DAYS"", ""data_source"": ""DERIVED"", ""direction"": ""UP"", ""driver_id"": ""SMPL003|202605|202606|unified_managed_account|BILLABLE_DAYS|3"", ""group_id"": ""unified_managed_account"", ""text"": ""Unified Managed Account revenue benefited by $1.0k from one additional billable day in June."", ""title"": ""Unified Managed Account $1.0k""}]",PUBLISHED,,DERIVED
v2|SMPL001|202604|202605,v2,SMPL001,202604,202605,"▲ $21,363  48.8%","Revenue increased $21,363, or 48.8%, from April to May 2026, rising from $43,820 to $65,182. This significant growth was primarily driven by one-time activity in Structured Products, which more than offset declines across multiple product lines including a timing shift in Alternative Investments, the loss of a Unified Managed Account client, reduced billable days in Unified Managed Account, and lower transaction volume in Equities.","[{""cause_id"": ""ONE_TIME"", ""data_source"": ""REAL"", ""direction"": ""UP"", ""driver_id"": ""SMPL001|202604|202605|structured_products|ONE_TIME|1"", ""group_id"": ""structured_products"", ""text"": ""Structured Products generated $36.6k in one-time revenue in May (3 transactions) compared to none in April, contributing 171.3% of the total month-over-month change."", ""title"": ""Structured Products $36.6k""}, {""cause_id"": ""TIMING"", ""data_source"": ""REAL"", ""direction"": ""DOWN"", ""driver_id"": ""SMPL001|202604|202605|alternative_investments|TIMING|1"", ""group_id"": ""alternative_investments"", ""text"": ""Alternative Investments declined by $7.0k due to quarterly billing timing, with revenue recognized in April but not in May."", ""title"": ""Alternative Investments ($7.0k)""}, {""cause_id"": ""LOST_ACCOUNT"", ""data_source"": ""REAL"", ""direction"": ""DOWN"", ""driver_id"": ""SMPL001|202604|202605|unified_managed_account|LOST_ACCOUNT|1"", ""group_id"": ""unified_managed_account"", ""text"": ""Unified Managed Account revenue fell by $6.4k following the loss of one client account that had contributed $6.4k in April."", ""title"": ""Unified Managed Account ($6.4k)""}, {""cause_id"": ""BILLABLE_DAYS"", ""data_source"": ""DERIVED"", ""direction"": ""DOWN"", ""driver_id"": ""SMPL001|202604|202605|unified_managed_account|BILLABLE_DAYS|2"", ""group_id"": ""unified_managed_account"", ""text"": ""Unified Managed Account experienced a $0.8k headwind from the reduction in billable days from 22 in April to 21 in May."", ""title"": ""Unified Managed Account ($0.8k)""}, {""cause_id"": ""VOLUME"", ""data_source"": ""REAL"", ""direction"": ""DOWN"", ""driver_id"": ""SMPL001|202604|202605|equities|VOLUME|1"", ""group_id"": ""equities"", ""text"": ""Equities revenue decreased by $0.4k as transaction volume fell from 8 to 5 transactions month-over-month."", ""title"": ""Equities ($0.4k)""}]",PUBLISHED,,DERIVED
v2|SMPL001|202605|202606,v2,SMPL001,202605,202606,"▼ ($23,455)  (36.0%)","Revenue declined significantly from May to June 2026, falling from $65,182 to $41,727, a decrease of ($23,455) or (36.0%). This contraction was primarily driven by a substantial decline in Structured Products revenue, which was partially offset by growth across Alternative Investments, Unified Managed Account, and Equities.","[{""cause_id"": ""ONE_TIME"", ""data_source"": ""REAL"", ""direction"": ""DOWN"", ""driver_id"": ""SMPL001|202605|202606|structured_products|ONE_TIME|1"", ""group_id"": ""structured_products"", ""text"": ""Structured Products revenue fell by ($36.6k) as one-time transactions that generated $36,600 in May did not recur in June."", ""title"": ""Structured Products ($36.6k)""}, {""cause_id"": ""TIMING"", ""data_source"": ""REAL"", ""direction"": ""UP"", ""driver_id"": ""SMPL001|202605|202606|alternative_investments|TIMING|1"", ""group_id"": ""alternative_investments"", ""text"": ""Alternative Investments revenue increased by $7.0k due to quarterly billing cycle timing, with revenue recognized in June that was not present in May."", ""title"": ""Alternative Investments $7.0k""}, {""cause_id"": ""NEW_ACCOUNT"", ""data_source"": ""REAL"", ""direction"": ""UP"", ""driver_id"": ""SMPL001|202605|202606|unified_managed_account|NEW_ACCOUNT|1"", ""group_id"": ""unified_managed_account"", ""text"": ""Unified Managed Account contributed $4.5k from a newly opened account generating revenue for the first time in June."", ""title"": ""Unified Managed Account $4.5k""}, {""cause_id"": ""BILLABLE_DAYS"", ""data_source"": ""DERIVED"", ""direction"": ""UP"", ""driver_id"": ""SMPL001|202605|202606|unified_managed_account|BILLABLE_DAYS|2"", ""group_id"": ""unified_managed_account"", ""text"": ""Unified Managed Account revenue increased by $0.8k driven by an additional billable day in June compared to May."", ""title"": ""Unified Managed Account $0.8k""}, {""cause_id"": ""VOLUME"", ""data_source"": ""REAL"", ""direction"": ""UP"", ""driver_id"": ""SMPL001|202605|202606|equities|VOLUME|1"", ""group_id"": ""equities"", ""text"": ""Equities revenue grew by $0.7k as transaction volume increased from 5 to 11 transactions."", ""title"": ""Equities $0.7k""}]",PUBLISHED,,DERIVED
v2|SMPL002|202604|202605,v2,SMPL002,202604,202605,"▲ $24,265  49.9%","Revenue increased $24,265, or 49.9%, from $48,621 in April 2026 to $72,886 in May 2026. This growth was driven primarily by a significant one-time contribution from Structured Products, which more than offset headwinds from timing shifts in Alternative Investments billing, the loss of a Unified Managed Account, a reduction in billable days, and lower Equities transaction volume.","[{""cause_id"": ""ONE_TIME"", ""data_source"": ""REAL"", ""direction"": ""UP"", ""driver_id"": ""SMPL002|202604|202605|structured_products|ONE_TIME|1"", ""group_id"": ""structured_products"", ""text"": ""Structured Products generated $41.1k in one-time revenue in May (3 transactions), compared to none in April, accounting for the majority of the month-over-month increase."", ""title"": ""Structured Products $41.1k""}, {""cause_id"": ""TIMING"", ""data_source"": ""REAL"", ""direction"": ""DOWN"", ""driver_id"": ""SMPL002|202604|202605|alternative_investments|TIMING|1"", ""group_id"": ""alternative_investments"", ""text"": ""Alternative Investments declined ($7.8k) due to the timing of quarterly billing, which fell in April rather than May."", ""title"": ""Alternative Investments ($7.8k)""}, {""cause_id"": ""LOST_ACCOUNT"", ""data_source"": ""REAL"", ""direction"": ""DOWN"", ""driver_id"": ""SMPL002|202604|202605|unified_managed_account|LOST_ACCOUNT|1"", ""group_id"": ""unified_managed_account"", ""text"": ""A Unified Managed Account was closed, reducing revenue by ($7.1k) compared to the prior month."", ""title"": ""Unified Managed Account ($7.1k)""}, {""cause_id"": ""BILLABLE_DAYS"", ""data_source"": ""DERIVED"", ""direction"": ""DOWN"", ""driver_id"": ""SMPL002|202604|202605|unified_managed_account|BILLABLE_DAYS|2"", ""group_id"": ""unified_managed_account"", ""text"": ""Unified Managed Account revenue decreased ($0.9k) as May had 21 billable days versus 22 in April."", ""title"": ""Unified Managed Account ($0.9k)""}, {""cause_id"": ""VOLUME"", ""data_source"": ""REAL"", ""direction"": ""DOWN"", ""driver_id"": ""SMPL002|202604|202605|equities|VOLUME|1"", ""group_id"": ""equities"", ""text"": ""Equities revenue declined ($0.4k) due to lower transaction volume, with 7 transactions in May versus 10 in April."", ""title"": ""Equities ($0.4k)""}]",PUBLISHED,,DERIVED
v2|SMPL002|202605|202606,v2,SMPL002,202605,202606,"▼ ($25,356)  (34.8%)","Revenue declined significantly from May to June 2026, falling ($25,356) or (34.8%) to $47,530. The primary driver was a ($41.1k) reduction in Structured Products one-time revenue as three transactions in May did not recur. This was partially offset by positive contributions across Alternative Investments and Unified Managed Account, which together added $14.9k in revenue through timing effects, new account activation, fee rate increases, and an additional billable day.","[{""cause_id"": ""ONE_TIME"", ""data_source"": ""REAL"", ""direction"": ""DOWN"", ""driver_id"": ""SMPL002|202605|202606|structured_products|ONE_TIME|1"", ""group_id"": ""structured_products"", ""text"": ""Structured Products one-time revenue decreased by ($41.1k) as three transactions generated in May did not repeat in June."", ""title"": ""Structured Products ($41.1k)""}, {""cause_id"": ""TIMING"", ""data_source"": ""REAL"", ""direction"": ""UP"", ""driver_id"": ""SMPL002|202605|202606|alternative_investments|TIMING|1"", ""group_id"": ""alternative_investments"", ""text"": ""Alternative Investments contributed $7.8k due to a quarterly billing cycle that fell within June only."", ""title"": ""Alternative Investments $7.8k""}, {""cause_id"": ""NEW_ACCOUNT"", ""data_source"": ""REAL"", ""direction"": ""UP"", ""driver_id"": ""SMPL002|202605|202606|unified_managed_account|NEW_ACCOUNT|1"", ""group_id"": ""unified_managed_account"", ""text"": ""A new Unified Managed Account generated $4.8k in June revenue upon activation."", ""title"": ""Unified Managed Account $4.8k""}, {""cause_id"": ""FEE_RATE"", ""data_source"": ""REAL"", ""direction"": ""UP"", ""driver_id"": ""SMPL002|202605|202606|unified_managed_account|FEE_RATE|2"", ""group_id"": ""unified_managed_account"", ""text"": ""Unified Managed Account fee rates increased from 82.0 to 88.0 basis points, adding $1.4k in revenue."", ""title"": ""Unified Managed Account $1.4k""}, {""cause_id"": ""BILLABLE_DAYS"", ""data_source"": ""DERIVED"", ""direction"": ""UP"", ""driver_id"": ""SMPL002|202605|202606|unified_managed_account|BILLABLE_DAYS|3"", ""group_id"": ""unified_managed_account"", ""text"": ""Unified Managed Account revenue increased by $0.9k due to one additional billable day in June compared to May."", ""title"": ""Unified Managed Account $0.9k""}]",BLOCKED,no_invented_figures: figures not present in the driver set: ['14900k-form'],DERIVED
v2|SMPL003|202604|202605,v2,SMPL003,202604,202605,"▲ $19,750  32.5%","Revenue increased $19.7k or 32.5% from April to May 2026, rising from $60.8k to $80.5k. The month was characterized by a substantial one-time contribution to Structured Products that more than offset declines in other areas, including the loss of a significant account affecting both Unified Managed Account and Annuities revenue, a quarterly billing timing shift in Alternative Investments, and a minor reduction in billable days.","[{""cause_id"": ""ONE_TIME"", ""data_source"": ""REAL"", ""direction"": ""UP"", ""driver_id"": ""SMPL003|202604|202605|structured_products|ONE_TIME|1"", ""group_id"": ""structured_products"", ""text"": ""Structured Products generated $45.6k in one-time revenue during May, compared to none in April, driving the majority of the month-over-month growth across three transactions."", ""title"": ""Structured Products $45.6k""}, {""cause_id"": ""TIMING"", ""data_source"": ""REAL"", ""direction"": ""DOWN"", ""driver_id"": ""SMPL003|202604|202605|alternative_investments|TIMING|1"", ""group_id"": ""alternative_investments"", ""text"": ""Alternative Investments declined ($8.6k) due to quarterly billing timing, with revenue recognized only in April and not repeating in May."", ""title"": ""Alternative Investments ($8.6k)""}, {""cause_id"": ""LOST_ACCOUNT"", ""data_source"": ""REAL"", ""direction"": ""DOWN"", ""driver_id"": ""SMPL003|202604|202605|unified_managed_account|LOST_ACCOUNT|1"", ""group_id"": ""unified_managed_account"", ""text"": ""Unified Managed Account revenue fell ($7.8k) following the loss of account SMPLACCT-3104."", ""title"": ""Unified Managed Account ($7.8k)""}, {""cause_id"": ""LOST_ACCOUNT"", ""data_source"": ""REAL"", ""direction"": ""DOWN"", ""driver_id"": ""SMPL003|202604|202605|annuities|LOST_ACCOUNT|1"", ""group_id"": ""annuities"", ""text"": ""Annuities revenue decreased ($7.4k) from the same account loss affecting this product line."", ""title"": ""Annuities ($7.4k)""}, {""cause_id"": ""BILLABLE_DAYS"", ""data_source"": ""DERIVED"", ""direction"": ""DOWN"", ""driver_id"": ""SMPL003|202604|202605|unified_managed_account|BILLABLE_DAYS|2"", ""group_id"": ""unified_managed_account"", ""text"": ""Unified Managed Account experienced a modest ($1.0k) headwind as May contained 21 billable days compared to 22 in April."", ""title"": ""Unified Managed Account ($1.0k)""}]",BLOCKED,no_invented_figures: figures not present in the driver set: ['3104']; negative_format: minus sign used on a figure: ['Unified Managed Account ($7.8k) Unified '],DERIVED
v2|SMPL003|202605|202606,v2,SMPL003,202605,202606,"▼ ($32,103)  (39.9%)","Revenue declined significantly from May to June 2026, falling from $80,515 to $48,412, a decrease of ($32,103) or (39.9%). This substantial contraction was primarily driven by the absence of one-time Structured Products revenue that had contributed ($45.6k) in the prior month. This headwind was partially offset by timing-related gains in Alternative Investments, new account activity in Unified Managed Account, and a modest benefit from an additional billable day, though these gains were constrained by expanded discounting within the Unified Managed Account product group.","[{""cause_id"": ""ONE_TIME"", ""data_source"": ""REAL"", ""direction"": ""DOWN"", ""driver_id"": ""SMPL003|202605|202606|structured_products|ONE_TIME|1"", ""group_id"": ""structured_products"", ""text"": ""One-time Structured Products revenue of ($45.6k) in May did not recur in June, representing the primary driver of the month-over-month decline."", ""title"": ""Structured Products ($45.6k)""}, {""cause_id"": ""TIMING"", ""data_source"": ""REAL"", ""direction"": ""UP"", ""driver_id"": ""SMPL003|202605|202606|alternative_investments|TIMING|1"", ""group_id"": ""alternative_investments"", ""text"": ""Alternative Investments revenue increased by $8.6k due to quarterly billing timing, with revenue recognized in June only."", ""title"": ""Alternative Investments $8.6k""}, {""cause_id"": ""NEW_ACCOUNT"", ""data_source"": ""REAL"", ""direction"": ""UP"", ""driver_id"": ""SMPL003|202605|202606|unified_managed_account|NEW_ACCOUNT|1"", ""group_id"": ""unified_managed_account"", ""text"": ""A new Unified Managed Account generated $5.2k in June revenue."", ""title"": ""Unified Managed Account $5.2k""}, {""cause_id"": ""DISCOUNT"", ""data_source"": ""REAL"", ""direction"": ""DOWN"", ""driver_id"": ""SMPL003|202605|202606|unified_managed_account|DISCOUNT|2"", ""group_id"": ""unified_managed_account"", ""text"": ""Expanded discounting activity within Unified Managed Account reduced revenue by ($1.8k)."", ""title"": ""Unified Managed Account ($1.8k)""}, {""cause_id"": ""BILLABLE_DAYS"", ""data_source"": ""DERIVED"", ""direction"": ""UP"", ""driver_id"": ""SMPL003|202605|202606|unified_managed_account|BILLABLE_DAYS|3"", ""group_id"": ""unified_managed_account"", ""text"": ""An additional billable day in June contributed $1.0k to Unified Managed Account revenue."", ""title"": ""Unified Managed Account $1.0k""}]",PUBLISHED,,DERIVED
v3|SMPL001|202604|202605,v3,SMPL001,202604,202605,"▲ $21,363  48.8%","Revenue increased $21,363, or 48.8%, from $43,820 in April 2026 to $65,182 in May 2026. This growth was driven primarily by a significant one-time event in Structured Products, which more than offset declines across Alternative Investments, Unified Managed Account, and Equities.","[{""cause_id"": ""ONE_TIME"", ""data_source"": ""REAL"", ""direction"": ""UP"", ""driver_id"": ""SMPL001|202604|202605|structured_products|ONE_TIME|1"", ""group_id"": ""structured_products"", ""text"": ""Structured Products revenue jumped $36.6k due to one-time activity, with 3 transactions in May compared to none in April."", ""title"": ""Structured Products $36.6k""}, {""cause_id"": ""TIMING"", ""data_source"": ""REAL"", ""direction"": ""DOWN"", ""driver_id"": ""SMPL001|202604|202605|alternative_investments|TIMING|1"", ""group_id"": ""alternative_investments"", ""text"": ""Alternative Investments declined ($7.0k) as quarterly billing fell in April but not in May."", ""title"": ""Alternative Investments ($7.0k)""}, {""cause_id"": ""LOST_ACCOUNT"", ""data_source"": ""REAL"", ""direction"": ""DOWN"", ""driver_id"": ""SMPL001|202604|202605|unified_managed_account|LOST_ACCOUNT|1"", ""group_id"": ""unified_managed_account"", ""text"": ""Unified Managed Account revenue fell ($6.4k) following the loss of one account that had contributed in April."", ""title"": ""Unified Managed Account ($6.4k)""}, {""cause_id"": ""BILLABLE_DAYS"", ""data_source"": ""DERIVED"", ""direction"": ""DOWN"", ""driver_id"": ""SMPL001|202604|202605|unified_managed_account|BILLABLE_DAYS|2"", ""group_id"": ""unified_managed_account"", ""text"": ""Unified Managed Account was further pressured by ($0.8k) due to one fewer billable day in May (21 days versus 22 days in April)."", ""title"": ""Unified Managed Account ($0.8k)""}, {""cause_id"": ""VOLUME"", ""data_source"": ""REAL"", ""direction"": ""DOWN"", ""driver_id"": ""SMPL001|202604|202605|equities|VOLUME|1"", ""group_id"": ""equities"", ""text"": ""Equities declined ($0.4k) as transaction volume fell to 5 in May from 8 in April."", ""title"": ""Equities ($0.4k)""}]",PUBLISHED,,DERIVED
v3|SMPL001|202605|202606,v3,SMPL001,202605,202606,"▼ ($23,455)  (36.0%)","Revenue declined (36.0%) from $65,182 in May 2026 to $41,727 in June 2026, a decrease of ($23,455). The primary driver was a substantial one-time decline in Structured Products, largely offset by gains across Alternative Investments, Unified Managed Account new business and billing mechanics, and Equities volume.","[{""cause_id"": ""ONE_TIME"", ""data_source"": ""REAL"", ""direction"": ""DOWN"", ""driver_id"": ""SMPL001|202605|202606|structured_products|ONE_TIME|1"", ""group_id"": ""structured_products"", ""text"": ""Structured Products revenue fell ($36.6k) due to the absence of one-time transactions that contributed 3 transactions in May."", ""title"": ""Structured Products ($36.6k)""}, {""cause_id"": ""TIMING"", ""data_source"": ""REAL"", ""direction"": ""UP"", ""driver_id"": ""SMPL001|202605|202606|alternative_investments|TIMING|1"", ""group_id"": ""alternative_investments"", ""text"": ""Alternative Investments added $7.0k as quarterly billing fell in June rather than May."", ""title"": ""Alternative Investments $7.0k""}, {""cause_id"": ""NEW_ACCOUNT"", ""data_source"": ""REAL"", ""direction"": ""UP"", ""driver_id"": ""SMPL001|202605|202606|unified_managed_account|NEW_ACCOUNT|1"", ""group_id"": ""unified_managed_account"", ""text"": ""A new Unified Managed Account generated $4.5k in incremental revenue."", ""title"": ""Unified Managed Account $4.5k""}, {""cause_id"": ""BILLABLE_DAYS"", ""data_source"": ""DERIVED"", ""direction"": ""UP"", ""driver_id"": ""SMPL001|202605|202606|unified_managed_account|BILLABLE_DAYS|2"", ""group_id"": ""unified_managed_account"", ""text"": ""Unified Managed Account revenue benefited by $0.8k from one additional billable day in June."", ""title"": ""Unified Managed Account $0.8k""}, {""cause_id"": ""VOLUME"", ""data_source"": ""REAL"", ""direction"": ""UP"", ""driver_id"": ""SMPL001|202605|202606|equities|VOLUME|1"", ""group_id"": ""equities"", ""text"": ""Equities transaction volume increased by 6 transactions in June, contributing $0.7k in additional revenue."", ""title"": ""Equities $0.7k""}]",BLOCKED,no_invented_figures: figures not present in the driver set: ['6'],DERIVED
v3|SMPL002|202604|202605,v3,SMPL002,202604,202605,"▲ $24,265  49.9%","Revenue increased $24,265, or 49.9%, from $48,621 in April 2026 to $72,886 in May 2026. This growth was driven primarily by a substantial one-time contribution in Structured Products, which more than offset declines across Alternative Investments, Unified Managed Account, and Equities.","[{""cause_id"": ""ONE_TIME"", ""data_source"": ""REAL"", ""direction"": ""UP"", ""driver_id"": ""SMPL002|202604|202605|structured_products|ONE_TIME|1"", ""group_id"": ""structured_products"", ""text"": ""Structured Products generated $41.1k from one-time activity, with 3 transactions in May compared to none in April."", ""title"": ""Structured Products $41.1k""}, {""cause_id"": ""TIMING"", ""data_source"": ""REAL"", ""direction"": ""DOWN"", ""driver_id"": ""SMPL002|202604|202605|alternative_investments|TIMING|1"", ""group_id"": ""alternative_investments"", ""text"": ""Alternative Investments declined ($7.8k) due to quarterly billing timing, with revenue recognized in April but not in May."", ""title"": ""Alternative Investments ($7.8k)""}, {""cause_id"": ""LOST_ACCOUNT"", ""data_source"": ""REAL"", ""direction"": ""DOWN"", ""driver_id"": ""SMPL002|202604|202605|unified_managed_account|LOST_ACCOUNT|1"", ""group_id"": ""unified_managed_account"", ""text"": ""Unified Managed Account revenue fell ($7.1k) following the loss of one client account that contributed $7.1k in April."", ""title"": ""Unified Managed Account ($7.1k)""}, {""cause_id"": ""BILLABLE_DAYS"", ""data_source"": ""DERIVED"", ""direction"": ""DOWN"", ""driver_id"": ""SMPL002|202604|202605|unified_managed_account|BILLABLE_DAYS|2"", ""group_id"": ""unified_managed_account"", ""text"": ""Unified Managed Account experienced a ($0.9k) headwind from one fewer billable day in May (21 days versus 22 days in April)."", ""title"": ""Unified Managed Account ($0.9k)""}, {""cause_id"": ""VOLUME"", ""data_source"": ""REAL"", ""direction"": ""DOWN"", ""driver_id"": ""SMPL002|202604|202605|equities|VOLUME|1"", ""group_id"": ""equities"", ""text"": ""Equities declined ($0.4k) as transaction volume fell from 10 to 7 transactions month-over-month."", ""title"": ""Equities ($0.4k)""}]",PUBLISHED,,DERIVED
v3|SMPL002|202605|202606,v3,SMPL002,202605,202606,"▼ ($25,356)  (34.8%)","Revenue declined ($25,356) or (34.8%) from May to June 2026, falling from $72,886 to $47,530. The primary headwind was a significant one-time revenue drop in Structured Products, which was partially offset by timing-driven gains in Alternative Investments, new account activity in Unified Managed Account, and modest rate and calendar improvements in that same product.","[{""cause_id"": ""ONE_TIME"", ""data_source"": ""REAL"", ""direction"": ""DOWN"", ""driver_id"": ""SMPL002|202605|202606|structured_products|ONE_TIME|1"", ""group_id"": ""structured_products"", ""text"": ""Structured Products one-time revenue declined by ($41.1k) as three transactions in May did not repeat in June."", ""title"": ""Structured Products ($41.1k)""}, {""cause_id"": ""TIMING"", ""data_source"": ""REAL"", ""direction"": ""UP"", ""driver_id"": ""SMPL002|202605|202606|alternative_investments|TIMING|1"", ""group_id"": ""alternative_investments"", ""text"": ""Alternative Investments revenue rose $7.8k due to quarterly billing falling within June rather than May."", ""title"": ""Alternative Investments $7.8k""}, {""cause_id"": ""NEW_ACCOUNT"", ""data_source"": ""REAL"", ""direction"": ""UP"", ""driver_id"": ""SMPL002|202605|202606|unified_managed_account|NEW_ACCOUNT|1"", ""group_id"": ""unified_managed_account"", ""text"": ""A new Unified Managed Account contributed $4.8k in June revenue."", ""title"": ""Unified Managed Account $4.8k""}, {""cause_id"": ""FEE_RATE"", ""data_source"": ""REAL"", ""direction"": ""UP"", ""driver_id"": ""SMPL002|202605|202606|unified_managed_account|FEE_RATE|2"", ""group_id"": ""unified_managed_account"", ""text"": ""Unified Managed Account fee rates increased from 82.0 basis points to 88.0 basis points, generating an additional $1.4k in revenue."", ""title"": ""Unified Managed Account $1.4k""}, {""cause_id"": ""BILLABLE_DAYS"", ""data_source"": ""DERIVED"", ""direction"": ""UP"", ""driver_id"": ""SMPL002|202605|202606|unified_managed_account|BILLABLE_DAYS|3"", ""group_id"": ""unified_managed_account"", ""text"": ""One additional billable day in June added $0.9k to Unified Managed Account revenue."", ""title"": ""Unified Managed Account $0.9k""}]",PUBLISHED,,DERIVED
v3|SMPL003|202604|202605,v3,SMPL003,202604,202605,"▲ $19,750  32.5%","Revenue increased $19,750, or 32.5%, from $60,765 in April 2026 to $80,515 in May 2026. This growth was driven primarily by a one-time contribution from Structured Products, which more than offset declines across Alternative Investments, Unified Managed Account, and Annuities tied to timing, account losses, and billable days.","[{""cause_id"": ""ONE_TIME"", ""data_source"": ""REAL"", ""direction"": ""UP"", ""driver_id"": ""SMPL003|202604|202605|structured_products|ONE_TIME|1"", ""group_id"": ""structured_products"", ""text"": ""Structured Products generated $45.6k in one-time revenue in May (3 transactions), compared to none in April, accounting for the majority of the month's growth."", ""title"": ""Structured Products $45.6k""}, {""cause_id"": ""TIMING"", ""data_source"": ""REAL"", ""direction"": ""DOWN"", ""driver_id"": ""SMPL003|202604|202605|alternative_investments|TIMING|1"", ""group_id"": ""alternative_investments"", ""text"": ""Alternative Investments declined ($8.6k) due to quarterly billing timing, with revenue recognized in April but not in May."", ""title"": ""Alternative Investments ($8.6k)""}, {""cause_id"": ""LOST_ACCOUNT"", ""data_source"": ""REAL"", ""direction"": ""DOWN"", ""driver_id"": ""SMPL003|202604|202605|unified_managed_account|LOST_ACCOUNT|1"", ""group_id"": ""unified_managed_account"", ""text"": ""Unified Managed Account revenue fell ($7.8k) following the loss of account SMPLACCT-3104."", ""title"": ""Unified Managed Account ($7.8k)""}, {""cause_id"": ""LOST_ACCOUNT"", ""data_source"": ""REAL"", ""direction"": ""DOWN"", ""driver_id"": ""SMPL003|202604|202605|annuities|LOST_ACCOUNT|1"", ""group_id"": ""annuities"", ""text"": ""Annuities revenue declined ($7.4k) from the same account closure."", ""title"": ""Annuities ($7.4k)""}, {""cause_id"": ""BILLABLE_DAYS"", ""data_source"": ""DERIVED"", ""direction"": ""DOWN"", ""driver_id"": ""SMPL003|202604|202605|unified_managed_account|BILLABLE_DAYS|2"", ""group_id"": ""unified_managed_account"", ""text"": ""Unified Managed Account experienced a minor ($1.0k) decline attributable to one fewer billable day in May (21 days versus 22 days in April)."", ""title"": ""Unified Managed Account ($1.0k)""}]",BLOCKED,no_invented_figures: figures not present in the driver set: ['3104'],DERIVED
v3|SMPL003|202605|202606,v3,SMPL003,202605,202606,"▼ ($32,103)  (39.9%)","Revenue declined significantly from May to June 2026, falling ($32,103) or (39.9%) to $48,412. This sharp contraction was primarily driven by the absence of one-time Structured Products revenue that had contributed substantially in the prior month. This decline was partially offset by positive contributions from Alternative Investments timing, a new Unified Managed Account, and a slight benefit from additional billable days, though these gains were constrained by expanded discounting in the Unified Managed Account product line.","[{""cause_id"": ""ONE_TIME"", ""data_source"": ""REAL"", ""direction"": ""DOWN"", ""driver_id"": ""SMPL003|202605|202606|structured_products|ONE_TIME|1"", ""group_id"": ""structured_products"", ""text"": ""Structured Products revenue fell ($45.6k) as one-time transactions that generated $45,600 in May did not recur in June."", ""title"": ""Structured Products ($45.6k)""}, {""cause_id"": ""TIMING"", ""data_source"": ""REAL"", ""direction"": ""UP"", ""driver_id"": ""SMPL003|202605|202606|alternative_investments|TIMING|1"", ""group_id"": ""alternative_investments"", ""text"": ""Alternative Investments revenue increased $8.6k due to quarterly billing timing that fell in June rather than May."", ""title"": ""Alternative Investments $8.6k""}, {""cause_id"": ""NEW_ACCOUNT"", ""data_source"": ""REAL"", ""direction"": ""UP"", ""driver_id"": ""SMPL003|202605|202606|unified_managed_account|NEW_ACCOUNT|1"", ""group_id"": ""unified_managed_account"", ""text"": ""A newly opened Unified Managed Account contributed $5.2k in revenue for the month."", ""title"": ""Unified Managed Account $5.2k""}, {""cause_id"": ""DISCOUNT"", ""data_source"": ""REAL"", ""direction"": ""DOWN"", ""driver_id"": ""SMPL003|202605|202606|unified_managed_account|DISCOUNT|2"", ""group_id"": ""unified_managed_account"", ""text"": ""Discounting on Unified Managed Account relationships expanded by ($1.8k), reflecting two discount arrangements in June compared to none in May."", ""title"": ""Unified Managed Account ($1.8k)""}, {""cause_id"": ""BILLABLE_DAYS"", ""data_source"": ""DERIVED"", ""direction"": ""UP"", ""driver_id"": ""SMPL003|202605|202606|unified_managed_account|BILLABLE_DAYS|3"", ""group_id"": ""unified_managed_account"", ""text"": ""One additional billable day in June generated $1.0k of incremental Unified Managed Account revenue."", ""title"": ""Unified Managed Account $1.0k""}]",PUBLISHED,,DERIVED
v4|SMPL001|202604|202605,v4,SMPL001,202604,202605,"▲ $21,363  48.8%","Revenue increased $21,363, or 48.8%, from $43,820 in April 2026 to $65,182 in May 2026. This growth was driven primarily by a one-time spike in Structured Products, which more than offset declines across Alternative Investments, Unified Managed Account, and Equities.","[{""cause_id"": ""ONE_TIME"", ""data_source"": ""REAL"", ""direction"": ""UP"", ""driver_id"": ""SMPL001|202604|202605|structured_products|ONE_TIME|1"", ""group_id"": ""structured_products"", ""text"": ""Structured Products generated $36.6k in one-time revenue in May, compared to none in April, representing 3 transactions."", ""title"": ""Structured Products $36.6k""}, {""cause_id"": ""TIMING"", ""data_source"": ""REAL"", ""direction"": ""DOWN"", ""driver_id"": ""SMPL001|202604|202605|alternative_investments|TIMING|1"", ""group_id"": ""alternative_investments"", ""text"": ""Alternative Investments declined ($7.0k) due to the quarterly billing cycle, with no revenue recognized in May versus $7.0k in April."", ""title"": ""Alternative Investments ($7.0k)""}, {""cause_id"": ""LOST_ACCOUNT"", ""data_source"": ""REAL"", ""direction"": ""DOWN"", ""driver_id"": ""SMPL001|202604|202605|unified_managed_account|LOST_ACCOUNT|1"", ""group_id"": ""unified_managed_account"", ""text"": ""Unified Managed Account lost ($6.4k) from the departure of one client account that had contributed $6.4k in April."", ""title"": ""Unified Managed Account ($6.4k)""}, {""cause_id"": ""BILLABLE_DAYS"", ""data_source"": ""DERIVED"", ""direction"": ""DOWN"", ""driver_id"": ""SMPL001|202604|202605|unified_managed_account|BILLABLE_DAYS|2"", ""group_id"": ""unified_managed_account"", ""text"": ""Unified Managed Account revenue declined ($0.8k) due to one fewer billable day in May (21 days versus 22 days)."", ""title"": ""Unified Managed Account ($0.8k)""}, {""cause_id"": ""VOLUME"", ""data_source"": ""REAL"", ""direction"": ""DOWN"", ""driver_id"": ""SMPL001|202604|202605|equities|VOLUME|1"", ""group_id"": ""equities"", ""text"": ""Equities fell ($0.4k) as transaction count dropped from 8 to 5."", ""title"": ""Equities ($0.4k)""}]",PUBLISHED,,DERIVED
v4|SMPL001|202605|202606,v4,SMPL001,202605,202606,"▼ ($23,455)  (36.0%)","Revenue declined significantly from May to June 2026, falling ($23,455) or (36.0%) to $41,727. The primary driver was a substantial one-time decline in Structured Products, which alone accounted for ($36.6k) of the decrease. This was partially offset by four positive contributors: a timing rebound in Alternative Investments, the addition of a new Unified Managed Account, an increase in billable days within the Unified Managed Account product group, and modest transaction volume growth in Equities.","[{""cause_id"": ""ONE_TIME"", ""data_source"": ""REAL"", ""direction"": ""DOWN"", ""driver_id"": ""SMPL001|202605|202606|structured_products|ONE_TIME|1"", ""group_id"": ""structured_products"", ""text"": ""Structured Products revenue fell ($36.6k) due to the absence of one-time transactions that generated $36.6k in May (three transactions)."", ""title"": ""Structured Products ($36.6k)""}, {""cause_id"": ""TIMING"", ""data_source"": ""REAL"", ""direction"": ""UP"", ""driver_id"": ""SMPL001|202605|202606|alternative_investments|TIMING|1"", ""group_id"": ""alternative_investments"", ""text"": ""Alternative Investments contributed $7.0k of uplift as quarterly billing fell within June rather than May."", ""title"": ""Alternative Investments $7.0k""}, {""cause_id"": ""NEW_ACCOUNT"", ""data_source"": ""REAL"", ""direction"": ""UP"", ""driver_id"": ""SMPL001|202605|202606|unified_managed_account|NEW_ACCOUNT|1"", ""group_id"": ""unified_managed_account"", ""text"": ""A new Unified Managed Account (SMPLACCT-1109) added $4.5k in June revenue."", ""title"": ""Unified Managed Account $4.5k""}, {""cause_id"": ""BILLABLE_DAYS"", ""data_source"": ""DERIVED"", ""direction"": ""UP"", ""driver_id"": ""SMPL001|202605|202606|unified_managed_account|BILLABLE_DAYS|2"", ""group_id"": ""unified_managed_account"", ""text"": ""Unified Managed Account revenue increased by $0.8k due to one additional billable day in June (22 days versus 21)."", ""title"": ""Unified Managed Account $0.8k""}, {""cause_id"": ""VOLUME"", ""data_source"": ""REAL"", ""direction"": ""UP"", ""driver_id"": ""SMPL001|202605|202606|equities|VOLUME|1"", ""group_id"": ""equities"", ""text"": ""Equities transaction volume grew from 5 to 11 transactions, generating an additional $0.7k in revenue."", ""title"": ""Equities $0.7k""}]",BLOCKED,no_invented_figures: figures not present in the driver set: ['1109'],DERIVED
v4|SMPL002|202604|202605,v4,SMPL002,202604,202605,"▲ $24,265  49.9%","Revenue increased $24,265, or 49.9%, from $48,621 in April 2026 to $72,886 in May 2026. This growth was driven primarily by a significant one-time contribution in Structured Products, which more than offset declines across multiple product lines including timing shifts in Alternative Investments, a lost account in Unified Managed Account, reduced billable days, and lower trading volume in Equities.","[{""cause_id"": ""ONE_TIME"", ""data_source"": ""REAL"", ""direction"": ""UP"", ""driver_id"": ""SMPL002|202604|202605|structured_products|ONE_TIME|1"", ""group_id"": ""structured_products"", ""text"": ""Structured Products revenue rose $41.1k due to one-time activity, representing 3 transactions that did not occur in the prior month."", ""title"": ""Structured Products $41.1k""}, {""cause_id"": ""TIMING"", ""data_source"": ""REAL"", ""direction"": ""DOWN"", ""driver_id"": ""SMPL002|202604|202605|alternative_investments|TIMING|1"", ""group_id"": ""alternative_investments"", ""text"": ""Alternative Investments declined ($7.8k) as quarterly billing fell outside the current month, a timing-driven reduction."", ""title"": ""Alternative Investments ($7.8k)""}, {""cause_id"": ""LOST_ACCOUNT"", ""data_source"": ""REAL"", ""direction"": ""DOWN"", ""driver_id"": ""SMPL002|202604|202605|unified_managed_account|LOST_ACCOUNT|1"", ""group_id"": ""unified_managed_account"", ""text"": ""Unified Managed Account revenue fell ($7.1k) following the loss of one client account that had contributed revenue in April."", ""title"": ""Unified Managed Account ($7.1k)""}, {""cause_id"": ""BILLABLE_DAYS"", ""data_source"": ""DERIVED"", ""direction"": ""DOWN"", ""driver_id"": ""SMPL002|202604|202605|unified_managed_account|BILLABLE_DAYS|2"", ""group_id"": ""unified_managed_account"", ""text"": ""Unified Managed Account was further pressured by ($0.9k) due to one fewer billable day in May compared to April."", ""title"": ""Unified Managed Account ($0.9k)""}, {""cause_id"": ""VOLUME"", ""data_source"": ""REAL"", ""direction"": ""DOWN"", ""driver_id"": ""SMPL002|202604|202605|equities|VOLUME|1"", ""group_id"": ""equities"", ""text"": ""Equities revenue declined ($0.4k) as transaction volume decreased from 10 to 7 trades month-over-month."", ""title"": ""Equities ($0.4k)""}]",PUBLISHED,,DERIVED
v4|SMPL002|202605|202606,v4,SMPL002,202605,202606,"▼ ($25,356)  (34.8%)","Revenue declined (34.8%) from $72,886 in May 2026 to $47,530 in June 2026, a decrease of ($25,356). The primary driver was a significant one-time revenue drop in Structured Products, which was partially offset by positive contributions from Alternative Investments timing, new account activity in Unified Managed Account, and modest rate and calendar improvements in that same product line.","[{""cause_id"": ""ONE_TIME"", ""data_source"": ""REAL"", ""direction"": ""DOWN"", ""driver_id"": ""SMPL002|202605|202606|structured_products|ONE_TIME|1"", ""group_id"": ""structured_products"", ""text"": ""Structured Products one-time revenue declined by ($41.1k) as three transactions in May did not recur in June."", ""title"": ""Structured Products ($41.1k)""}, {""cause_id"": ""TIMING"", ""data_source"": ""REAL"", ""direction"": ""UP"", ""driver_id"": ""SMPL002|202605|202606|alternative_investments|TIMING|1"", ""group_id"": ""alternative_investments"", ""text"": ""Alternative Investments revenue increased by $7.8k due to quarterly billing recognition falling in June rather than May."", ""title"": ""Alternative Investments $7.8k""}, {""cause_id"": ""NEW_ACCOUNT"", ""data_source"": ""REAL"", ""direction"": ""UP"", ""driver_id"": ""SMPL002|202605|202606|unified_managed_account|NEW_ACCOUNT|1"", ""group_id"": ""unified_managed_account"", ""text"": ""Unified Managed Account added $4.8k from one new account that began contributing in June."", ""title"": ""Unified Managed Account $4.8k""}, {""cause_id"": ""FEE_RATE"", ""data_source"": ""REAL"", ""direction"": ""UP"", ""driver_id"": ""SMPL002|202605|202606|unified_managed_account|FEE_RATE|2"", ""group_id"": ""unified_managed_account"", ""text"": ""Unified Managed Account fee rates increased by $1.4k, reflecting a rise in average billing rate from 82.0 basis points to 88.0 basis points."", ""title"": ""Unified Managed Account $1.4k""}, {""cause_id"": ""BILLABLE_DAYS"", ""data_source"": ""DERIVED"", ""direction"": ""UP"", ""driver_id"": ""SMPL002|202605|202606|unified_managed_account|BILLABLE_DAYS|3"", ""group_id"": ""unified_managed_account"", ""text"": ""Unified Managed Account revenue benefited by $0.9k from an additional billable day in June (22 days versus 21 days in May)."", ""title"": ""Unified Managed Account $0.9k""}]",PUBLISHED,,DERIVED
v4|SMPL003|202604|202605,v4,SMPL003,202604,202605,"▲ $19,750  32.5%","Revenue increased $19,750, or 32.5%, from $60,765 in April 2026 to $80,515 in May 2026. This growth was primarily driven by a significant one-time contribution from Structured Products, which more than offset declines across Alternative Investments, Unified Managed Account, and Annuities tied to timing shifts and account losses.","[{""cause_id"": ""ONE_TIME"", ""data_source"": ""REAL"", ""direction"": ""UP"", ""driver_id"": ""SMPL003|202604|202605|structured_products|ONE_TIME|1"", ""group_id"": ""structured_products"", ""text"": ""Structured Products generated $45.6k in one-time revenue in May, up from zero in April, representing 3 transactions."", ""title"": ""Structured Products $45.6k""}, {""cause_id"": ""TIMING"", ""data_source"": ""REAL"", ""direction"": ""DOWN"", ""driver_id"": ""SMPL003|202604|202605|alternative_investments|TIMING|1"", ""group_id"": ""alternative_investments"", ""text"": ""Alternative Investments declined ($8.6k) due to quarterly billing timing, as revenue recognized in April did not recur in May."", ""title"": ""Alternative Investments ($8.6k)""}, {""cause_id"": ""LOST_ACCOUNT"", ""data_source"": ""REAL"", ""direction"": ""DOWN"", ""driver_id"": ""SMPL003|202604|202605|unified_managed_account|LOST_ACCOUNT|1"", ""group_id"": ""unified_managed_account"", ""text"": ""Unified Managed Account revenue fell ($7.8k) following the loss of account SMPLACCT-3104."", ""title"": ""Unified Managed Account ($7.8k)""}, {""cause_id"": ""LOST_ACCOUNT"", ""data_source"": ""REAL"", ""direction"": ""DOWN"", ""driver_id"": ""SMPL003|202604|202605|annuities|LOST_ACCOUNT|1"", ""group_id"": ""annuities"", ""text"": ""Annuities revenue declined ($7.4k) due to the same account loss."", ""title"": ""Annuities ($7.4k)""}, {""cause_id"": ""BILLABLE_DAYS"", ""data_source"": ""DERIVED"", ""direction"": ""DOWN"", ""driver_id"": ""SMPL003|202604|202605|unified_managed_account|BILLABLE_DAYS|2"", ""group_id"": ""unified_managed_account"", ""text"": ""Unified Managed Account experienced a ($1.0k) headwind from one fewer billable day in May compared to April."", ""title"": ""Unified Managed Account ($1.0k)""}]",BLOCKED,no_invented_figures: figures not present in the driver set: ['3104'],DERIVED
v4|SMPL003|202605|202606,v4,SMPL003,202605,202606,"▼ ($32,103)  (39.9%)","Revenue declined significantly from May to June 2026, falling from $80,515 to $48,412, a decrease of ($32,103) or (39.9%). This sharp contraction was primarily driven by the absence of one-time Structured Products revenue that had contributed substantially in the prior month. Partially offsetting this decline were new activity in Alternative Investments due to quarterly billing timing, the addition of a new Unified Managed Account, and a modest benefit from increased billable days, though these gains were tempered by expanded discounting in the Unified Managed Account portfolio.","[{""cause_id"": ""ONE_TIME"", ""data_source"": ""REAL"", ""direction"": ""DOWN"", ""driver_id"": ""SMPL003|202605|202606|structured_products|ONE_TIME|1"", ""group_id"": ""structured_products"", ""text"": ""Structured Products one-time revenue fell by ($45.6k) as no transactions closed in June compared to three transactions generating $45.6k in May."", ""title"": ""Structured Products ($45.6k)""}, {""cause_id"": ""TIMING"", ""data_source"": ""REAL"", ""direction"": ""UP"", ""driver_id"": ""SMPL003|202605|202606|alternative_investments|TIMING|1"", ""group_id"": ""alternative_investments"", ""text"": ""Alternative Investments revenue increased by $8.6k, reflecting the monthly impact of quarterly billing that fell in June but not in May."", ""title"": ""Alternative Investments $8.6k""}, {""cause_id"": ""NEW_ACCOUNT"", ""data_source"": ""REAL"", ""direction"": ""UP"", ""driver_id"": ""SMPL003|202605|202606|unified_managed_account|NEW_ACCOUNT|1"", ""group_id"": ""unified_managed_account"", ""text"": ""A new Unified Managed Account contributed $5.2k in revenue during the month."", ""title"": ""Unified Managed Account $5.2k""}, {""cause_id"": ""DISCOUNT"", ""data_source"": ""REAL"", ""direction"": ""DOWN"", ""driver_id"": ""SMPL003|202605|202606|unified_managed_account|DISCOUNT|2"", ""group_id"": ""unified_managed_account"", ""text"": ""Unified Managed Account discounting expanded from zero to two accounts, reducing revenue by ($1.8k)."", ""title"": ""Unified Managed Account ($1.8k)""}, {""cause_id"": ""BILLABLE_DAYS"", ""data_source"": ""DERIVED"", ""direction"": ""UP"", ""driver_id"": ""SMPL003|202605|202606|unified_managed_account|BILLABLE_DAYS|3"", ""group_id"": ""unified_managed_account"", ""text"": ""Unified Managed Account revenue benefited by $1.0k from one additional billable day in June relative to May."", ""title"": ""Unified Managed Account $1.0k""}]",PUBLISHED,,DERIVED
v5|SMPL001|202604|202605,v5,SMPL001,202604,202605,"▲ $21,363  48.8%","Revenue grew $21,363, or 48.8%, from $43,820 in April 2026 to $65,182 in May 2026. This expansion was driven primarily by a substantial one-time contribution from Structured Products, which more than offset headwinds across Alternative Investments, Unified Managed Account, and Equities.","[{""cause_id"": ""ONE_TIME"", ""data_source"": ""REAL"", ""direction"": ""UP"", ""driver_id"": ""SMPL001|202604|202605|structured_products|ONE_TIME|1"", ""group_id"": ""structured_products"", ""text"": ""Structured Products generated $36.6k in one-time revenue in May, compared to none in April, representing 3 transactions."", ""title"": ""Structured Products $36.6k""}, {""cause_id"": ""TIMING"", ""data_source"": ""REAL"", ""direction"": ""DOWN"", ""driver_id"": ""SMPL001|202604|202605|alternative_investments|TIMING|1"", ""group_id"": ""alternative_investments"", ""text"": ""Alternative Investments declined ($7.0k) due to quarterly billing timing, with no revenue recognized in May versus $7.0k in April."", ""title"": ""Alternative Investments ($7.0k)""}, {""cause_id"": ""LOST_ACCOUNT"", ""data_source"": ""REAL"", ""direction"": ""DOWN"", ""driver_id"": ""SMPL001|202604|202605|unified_managed_account|LOST_ACCOUNT|1"", ""group_id"": ""unified_managed_account"", ""text"": ""Unified Managed Account revenue fell ($6.4k) following the loss of one account that had contributed $6.4k in April."", ""title"": ""Unified Managed Account ($6.4k)""}, {""cause_id"": ""BILLABLE_DAYS"", ""data_source"": ""DERIVED"", ""direction"": ""DOWN"", ""driver_id"": ""SMPL001|202604|202605|unified_managed_account|BILLABLE_DAYS|2"", ""group_id"": ""unified_managed_account"", ""text"": ""Unified Managed Account was further pressured by ($0.8k) due to one fewer billable day in May (21 days) compared to April (22 days)."", ""title"": ""Unified Managed Account ($0.8k)""}, {""cause_id"": ""VOLUME"", ""data_source"": ""REAL"", ""direction"": ""DOWN"", ""driver_id"": ""SMPL001|202604|202605|equities|VOLUME|1"", ""group_id"": ""equities"", ""text"": ""Equities revenue declined ($0.4k) as transaction volume decreased from 8 to 5 transactions month-over-month."", ""title"": ""Equities ($0.4k)""}]",PUBLISHED,,DERIVED
v5|SMPL001|202605|202606,v5,SMPL001,202605,202606,"▼ ($23,455)  (36.0%)","Revenue declined substantially from May to June 2026, falling from $65,182 to $41,727, a decrease of ($23,455) or (36.0%). The primary driver was a significant one-time event in Structured Products that did not recur in June, largely offset by positive contributions from timing-driven billing in Alternative Investments, a newly opened Unified Managed Account, additional billable days in Unified Managed Account, and higher transaction volume in Equities.","[{""cause_id"": ""ONE_TIME"", ""data_source"": ""REAL"", ""direction"": ""DOWN"", ""driver_id"": ""SMPL001|202605|202606|structured_products|ONE_TIME|1"", ""group_id"": ""structured_products"", ""text"": ""Structured Products revenue fell ($36.6k) due to the absence of one-time transactions that had generated three sales in May."", ""title"": ""Structured Products ($36.6k)""}, {""cause_id"": ""TIMING"", ""data_source"": ""REAL"", ""direction"": ""UP"", ""driver_id"": ""SMPL001|202605|202606|alternative_investments|TIMING|1"", ""group_id"": ""alternative_investments"", ""text"": ""Alternative Investments contributed $7.0k in June from quarterly billing that fell in this month only."", ""title"": ""Alternative Investments $7.0k""}, {""cause_id"": ""NEW_ACCOUNT"", ""data_source"": ""REAL"", ""direction"": ""UP"", ""driver_id"": ""SMPL001|202605|202606|unified_managed_account|NEW_ACCOUNT|1"", ""group_id"": ""unified_managed_account"", ""text"": ""A new Unified Managed Account opened in June, generating $4.5k in credited revenue."", ""title"": ""Unified Managed Account $4.5k""}, {""cause_id"": ""BILLABLE_DAYS"", ""data_source"": ""DERIVED"", ""direction"": ""UP"", ""driver_id"": ""SMPL001|202605|202606|unified_managed_account|BILLABLE_DAYS|2"", ""group_id"": ""unified_managed_account"", ""text"": ""Unified Managed Account revenue grew $0.8k as the result of one additional billable day in June compared to May."", ""title"": ""Unified Managed Account $0.8k""}, {""cause_id"": ""VOLUME"", ""data_source"": ""REAL"", ""direction"": ""UP"", ""driver_id"": ""SMPL001|202605|202606|equities|VOLUME|1"", ""group_id"": ""equities"", ""text"": ""Equities volume increased $0.7k, driven by six additional transactions in June relative to May."", ""title"": ""Equities $0.7k""}]",PUBLISHED,,DERIVED
v5|SMPL002|202604|202605,v5,SMPL002,202604,202605,"▲ $24,265  49.9%","Revenue increased $24,265, or 49.9%, from $48,621 in April 2026 to $72,886 in May 2026. This growth was driven primarily by a one-time contribution in Structured Products that more than offset declines across multiple product lines, including a timing-related decrease in Alternative Investments, an account loss in Unified Managed Account, a reduction in billable days, and lower trading volume in Equities.","[{""cause_id"": ""ONE_TIME"", ""data_source"": ""REAL"", ""direction"": ""UP"", ""driver_id"": ""SMPL002|202604|202605|structured_products|ONE_TIME|1"", ""group_id"": ""structured_products"", ""text"": ""Structured Products generated $41.1k in one-time revenue during May (3 transactions), compared to none in April."", ""title"": ""Structured Products $41.1k""}, {""cause_id"": ""TIMING"", ""data_source"": ""REAL"", ""direction"": ""DOWN"", ""driver_id"": ""SMPL002|202604|202605|alternative_investments|TIMING|1"", ""group_id"": ""alternative_investments"", ""text"": ""Alternative Investments declined by ($7.8k) due to quarterly billing timing, with revenue recognized in April but not in May."", ""title"": ""Alternative Investments ($7.8k)""}, {""cause_id"": ""LOST_ACCOUNT"", ""data_source"": ""REAL"", ""direction"": ""DOWN"", ""driver_id"": ""SMPL002|202604|202605|unified_managed_account|LOST_ACCOUNT|1"", ""group_id"": ""unified_managed_account"", ""text"": ""A Unified Managed Account was lost, resulting in a ($7.1k) revenue reduction that contributed in April but not May."", ""title"": ""Unified Managed Account ($7.1k)""}, {""cause_id"": ""BILLABLE_DAYS"", ""data_source"": ""DERIVED"", ""direction"": ""DOWN"", ""driver_id"": ""SMPL002|202604|202605|unified_managed_account|BILLABLE_DAYS|2"", ""group_id"": ""unified_managed_account"", ""text"": ""Unified Managed Account revenue decreased by ($0.9k) due to one fewer billable day in May (21 days) compared to April (22 days)."", ""title"": ""Unified Managed Account ($0.9k)""}, {""cause_id"": ""VOLUME"", ""data_source"": ""REAL"", ""direction"": ""DOWN"", ""driver_id"": ""SMPL002|202604|202605|equities|VOLUME|1"", ""group_id"": ""equities"", ""text"": ""Equities revenue fell by ($0.4k) as transaction count declined from 10 to 7 in the month."", ""title"": ""Equities ($0.4k)""}]",PUBLISHED,,DERIVED
v5|SMPL002|202605|202606,v5,SMPL002,202605,202606,"▼ ($25,356)  (34.8%)","Revenue declined ($25,356) or (34.8%) from May to June 2026, falling from $72,886 to $47,530. The primary driver was a one-time event in Structured Products that did not recur, largely offset by modest gains across Alternative Investments (from quarterly billing timing), new account activity in Unified Managed Account, and incremental increases from higher fee rates and additional billable days.","[{""cause_id"": ""ONE_TIME"", ""data_source"": ""REAL"", ""direction"": ""DOWN"", ""driver_id"": ""SMPL002|202605|202606|structured_products|ONE_TIME|1"", ""group_id"": ""structured_products"", ""text"": ""Structured Products revenue contracted by ($41.1k) as a one-time transaction recorded in May did not repeat in June."", ""title"": ""Structured Products ($41.1k)""}, {""cause_id"": ""TIMING"", ""data_source"": ""REAL"", ""direction"": ""UP"", ""driver_id"": ""SMPL002|202605|202606|alternative_investments|TIMING|1"", ""group_id"": ""alternative_investments"", ""text"": ""Alternative Investments contributed $7.8k due to quarterly billing that fell within June rather than May."", ""title"": ""Alternative Investments $7.8k""}, {""cause_id"": ""NEW_ACCOUNT"", ""data_source"": ""REAL"", ""direction"": ""UP"", ""driver_id"": ""SMPL002|202605|202606|unified_managed_account|NEW_ACCOUNT|1"", ""group_id"": ""unified_managed_account"", ""text"": ""A new Unified Managed Account added $4.8k in revenue from one new account onboarded during the month."", ""title"": ""Unified Managed Account $4.8k""}, {""cause_id"": ""FEE_RATE"", ""data_source"": ""REAL"", ""direction"": ""UP"", ""driver_id"": ""SMPL002|202605|202606|unified_managed_account|FEE_RATE|2"", ""group_id"": ""unified_managed_account"", ""text"": ""Unified Managed Account fee rates increased from 82.0 to 88.0 basis points, contributing $1.4k in additional revenue."", ""title"": ""Unified Managed Account $1.4k""}, {""cause_id"": ""BILLABLE_DAYS"", ""data_source"": ""DERIVED"", ""direction"": ""UP"", ""driver_id"": ""SMPL002|202605|202606|unified_managed_account|BILLABLE_DAYS|3"", ""group_id"": ""unified_managed_account"", ""text"": ""One additional billable day in June (22 days versus 21 days in May) added $0.9k to Unified Managed Account revenue."", ""title"": ""Unified Managed Account $0.9k""}]",PUBLISHED,,DERIVED
v5|SMPL003|202604|202605,v5,SMPL003,202604,202605,"▲ $19,750  32.5%","Revenue increased $19,750, or 32.5%, from $60,765 in April 2026 to $80,515 in May 2026. Growth was driven primarily by a substantial one-time contribution from Structured Products, which was partially offset by timing-related declines in Alternative Investments, the loss of a key account spanning Unified Managed Account and Annuities, and a minor reduction from fewer billable days in Unified Managed Account.","[{""cause_id"": ""ONE_TIME"", ""data_source"": ""REAL"", ""direction"": ""UP"", ""driver_id"": ""SMPL003|202604|202605|structured_products|ONE_TIME|1"", ""group_id"": ""structured_products"", ""text"": ""Structured Products generated $45.6k in new one-time revenue across 3 transactions in May, compared to none in April."", ""title"": ""Structured Products $45.6k""}, {""cause_id"": ""TIMING"", ""data_source"": ""REAL"", ""direction"": ""DOWN"", ""driver_id"": ""SMPL003|202604|202605|alternative_investments|TIMING|1"", ""group_id"": ""alternative_investments"", ""text"": ""Alternative Investments declined ($8.6k) due to quarterly billing that occurred in April but not in May."", ""title"": ""Alternative Investments ($8.6k)""}, {""cause_id"": ""LOST_ACCOUNT"", ""data_source"": ""REAL"", ""direction"": ""DOWN"", ""driver_id"": ""SMPL003|202604|202605|unified_managed_account|LOST_ACCOUNT|1"", ""group_id"": ""unified_managed_account"", ""text"": ""Unified Managed Account revenue decreased ($7.8k) following the loss of account SMPLACCT-3104."", ""title"": ""Unified Managed Account ($7.8k)""}, {""cause_id"": ""LOST_ACCOUNT"", ""data_source"": ""REAL"", ""direction"": ""DOWN"", ""driver_id"": ""SMPL003|202604|202605|annuities|LOST_ACCOUNT|1"", ""group_id"": ""annuities"", ""text"": ""Annuities revenue decreased ($7.4k) due to the same account loss."", ""title"": ""Annuities ($7.4k)""}, {""cause_id"": ""BILLABLE_DAYS"", ""data_source"": ""DERIVED"", ""direction"": ""DOWN"", ""driver_id"": ""SMPL003|202604|202605|unified_managed_account|BILLABLE_DAYS|2"", ""group_id"": ""unified_managed_account"", ""text"": ""Unified Managed Account revenue was reduced by ($1.0k) as a result of one fewer billable day in May compared to April."", ""title"": ""Unified Managed Account ($1.0k)""}]",PUBLISHED,,DERIVED
v5|SMPL003|202605|202606,v5,SMPL003,202605,202606,"▼ ($32,103)  (39.9%)","Revenue declined (39.9%) from $80,515 in May 2026 to $48,412 in June 2026, a decrease of ($32,103). The primary driver was a significant one-time revenue item in Structured Products that did not recur, which was partially offset by timing-related revenue recognition in Alternative Investments, new account activity in Unified Managed Account, and a small benefit from additional billable days, though these gains were partially negated by expanded discounting.","[{""cause_id"": ""ONE_TIME"", ""data_source"": ""REAL"", ""direction"": ""DOWN"", ""driver_id"": ""SMPL003|202605|202606|structured_products|ONE_TIME|1"", ""group_id"": ""structured_products"", ""text"": ""Structured Products revenue fell ($45.6k) due to the absence of one-time business that contributed $45,600 in May (3 transactions) but did not occur in June."", ""title"": ""Structured Products ($45.6k)""}, {""cause_id"": ""TIMING"", ""data_source"": ""REAL"", ""direction"": ""UP"", ""driver_id"": ""SMPL003|202605|202606|alternative_investments|TIMING|1"", ""group_id"": ""alternative_investments"", ""text"": ""Alternative Investments revenue increased $8.6k from quarterly billing that fell within the June period only."", ""title"": ""Alternative Investments $8.6k""}, {""cause_id"": ""NEW_ACCOUNT"", ""data_source"": ""REAL"", ""direction"": ""UP"", ""driver_id"": ""SMPL003|202605|202606|unified_managed_account|NEW_ACCOUNT|1"", ""group_id"": ""unified_managed_account"", ""text"": ""Unified Managed Account revenue grew $5.2k from one new account (SMPLACCT-3109) that began contributing in June."", ""title"": ""Unified Managed Account $5.2k""}, {""cause_id"": ""DISCOUNT"", ""data_source"": ""REAL"", ""direction"": ""DOWN"", ""driver_id"": ""SMPL003|202605|202606|unified_managed_account|DISCOUNT|2"", ""group_id"": ""unified_managed_account"", ""text"": ""Unified Managed Account revenue decreased ($1.8k) as discounting expanded from zero rows in May to 2 discount rows in June."", ""title"": ""Unified Managed Account ($1.8k)""}, {""cause_id"": ""BILLABLE_DAYS"", ""data_source"": ""DERIVED"", ""direction"": ""UP"", ""driver_id"": ""SMPL003|202605|202606|unified_managed_account|BILLABLE_DAYS|3"", ""group_id"": ""unified_managed_account"", ""text"": ""Unified Managed Account revenue benefited $1.0k from one additional billable day in June (22 days versus 21 days in May)."", ""title"": ""Unified Managed Account $1.0k""}]",PUBLISHED,,DERIVED
v6|SMPL001|202604|202605,v6,SMPL001,202604,202605,"▲ $21,363  48.8%","Revenue increased $21,363, or 48.8%, from $43,820 in April 2026 to $65,182 in May 2026. This substantial growth was driven primarily by a one-time event in Structured Products that more than offset declines across Alternative Investments, Unified Managed Account, and Equities.","[{""cause_id"": ""ONE_TIME"", ""data_source"": ""REAL"", ""direction"": ""UP"", ""driver_id"": ""SMPL001|202604|202605|structured_products|ONE_TIME|1"", ""group_id"": ""structured_products"", ""text"": ""Structured Products revenue jumped $36.6k due to three one-time transactions in May, which had no equivalent activity in April."", ""title"": ""Structured Products $36.6k""}, {""cause_id"": ""TIMING"", ""data_source"": ""REAL"", ""direction"": ""DOWN"", ""driver_id"": ""SMPL001|202604|202605|alternative_investments|TIMING|1"", ""group_id"": ""alternative_investments"", ""text"": ""Alternative Investments declined ($7.0k) as quarterly billing that occurred in April did not repeat in May."", ""title"": ""Alternative Investments ($7.0k)""}, {""cause_id"": ""LOST_ACCOUNT"", ""data_source"": ""REAL"", ""direction"": ""DOWN"", ""driver_id"": ""SMPL001|202604|202605|unified_managed_account|LOST_ACCOUNT|1"", ""group_id"": ""unified_managed_account"", ""text"": ""Unified Managed Account revenue fell ($6.4k) following the loss of one account that had contributed $6,420 in April."", ""title"": ""Unified Managed Account ($6.4k)""}, {""cause_id"": ""BILLABLE_DAYS"", ""data_source"": ""DERIVED"", ""direction"": ""DOWN"", ""driver_id"": ""SMPL001|202604|202605|unified_managed_account|BILLABLE_DAYS|2"", ""group_id"": ""unified_managed_account"", ""text"": ""Unified Managed Account revenue decreased ($0.8k) due to one fewer billable day in May compared to April."", ""title"": ""Unified Managed Account ($0.8k)""}, {""cause_id"": ""VOLUME"", ""data_source"": ""REAL"", ""direction"": ""DOWN"", ""driver_id"": ""SMPL001|202604|202605|equities|VOLUME|1"", ""group_id"": ""equities"", ""text"": ""Equities revenue decreased ($0.4k) as transaction volume declined from 8 to 5 transactions month-over-month."", ""title"": ""Equities ($0.4k)""}]",PUBLISHED,,DERIVED
v6|SMPL001|202605|202606,v6,SMPL001,202605,202606,"▼ ($29,745)  (45.6%)","Revenue declined (45.6%) from $65,182 in May 2026 to $35,437 in June 2026, a decrease of ($29,745). The decline was driven primarily by a one-time event in Structured Products that did not recur, which was partially offset by new account activity and timing-related gains in Alternative Investments and Unified Managed Account.","[{""cause_id"": ""ONE_TIME"", ""data_source"": ""REAL"", ""direction"": ""DOWN"", ""driver_id"": ""SMPL001|202605|202606|structured_products|ONE_TIME|1"", ""group_id"": ""structured_products"", ""text"": ""Structured Products revenue fell ($36.6k) due to the absence of one-time transactions that contributed $36,600 in May."", ""title"": ""Structured Products ($36.6k)""}, {""cause_id"": ""TIMING"", ""data_source"": ""REAL"", ""direction"": ""UP"", ""driver_id"": ""SMPL001|202605|202606|alternative_investments|TIMING|1"", ""group_id"": ""alternative_investments"", ""text"": ""Alternative Investments added $7.0k as quarterly billing aligned with June."", ""title"": ""Alternative Investments $7.0k""}, {""cause_id"": ""ELIGIBILITY"", ""data_source"": ""REAL"", ""direction"": ""DOWN"", ""driver_id"": ""SMPL001|202605|202606|unified_managed_account|ELIGIBILITY|1"", ""group_id"": ""unified_managed_account"", ""text"": ""Unified Managed Account revenue declined ($6.3k) as $6,290 in previously credited revenue moved to a non-credited reason code."", ""title"": ""Unified Managed Account ($6.3k)""}, {""cause_id"": ""NEW_ACCOUNT"", ""data_source"": ""REAL"", ""direction"": ""UP"", ""driver_id"": ""SMPL001|202605|202606|unified_managed_account|NEW_ACCOUNT|2"", ""group_id"": ""unified_managed_account"", ""text"": ""A new Unified Managed Account contributed $4.5k in June revenue."", ""title"": ""Unified Managed Account $4.5k""}, {""cause_id"": ""BILLABLE_DAYS"", ""data_source"": ""DERIVED"", ""direction"": ""UP"", ""driver_id"": ""SMPL001|202605|202606|unified_managed_account|BILLABLE_DAYS|3"", ""group_id"": ""unified_managed_account"", ""text"": ""Unified Managed Account benefited $0.8k from one additional billable day in June compared to May."", ""title"": ""Unified Managed Account $0.8k""}]",PUBLISHED,,DERIVED
v6|SMPL002|202604|202605,v6,SMPL002,202604,202605,"▲ $24,265  49.9%","Revenue increased $24,265, or 49.9%, from $48,621 in April 2026 to $72,886 in May 2026. A substantial one-time event in Structured Products drove growth, though this was partially offset by timing shifts in Alternative Investments, the loss of a Unified Managed Account client, and modest headwinds from reduced billable days and lower Equities transaction volume.","[{""cause_id"": ""ONE_TIME"", ""data_source"": ""REAL"", ""direction"": ""UP"", ""driver_id"": ""SMPL002|202604|202605|structured_products|ONE_TIME|1"", ""group_id"": ""structured_products"", ""text"": ""Structured Products revenue grew $41.1k due to one-time activity, with 3 transactions recorded in May versus none in April."", ""title"": ""Structured Products $41.1k""}, {""cause_id"": ""TIMING"", ""data_source"": ""REAL"", ""direction"": ""DOWN"", ""driver_id"": ""SMPL002|202604|202605|alternative_investments|TIMING|1"", ""group_id"": ""alternative_investments"", ""text"": ""Alternative Investments revenue declined ($7.8k) as quarterly billing that occurred in April did not recur in May."", ""title"": ""Alternative Investments ($7.8k)""}, {""cause_id"": ""LOST_ACCOUNT"", ""data_source"": ""REAL"", ""direction"": ""DOWN"", ""driver_id"": ""SMPL002|202604|202605|unified_managed_account|LOST_ACCOUNT|1"", ""group_id"": ""unified_managed_account"", ""text"": ""Unified Managed Account revenue decreased ($7.1k) following the loss of one client account that had contributed $7,120 in the prior month."", ""title"": ""Unified Managed Account ($7.1k)""}, {""cause_id"": ""BILLABLE_DAYS"", ""data_source"": ""DERIVED"", ""direction"": ""DOWN"", ""driver_id"": ""SMPL002|202604|202605|unified_managed_account|BILLABLE_DAYS|2"", ""group_id"": ""unified_managed_account"", ""text"": ""Unified Managed Account revenue declined ($0.9k) due to one fewer billable day in May (21 days) compared to April (22 days)."", ""title"": ""Unified Managed Account ($0.9k)""}, {""cause_id"": ""VOLUME"", ""data_source"": ""REAL"", ""direction"": ""DOWN"", ""driver_id"": ""SMPL002|202604|202605|equities|VOLUME|1"", ""group_id"": ""equities"", ""text"": ""Equities revenue decreased ($0.4k) as transaction volume fell from 10 to 7 transactions month-over-month."", ""title"": ""Equities ($0.4k)""}]",PUBLISHED,,DERIVED
v6|SMPL002|202605|202606,v6,SMPL002,202605,202606,"▼ ($25,356)  (34.8%)","Revenue declined (34.8%) from May to June 2026, falling from $72,886 to $47,530, a decrease of ($25,356). This sharp contraction was primarily driven by the absence of one-time revenue in Structured Products, which more than offset modest gains across Alternative Investments, Unified Managed Account new business, fee rate expansion, and calendar effects.","[{""cause_id"": ""ONE_TIME"", ""data_source"": ""REAL"", ""direction"": ""DOWN"", ""driver_id"": ""SMPL002|202605|202606|structured_products|ONE_TIME|1"", ""group_id"": ""structured_products"", ""text"": ""Structured Products one-time revenue fell ($41.1k) as May included three transactions totaling $41,100 that did not recur in June."", ""title"": ""Structured Products ($41.1k)""}, {""cause_id"": ""TIMING"", ""data_source"": ""REAL"", ""direction"": ""UP"", ""driver_id"": ""SMPL002|202605|202606|alternative_investments|TIMING|1"", ""group_id"": ""alternative_investments"", ""text"": ""Alternative Investments contributed $7.8k, driven by quarterly billing that fell in June rather than May."", ""title"": ""Alternative Investments $7.8k""}, {""cause_id"": ""NEW_ACCOUNT"", ""data_source"": ""REAL"", ""direction"": ""UP"", ""driver_id"": ""SMPL002|202605|202606|unified_managed_account|NEW_ACCOUNT|1"", ""group_id"": ""unified_managed_account"", ""text"": ""One new Unified Managed Account added $4.8k in June revenue."", ""title"": ""Unified Managed Account $4.8k""}, {""cause_id"": ""FEE_RATE"", ""data_source"": ""REAL"", ""direction"": ""UP"", ""driver_id"": ""SMPL002|202605|202606|unified_managed_account|FEE_RATE|2"", ""group_id"": ""unified_managed_account"", ""text"": ""Unified Managed Account fee rates increased from 82.0 basis points to 88.0 basis points, generating an incremental $1.4k."", ""title"": ""Unified Managed Account $1.4k""}, {""cause_id"": ""BILLABLE_DAYS"", ""data_source"": ""DERIVED"", ""direction"": ""UP"", ""driver_id"": ""SMPL002|202605|202606|unified_managed_account|BILLABLE_DAYS|3"", ""group_id"": ""unified_managed_account"", ""text"": ""One additional billable day in June added $0.9k to Unified Managed Account revenue."", ""title"": ""Unified Managed Account $0.9k""}]",PUBLISHED,,DERIVED
v6|SMPL003|202604|202605,v6,SMPL003,202604,202605,"▲ $19,750  32.5%","Revenue grew $19,750, or 32.5%, from $60,765 in April 2026 to $80,515 in May 2026. This increase was primarily driven by a substantial one-time contribution from Structured Products, which more than offset headwinds from timing shifts in Alternative Investments billing, the loss of a key account affecting both Unified Managed Account and Annuities revenue, and a minor reduction in billable days for Unified Managed Account.","[{""cause_id"": ""ONE_TIME"", ""data_source"": ""REAL"", ""direction"": ""UP"", ""driver_id"": ""SMPL003|202604|202605|structured_products|ONE_TIME|1"", ""group_id"": ""structured_products"", ""text"": ""Structured Products generated $45.6k in one-time revenue in May (3 transactions), up from zero in April, representing the largest driver of monthly growth."", ""title"": ""Structured Products $45.6k""}, {""cause_id"": ""TIMING"", ""data_source"": ""REAL"", ""direction"": ""DOWN"", ""driver_id"": ""SMPL003|202604|202605|alternative_investments|TIMING|1"", ""group_id"": ""alternative_investments"", ""text"": ""Alternative Investments revenue declined ($8.6k) due to a timing shift in the quarterly billing cycle, which fell in April rather than May."", ""title"": ""Alternative Investments ($8.6k)""}, {""cause_id"": ""LOST_ACCOUNT"", ""data_source"": ""REAL"", ""direction"": ""DOWN"", ""driver_id"": ""SMPL003|202604|202605|unified_managed_account|LOST_ACCOUNT|1"", ""group_id"": ""unified_managed_account"", ""text"": ""A lost Unified Managed Account (SMPLACCT-3104) reduced revenue by ($7.8k) month-over-month."", ""title"": ""Unified Managed Account ($7.8k)""}, {""cause_id"": ""LOST_ACCOUNT"", ""data_source"": ""REAL"", ""direction"": ""DOWN"", ""driver_id"": ""SMPL003|202604|202605|annuities|LOST_ACCOUNT|1"", ""group_id"": ""annuities"", ""text"": ""The same account loss resulted in ($7.4k) revenue decline in Annuities."", ""title"": ""Annuities ($7.4k)""}, {""cause_id"": ""BILLABLE_DAYS"", ""data_source"": ""DERIVED"", ""direction"": ""DOWN"", ""driver_id"": ""SMPL003|202604|202605|unified_managed_account|BILLABLE_DAYS|2"", ""group_id"": ""unified_managed_account"", ""text"": ""Unified Managed Account revenue was reduced by ($1.0k) due to one fewer billable day in May compared to April (21 vs. 22 days)."", ""title"": ""Unified Managed Account ($1.0k)""}]",PUBLISHED,,DERIVED
v6|SMPL003|202605|202606,v6,SMPL003,202605,202606,"▼ ($32,103)  (39.9%)","Revenue declined significantly from May to June 2026, falling ($32,103) or (39.9%) to $48,412. The primary driver was a substantial one-time transaction in Structured Products that did not recur, largely offset by positive contributions from quarterly billing timing in Alternative Investments, a new Unified Managed Account, and an additional billable day, though these gains were partially diminished by expanded discounting.","[{""cause_id"": ""ONE_TIME"", ""data_source"": ""REAL"", ""direction"": ""DOWN"", ""driver_id"": ""SMPL003|202605|202606|structured_products|ONE_TIME|1"", ""group_id"": ""structured_products"", ""text"": ""Structured Products revenue fell ($45.6k) due to the absence of one-time transactions that contributed three transactions in May."", ""title"": ""Structured Products ($45.6k)""}, {""cause_id"": ""TIMING"", ""data_source"": ""REAL"", ""direction"": ""UP"", ""driver_id"": ""SMPL003|202605|202606|alternative_investments|TIMING|1"", ""group_id"": ""alternative_investments"", ""text"": ""Alternative Investments generated $8.6k in incremental revenue from quarterly billing that occurred in June only."", ""title"": ""Alternative Investments $8.6k""}, {""cause_id"": ""NEW_ACCOUNT"", ""data_source"": ""REAL"", ""direction"": ""UP"", ""driver_id"": ""SMPL003|202605|202606|unified_managed_account|NEW_ACCOUNT|1"", ""group_id"": ""unified_managed_account"", ""text"": ""A new Unified Managed Account added $5.2k in revenue during its first month."", ""title"": ""Unified Managed Account $5.2k""}, {""cause_id"": ""DISCOUNT"", ""data_source"": ""REAL"", ""direction"": ""DOWN"", ""driver_id"": ""SMPL003|202605|202606|unified_managed_account|DISCOUNT|2"", ""group_id"": ""unified_managed_account"", ""text"": ""Discounting on Unified Managed Account expanded by ($1.8k) with two discounted accounts in June versus none in May."", ""title"": ""Unified Managed Account ($1.8k)""}, {""cause_id"": ""BILLABLE_DAYS"", ""data_source"": ""DERIVED"", ""direction"": ""UP"", ""driver_id"": ""SMPL003|202605|202606|unified_managed_account|BILLABLE_DAYS|3"", ""group_id"": ""unified_managed_account"", ""text"": ""Unified Managed Account revenue increased $1.0k due to an additional billable day in June compared to May."", ""title"": ""Unified Managed Account $1.0k""}]",PUBLISHED,,DERIVED
v7|SMPL001|202604|202605,v7,SMPL001,202604,202605,"▲ $21,363  48.8%","Revenue grew $21,363, or 48.8%, from $43,820 in April 2026 to $65,182 in May 2026. This increase was driven primarily by a one-time boost in Structured Products, which more than offset declines across Alternative Investments, Unified Managed Account, and Equities.","[{""cause_id"": ""ONE_TIME"", ""data_source"": ""REAL"", ""direction"": ""UP"", ""driver_id"": ""SMPL001|202604|202605|structured_products|ONE_TIME|1"", ""group_id"": ""structured_products"", ""text"": ""Structured Products revenue rose $36.6k due to three one-time transactions totaling $36,600, which had not occurred in April."", ""title"": ""Structured Products $36.6k""}, {""cause_id"": ""TIMING"", ""data_source"": ""REAL"", ""direction"": ""DOWN"", ""driver_id"": ""SMPL001|202604|202605|alternative_investments|TIMING|1"", ""group_id"": ""alternative_investments"", ""text"": ""Alternative Investments declined ($7.0k) as quarterly billing fell in April but did not recur in May."", ""title"": ""Alternative Investments ($7.0k)""}, {""cause_id"": ""LOST_ACCOUNT"", ""data_source"": ""REAL"", ""direction"": ""DOWN"", ""driver_id"": ""SMPL001|202604|202605|unified_managed_account|LOST_ACCOUNT|1"", ""group_id"": ""unified_managed_account"", ""text"": ""Unified Managed Account revenue fell ($6.4k) following the loss of one account that had contributed $6,420 in April."", ""title"": ""Unified Managed Account ($6.4k)""}, {""cause_id"": ""BILLABLE_DAYS"", ""data_source"": ""DERIVED"", ""direction"": ""DOWN"", ""driver_id"": ""SMPL001|202604|202605|unified_managed_account|BILLABLE_DAYS|2"", ""group_id"": ""unified_managed_account"", ""text"": ""Unified Managed Account revenue declined ($0.8k) due to one fewer billable day in May compared to April (21 versus 22 days)."", ""title"": ""Unified Managed Account ($0.8k)""}, {""cause_id"": ""VOLUME"", ""data_source"": ""REAL"", ""direction"": ""DOWN"", ""driver_id"": ""SMPL001|202604|202605|equities|VOLUME|1"", ""group_id"": ""equities"", ""text"": ""Equities revenue decreased ($0.4k) as transaction volume fell from 8 to 5 transactions month-over-month."", ""title"": ""Equities ($0.4k)""}]",PUBLISHED,,DERIVED
v7|SMPL001|202605|202606,v7,SMPL001,202605,202606,"▼ ($29,745)  (45.6%)","Revenue declined (45.6%) from $65,182 in May 2026 to $35,437 in June 2026, a decrease of ($29,745). The primary driver was a substantial one-time revenue event in Structured Products that did not recur, which was partially offset by timing of quarterly billing in Alternative Investments, new account activity in Unified Managed Account, and a modest benefit from an additional billable day. An eligibility-related revenue adjustment in Unified Managed Account also contributed to the overall decline.","[{""cause_id"": ""ONE_TIME"", ""data_source"": ""REAL"", ""direction"": ""DOWN"", ""driver_id"": ""SMPL001|202605|202606|structured_products|ONE_TIME|1"", ""group_id"": ""structured_products"", ""text"": ""Structured Products revenue fell ($36.6k) as a one-time transaction totaling $36,600 in May did not repeat in June."", ""title"": ""Structured Products ($36.6k)""}, {""cause_id"": ""TIMING"", ""data_source"": ""REAL"", ""direction"": ""UP"", ""driver_id"": ""SMPL001|202605|202606|alternative_investments|TIMING|1"", ""group_id"": ""alternative_investments"", ""text"": ""Alternative Investments revenue increased $7.0k due to quarterly billing that was recognized in June only."", ""title"": ""Alternative Investments $7.0k""}, {""cause_id"": ""ELIGIBILITY"", ""data_source"": ""REAL"", ""direction"": ""DOWN"", ""driver_id"": ""SMPL001|202605|202606|unified_managed_account|ELIGIBILITY|1"", ""group_id"": ""unified_managed_account"", ""text"": ""Unified Managed Account revenue decreased ($6.3k) as $6,290 in revenue moved to a non-credited reason code in June."", ""title"": ""Unified Managed Account ($6.3k)""}, {""cause_id"": ""NEW_ACCOUNT"", ""data_source"": ""REAL"", ""direction"": ""UP"", ""driver_id"": ""SMPL001|202605|202606|unified_managed_account|NEW_ACCOUNT|2"", ""group_id"": ""unified_managed_account"", ""text"": ""Unified Managed Account revenue benefited $4.5k from a new account that began contributing in June."", ""title"": ""Unified Managed Account $4.5k""}, {""cause_id"": ""BILLABLE_DAYS"", ""data_source"": ""DERIVED"", ""direction"": ""UP"", ""driver_id"": ""SMPL001|202605|202606|unified_managed_account|BILLABLE_DAYS|3"", ""group_id"": ""unified_managed_account"", ""text"": ""Unified Managed Account revenue increased $0.8k as June contained 22 billable days compared to 21 in May."", ""title"": ""Unified Managed Account $0.8k""}]",PUBLISHED,,DERIVED
v7|SMPL002|202604|202605,v7,SMPL002,202604,202605,"▲ $24,265  49.9%","Revenue grew $24,265, or 49.9%, from $48,621 in April 2026 to $72,886 in May 2026. This expansion was driven primarily by a substantial one-time contribution from Structured Products, which more than offset headwinds from timing shifts in Alternative Investments billing, an account loss in Unified Managed Account, reduced billable days, and lower Equities transaction volume.","[{""cause_id"": ""ONE_TIME"", ""data_source"": ""REAL"", ""direction"": ""UP"", ""driver_id"": ""SMPL002|202604|202605|structured_products|ONE_TIME|1"", ""group_id"": ""structured_products"", ""text"": ""Structured Products generated $41.1k from one-time activity (3 transactions), accounting for the majority of month-over-month growth."", ""title"": ""Structured Products $41.1k""}, {""cause_id"": ""TIMING"", ""data_source"": ""REAL"", ""direction"": ""DOWN"", ""driver_id"": ""SMPL002|202604|202605|alternative_investments|TIMING|1"", ""group_id"": ""alternative_investments"", ""text"": ""Alternative Investments revenue declined ($7.8k) due to quarterly billing falling outside May."", ""title"": ""Alternative Investments ($7.8k)""}, {""cause_id"": ""LOST_ACCOUNT"", ""data_source"": ""REAL"", ""direction"": ""DOWN"", ""driver_id"": ""SMPL002|202604|202605|unified_managed_account|LOST_ACCOUNT|1"", ""group_id"": ""unified_managed_account"", ""text"": ""A Unified Managed Account was lost, reducing revenue by ($7.1k)."", ""title"": ""Unified Managed Account ($7.1k)""}, {""cause_id"": ""BILLABLE_DAYS"", ""data_source"": ""DERIVED"", ""direction"": ""DOWN"", ""driver_id"": ""SMPL002|202604|202605|unified_managed_account|BILLABLE_DAYS|2"", ""group_id"": ""unified_managed_account"", ""text"": ""Unified Managed Account revenue decreased ($0.9k) as billable days fell from 22 to 21."", ""title"": ""Unified Managed Account ($0.9k)""}, {""cause_id"": ""VOLUME"", ""data_source"": ""REAL"", ""direction"": ""DOWN"", ""driver_id"": ""SMPL002|202604|202605|equities|VOLUME|1"", ""group_id"": ""equities"", ""text"": ""Equities revenue declined ($0.4k) as transaction count fell from 10 to 7."", ""title"": ""Equities ($0.4k)""}]",PUBLISHED,,DERIVED
v7|SMPL002|202605|202606,v7,SMPL002,202605,202606,"▼ ($25,356)  (34.8%)","Revenue declined by ($25,356), or (34.8%), from $72,886 in May 2026 to $47,530 in June 2026. The decrease was primarily driven by a significant one-time decline in Structured Products, which was largely offset by increases across Alternative Investments, Unified Managed Account new account activity, and fee-rate and billing-day adjustments within Unified Managed Account.","[{""cause_id"": ""ONE_TIME"", ""data_source"": ""REAL"", ""direction"": ""DOWN"", ""driver_id"": ""SMPL002|202605|202606|structured_products|ONE_TIME|1"", ""group_id"": ""structured_products"", ""text"": ""Structured Products revenue fell by ($41.1k) due to the absence of one-time revenue that totaled $41,100 in May, which did not recur in June."", ""title"": ""Structured Products ($41.1k)""}, {""cause_id"": ""TIMING"", ""data_source"": ""REAL"", ""direction"": ""UP"", ""driver_id"": ""SMPL002|202605|202606|alternative_investments|TIMING|1"", ""group_id"": ""alternative_investments"", ""text"": ""Alternative Investments contributed $7.8k of growth, reflecting quarterly billing that was recognized in June but not in the prior month."", ""title"": ""Alternative Investments $7.8k""}, {""cause_id"": ""NEW_ACCOUNT"", ""data_source"": ""REAL"", ""direction"": ""UP"", ""driver_id"": ""SMPL002|202605|202606|unified_managed_account|NEW_ACCOUNT|1"", ""group_id"": ""unified_managed_account"", ""text"": ""Unified Managed Account added $4.8k in revenue from one newly opened account that began contributing in June."", ""title"": ""Unified Managed Account $4.8k""}, {""cause_id"": ""FEE_RATE"", ""data_source"": ""REAL"", ""direction"": ""UP"", ""driver_id"": ""SMPL002|202605|202606|unified_managed_account|FEE_RATE|2"", ""group_id"": ""unified_managed_account"", ""text"": ""Unified Managed Account fee rates increased by 6 basis points, contributing $1.4k in additional revenue."", ""title"": ""Unified Managed Account $1.4k""}, {""cause_id"": ""BILLABLE_DAYS"", ""data_source"": ""DERIVED"", ""direction"": ""UP"", ""driver_id"": ""SMPL002|202605|202606|unified_managed_account|BILLABLE_DAYS|3"", ""group_id"": ""unified_managed_account"", ""text"": ""An additional billable day in June added $0.9k to Unified Managed Account revenue."", ""title"": ""Unified Managed Account $0.9k""}]",PUBLISHED,,DERIVED
v7|SMPL003|202604|202605,v7,SMPL003,202604,202605,"▲ $19,750  32.5%","Revenue increased $19,750 or 32.5% from April to May 2026, rising from $60,765 to $80,515. Growth was driven primarily by a significant one-time event in Structured Products, though this was partially offset by timing shifts in Alternative Investments, account losses across Unified Managed Account and Annuities, and a minor reduction in billable days.","[{""cause_id"": ""ONE_TIME"", ""data_source"": ""REAL"", ""direction"": ""UP"", ""driver_id"": ""SMPL003|202604|202605|structured_products|ONE_TIME|1"", ""group_id"": ""structured_products"", ""text"": ""Structured Products generated $45.6k from three one-time transactions in May, compared to none in April."", ""title"": ""Structured Products $45.6k""}, {""cause_id"": ""TIMING"", ""data_source"": ""REAL"", ""direction"": ""DOWN"", ""driver_id"": ""SMPL003|202604|202605|alternative_investments|TIMING|1"", ""group_id"": ""alternative_investments"", ""text"": ""Alternative Investments declined by ($8.6k) due to quarterly billing timing, with revenue recognized in April but not in May."", ""title"": ""Alternative Investments ($8.6k)""}, {""cause_id"": ""LOST_ACCOUNT"", ""data_source"": ""REAL"", ""direction"": ""DOWN"", ""driver_id"": ""SMPL003|202604|202605|unified_managed_account|LOST_ACCOUNT|1"", ""group_id"": ""unified_managed_account"", ""text"": ""Unified Managed Account revenue fell ($7.8k) following the loss of one client account that contributed in April."", ""title"": ""Unified Managed Account ($7.8k)""}, {""cause_id"": ""LOST_ACCOUNT"", ""data_source"": ""REAL"", ""direction"": ""DOWN"", ""driver_id"": ""SMPL003|202604|202605|annuities|LOST_ACCOUNT|1"", ""group_id"": ""annuities"", ""text"": ""Annuities revenue decreased ($7.4k) from the same client account loss."", ""title"": ""Annuities ($7.4k)""}, {""cause_id"": ""BILLABLE_DAYS"", ""data_source"": ""DERIVED"", ""direction"": ""DOWN"", ""driver_id"": ""SMPL003|202604|202605|unified_managed_account|BILLABLE_DAYS|2"", ""group_id"": ""unified_managed_account"", ""text"": ""Unified Managed Account revenue was reduced by ($1.0k) due to one fewer billable day in May versus April."", ""title"": ""Unified Managed Account ($1.0k)""}]",PUBLISHED,,DERIVED
v7|SMPL003|202605|202606,v7,SMPL003,202605,202606,"▼ ($32,103)  (39.9%)","Revenue declined by ($32,103), or (39.9%), from $80,515 in May 2026 to $48,412 in June 2026. The primary driver was a significant reduction in Structured Products one-time revenue, which more than accounted for the overall decrease. This was partially offset by a quarterly billing cycle timing benefit in Alternative Investments, the addition of a new Unified Managed Account, and a modest benefit from an extra billable day, though these gains were largely negated by expanded discounting in the Unified Managed Account product group.","[{""cause_id"": ""ONE_TIME"", ""data_source"": ""REAL"", ""direction"": ""DOWN"", ""driver_id"": ""SMPL003|202605|202606|structured_products|ONE_TIME|1"", ""group_id"": ""structured_products"", ""text"": ""Structured Products one-time revenue fell by ($45.6k) as no transactions occurred in June compared to three transactions generating $45.6k in May."", ""title"": ""Structured Products ($45.6k)""}, {""cause_id"": ""TIMING"", ""data_source"": ""REAL"", ""direction"": ""UP"", ""driver_id"": ""SMPL003|202605|202606|alternative_investments|TIMING|1"", ""group_id"": ""alternative_investments"", ""text"": ""Alternative Investments revenue increased by $8.6k due to quarterly billing timing, with revenue recognized in June that did not occur in May."", ""title"": ""Alternative Investments $8.6k""}, {""cause_id"": ""NEW_ACCOUNT"", ""data_source"": ""REAL"", ""direction"": ""UP"", ""driver_id"": ""SMPL003|202605|202606|unified_managed_account|NEW_ACCOUNT|1"", ""group_id"": ""unified_managed_account"", ""text"": ""Unified Managed Account added $5.2k in revenue from one new account that began contributing in June."", ""title"": ""Unified Managed Account $5.2k""}, {""cause_id"": ""DISCOUNT"", ""data_source"": ""REAL"", ""direction"": ""DOWN"", ""driver_id"": ""SMPL003|202605|202606|unified_managed_account|DISCOUNT|2"", ""group_id"": ""unified_managed_account"", ""text"": ""Unified Managed Account revenue was reduced by ($1.8k) as discounting expanded from zero discount rows in May to two discount rows in June."", ""title"": ""Unified Managed Account ($1.8k)""}, {""cause_id"": ""BILLABLE_DAYS"", ""data_source"": ""DERIVED"", ""direction"": ""UP"", ""driver_id"": ""SMPL003|202605|202606|unified_managed_account|BILLABLE_DAYS|3"", ""group_id"": ""unified_managed_account"", ""text"": ""Unified Managed Account benefited by $1.0k from one additional billable day in June compared to May."", ""title"": ""Unified Managed Account $1.0k""}]",PUBLISHED,,DERIVED
v8|SMPL001|202604|202605,v8,SMPL001,202604,202605,"▲ $21,363  48.8%","Revenue increased $21,363, or 48.8%, from $43,820 in April 2026 to $65,182 in May 2026. This growth was driven primarily by one-time activity in Structured Products, which more than offset declines across Alternative Investments, Unified Managed Account, and Equities.","[{""cause_id"": ""ONE_TIME"", ""data_source"": ""REAL"", ""direction"": ""UP"", ""driver_id"": ""SMPL001|202604|202605|structured_products|ONE_TIME|1"", ""group_id"": ""structured_products"", ""text"": ""Structured Products one-time revenue of $36.6k in May (3 transactions) versus none in April added $36.6k and accounted for 171.3% of the total month-over-month increase."", ""title"": ""Structured Products $36.6k""}, {""cause_id"": ""TIMING"", ""data_source"": ""REAL"", ""direction"": ""DOWN"", ""driver_id"": ""SMPL001|202604|202605|alternative_investments|TIMING|1"", ""group_id"": ""alternative_investments"", ""text"": ""Alternative Investments revenue declined ($7.0k) due to quarterly billing timing, with revenue recognized in April but not in May."", ""title"": ""Alternative Investments ($7.0k)""}, {""cause_id"": ""LOST_ACCOUNT"", ""data_source"": ""REAL"", ""direction"": ""DOWN"", ""driver_id"": ""SMPL001|202604|202605|unified_managed_account|LOST_ACCOUNT|1"", ""group_id"": ""unified_managed_account"", ""text"": ""A Unified Managed Account was lost, reducing that product line by ($6.4k) from the prior month."", ""title"": ""Unified Managed Account ($6.4k)""}, {""cause_id"": ""BILLABLE_DAYS"", ""data_source"": ""DERIVED"", ""direction"": ""DOWN"", ""driver_id"": ""SMPL001|202604|202605|unified_managed_account|BILLABLE_DAYS|2"", ""group_id"": ""unified_managed_account"", ""text"": ""Unified Managed Account revenue decreased ($0.8k) as May had 21 billable days compared to 22 in April."", ""title"": ""Unified Managed Account ($0.8k)""}, {""cause_id"": ""VOLUME"", ""data_source"": ""REAL"", ""direction"": ""DOWN"", ""driver_id"": ""SMPL001|202604|202605|equities|VOLUME|1"", ""group_id"": ""equities"", ""text"": ""Equities transaction volume declined to 5 transactions in May from 8 in April, resulting in a ($0.4k) revenue reduction."", ""title"": ""Equities ($0.4k)""}]",PUBLISHED,,DERIVED
v8|SMPL001|202605|202606,v8,SMPL001,202605,202606,"▼ ($29,745)  (45.6%)","Revenue declined significantly from May to June 2026, falling from $65,182 to $35,437, a decrease of ($29,745) or (45.6%). This contraction was primarily driven by the absence of one-time Structured Products revenue that had contributed ($36.6k) in the prior month. Partially offsetting this decline was a quarterly billing event in Alternative Investments that added $7.0k, along with modest growth in Unified Managed Account from new account activity and an additional billable day. However, these gains were insufficient to offset a ($6.3k) revenue reduction from an eligibility-related shift within Unified Managed Account.","[{""cause_id"": ""ONE_TIME"", ""data_source"": ""REAL"", ""direction"": ""DOWN"", ""driver_id"": ""SMPL001|202605|202606|structured_products|ONE_TIME|1"", ""group_id"": ""structured_products"", ""text"": ""Structured Products one-time revenue totaled ($36.6k) in the month-over-month decline, as June carried no one-time transactions compared to three transactions valued at ($36,600) in May."", ""title"": ""Structured Products ($36.6k)""}, {""cause_id"": ""TIMING"", ""data_source"": ""REAL"", ""direction"": ""UP"", ""driver_id"": ""SMPL001|202605|202606|alternative_investments|TIMING|1"", ""group_id"": ""alternative_investments"", ""text"": ""Alternative Investments revenue increased $7.0k due to quarterly billing that was recognized in June only."", ""title"": ""Alternative Investments $7.0k""}, {""cause_id"": ""ELIGIBILITY"", ""data_source"": ""REAL"", ""direction"": ""DOWN"", ""driver_id"": ""SMPL001|202605|202606|unified_managed_account|ELIGIBILITY|1"", ""group_id"": ""unified_managed_account"", ""text"": ""Unified Managed Account revenue declined ($6.3k) as one transaction moved to a non-credited reason code (9E) in June."", ""title"": ""Unified Managed Account ($6.3k)""}, {""cause_id"": ""NEW_ACCOUNT"", ""data_source"": ""REAL"", ""direction"": ""UP"", ""driver_id"": ""SMPL001|202605|202606|unified_managed_account|NEW_ACCOUNT|2"", ""group_id"": ""unified_managed_account"", ""text"": ""New account activity in Unified Managed Account contributed $4.5k, with one new account (SMPLACCT-1109) generating credited revenue in June."", ""title"": ""Unified Managed Account $4.5k""}, {""cause_id"": ""BILLABLE_DAYS"", ""data_source"": ""DERIVED"", ""direction"": ""UP"", ""driver_id"": ""SMPL001|202605|202606|unified_managed_account|BILLABLE_DAYS|3"", ""group_id"": ""unified_managed_account"", ""text"": ""Unified Managed Account benefited $0.8k from one additional billable day in June (22 days versus 21 days in May)."", ""title"": ""Unified Managed Account $0.8k""}]",BLOCKED,no_invented_figures: figures not present in the driver set: ['9'],DERIVED
v8|SMPL002|202604|202605,v8,SMPL002,202604,202605,"▲ $24,265  49.9%","Revenue increased $24,265, or 49.9%, from $48,621 in April 2026 to $72,886 in May 2026. This growth was driven primarily by a significant one-time contribution from Structured Products, which more than offset declines across Alternative Investments, Unified Managed Account, and Equities.","[{""cause_id"": ""ONE_TIME"", ""data_source"": ""REAL"", ""direction"": ""UP"", ""driver_id"": ""SMPL002|202604|202605|structured_products|ONE_TIME|1"", ""group_id"": ""structured_products"", ""text"": ""Structured Products generated $41.1k in one-time revenue in May (3 transactions) compared to none in April, representing the primary driver of monthly growth."", ""title"": ""Structured Products $41.1k""}, {""cause_id"": ""TIMING"", ""data_source"": ""REAL"", ""direction"": ""DOWN"", ""driver_id"": ""SMPL002|202604|202605|alternative_investments|TIMING|1"", ""group_id"": ""alternative_investments"", ""text"": ""Alternative Investments declined ($7.8k) due to quarterly billing timing, with revenue recognized in April but not in May."", ""title"": ""Alternative Investments ($7.8k)""}, {""cause_id"": ""LOST_ACCOUNT"", ""data_source"": ""REAL"", ""direction"": ""DOWN"", ""driver_id"": ""SMPL002|202604|202605|unified_managed_account|LOST_ACCOUNT|1"", ""group_id"": ""unified_managed_account"", ""text"": ""Unified Managed Account revenue fell ($7.1k) following the loss of one account that contributed in April but not in May."", ""title"": ""Unified Managed Account ($7.1k)""}, {""cause_id"": ""BILLABLE_DAYS"", ""data_source"": ""DERIVED"", ""direction"": ""DOWN"", ""driver_id"": ""SMPL002|202604|202605|unified_managed_account|BILLABLE_DAYS|2"", ""group_id"": ""unified_managed_account"", ""text"": ""Unified Managed Account was further pressured by a one-day reduction in billable days (from 22 to 21), which reduced revenue by ($0.9k)."", ""title"": ""Unified Managed Account ($0.9k)""}, {""cause_id"": ""VOLUME"", ""data_source"": ""REAL"", ""direction"": ""DOWN"", ""driver_id"": ""SMPL002|202604|202605|equities|VOLUME|1"", ""group_id"": ""equities"", ""text"": ""Equities volume declined slightly, with transaction count falling from 10 to 7, resulting in a ($0.4k) revenue impact."", ""title"": ""Equities ($0.4k)""}]",PUBLISHED,,DERIVED
v8|SMPL002|202605|202606,v8,SMPL002,202605,202606,"▼ ($25,356)  (34.8%)","Revenue declined ($25,356) or (34.8%) from May to June 2026, falling from $72,886 to $47,530. The decline was driven primarily by a one-time event in Structured Products that did not recur, largely offset by growth in Alternative Investments from quarterly billing timing and new account activity in Unified Managed Account, along with modest gains from fee-rate and billable-day increases.","[{""cause_id"": ""ONE_TIME"", ""data_source"": ""REAL"", ""direction"": ""DOWN"", ""driver_id"": ""SMPL002|202605|202606|structured_products|ONE_TIME|1"", ""group_id"": ""structured_products"", ""text"": ""Structured Products revenue decreased ($41.1k) as one-time revenue of $41.1k recorded in May did not repeat in June."", ""title"": ""Structured Products ($41.1k)""}, {""cause_id"": ""TIMING"", ""data_source"": ""REAL"", ""direction"": ""UP"", ""driver_id"": ""SMPL002|202605|202606|alternative_investments|TIMING|1"", ""group_id"": ""alternative_investments"", ""text"": ""Alternative Investments contributed $7.8k of upside as quarterly billing revenue was recognized in June only."", ""title"": ""Alternative Investments $7.8k""}, {""cause_id"": ""NEW_ACCOUNT"", ""data_source"": ""REAL"", ""direction"": ""UP"", ""driver_id"": ""SMPL002|202605|202606|unified_managed_account|NEW_ACCOUNT|1"", ""group_id"": ""unified_managed_account"", ""text"": ""Unified Managed Account revenue grew $4.8k from one new account opening during June."", ""title"": ""Unified Managed Account $4.8k""}, {""cause_id"": ""FEE_RATE"", ""data_source"": ""REAL"", ""direction"": ""UP"", ""driver_id"": ""SMPL002|202605|202606|unified_managed_account|FEE_RATE|2"", ""group_id"": ""unified_managed_account"", ""text"": ""Unified Managed Account fee rates increased from 82.0 basis points to 88.0 basis points, contributing $1.4k in additional revenue."", ""title"": ""Unified Managed Account $1.4k""}, {""cause_id"": ""BILLABLE_DAYS"", ""data_source"": ""DERIVED"", ""direction"": ""UP"", ""driver_id"": ""SMPL002|202605|202606|unified_managed_account|BILLABLE_DAYS|3"", ""group_id"": ""unified_managed_account"", ""text"": ""Unified Managed Account benefited $0.9k from one additional billable day in June versus May."", ""title"": ""Unified Managed Account $0.9k""}]",PUBLISHED,,DERIVED
v8|SMPL003|202604|202605,v8,SMPL003,202604,202605,"▲ $20,150  32.9%","Revenue increased $20,150, or 32.9%, from $61,265 in April 2026 to $81,415 in May 2026. This growth was driven primarily by a substantial one-time contribution from Structured Products, which more than offset declines across Alternative Investments, Unified Managed Account, and Annuities tied to timing shifts and account losses.","[{""cause_id"": ""ONE_TIME"", ""data_source"": ""REAL"", ""direction"": ""UP"", ""driver_id"": ""SMPL003|202604|202605|structured_products|ONE_TIME|1"", ""group_id"": ""structured_products"", ""text"": ""Structured Products generated $45.6k in one-time revenue in May (3 transactions) compared to none in April, representing the largest driver of monthly growth."", ""title"": ""Structured Products $45.6k""}, {""cause_id"": ""TIMING"", ""data_source"": ""REAL"", ""direction"": ""DOWN"", ""driver_id"": ""SMPL003|202604|202605|alternative_investments|TIMING|1"", ""group_id"": ""alternative_investments"", ""text"": ""Alternative Investments declined ($8.6k) due to quarterly billing timing, with revenue recognized in April but not in May."", ""title"": ""Alternative Investments ($8.6k)""}, {""cause_id"": ""LOST_ACCOUNT"", ""data_source"": ""REAL"", ""direction"": ""DOWN"", ""driver_id"": ""SMPL003|202604|202605|unified_managed_account|LOST_ACCOUNT|1"", ""group_id"": ""unified_managed_account"", ""text"": ""Unified Managed Account revenue fell ($7.8k) following the loss of account SMPLACCT-3104."", ""title"": ""Unified Managed Account ($7.8k)""}, {""cause_id"": ""LOST_ACCOUNT"", ""data_source"": ""REAL"", ""direction"": ""DOWN"", ""driver_id"": ""SMPL003|202604|202605|annuities|LOST_ACCOUNT|1"", ""group_id"": ""annuities"", ""text"": ""Annuities revenue decreased ($7.4k) from the same account closure (SMPLACCT-3104)."", ""title"": ""Annuities ($7.4k)""}, {""cause_id"": ""BILLABLE_DAYS"", ""data_source"": ""DERIVED"", ""direction"": ""DOWN"", ""driver_id"": ""SMPL003|202604|202605|unified_managed_account|BILLABLE_DAYS|2"", ""group_id"": ""unified_managed_account"", ""text"": ""Unified Managed Account also experienced a ($1.0k) headwind from a reduction in billable days (21 in May versus 22 in April)."", ""title"": ""Unified Managed Account ($1.0k)""}]",PUBLISHED,,DERIVED
v8|SMPL003|202605|202606,v8,SMPL003,202605,202606,"▼ ($32,103)  (39.4%)","Revenue declined sharply from $81,415 in May 2026 to $49,312 in June 2026, a decrease of ($32,103) or (39.4%). The primary driver was a significant contraction in Structured Products revenue due to the absence of one-time transactions that had occurred in the prior month. This was partially offset by improved performance in Alternative Investments, where quarterly billing timing resulted in revenue recognition, as well as contributions from a new Unified Managed Account and a modest benefit from additional billable days. These gains were somewhat limited by the introduction of account discounts in the Unified Managed Account product group.","[{""cause_id"": ""ONE_TIME"", ""data_source"": ""REAL"", ""direction"": ""DOWN"", ""driver_id"": ""SMPL003|202605|202606|structured_products|ONE_TIME|1"", ""group_id"": ""structured_products"", ""text"": ""Structured Products revenue declined by ($45.6k) as one-time transactions totaling $45,600 in May did not recur in June."", ""title"": ""Structured Products ($45.6k)""}, {""cause_id"": ""TIMING"", ""data_source"": ""REAL"", ""direction"": ""UP"", ""driver_id"": ""SMPL003|202605|202606|alternative_investments|TIMING|1"", ""group_id"": ""alternative_investments"", ""text"": ""Alternative Investments added $8.6k in revenue due to quarterly billing that fell within the June period."", ""title"": ""Alternative Investments $8.6k""}, {""cause_id"": ""NEW_ACCOUNT"", ""data_source"": ""REAL"", ""direction"": ""UP"", ""driver_id"": ""SMPL003|202605|202606|unified_managed_account|NEW_ACCOUNT|1"", ""group_id"": ""unified_managed_account"", ""text"": ""A new Unified Managed Account contributed $5.2k in revenue from its initial month of activity."", ""title"": ""Unified Managed Account $5.2k""}, {""cause_id"": ""DISCOUNT"", ""data_source"": ""REAL"", ""direction"": ""DOWN"", ""driver_id"": ""SMPL003|202605|202606|unified_managed_account|DISCOUNT|2"", ""group_id"": ""unified_managed_account"", ""text"": ""Unified Managed Account revenue was reduced by ($1.8k) due to the introduction of account discounts affecting two accounts."", ""title"": ""Unified Managed Account ($1.8k)""}, {""cause_id"": ""BILLABLE_DAYS"", ""data_source"": ""DERIVED"", ""direction"": ""UP"", ""driver_id"": ""SMPL003|202605|202606|unified_managed_account|BILLABLE_DAYS|3"", ""group_id"": ""unified_managed_account"", ""text"": ""Unified Managed Account revenue benefited by $1.1k from one additional billable day in June compared to May."", ""title"": ""Unified Managed Account $1.1k""}]",PUBLISHED,,DERIVED
v9|SMPL001|202604|202605,v9,SMPL001,202604,202605,"▲ $21,363  48.8%","Revenue increased $21,363, or 48.8%, from $43,820 in April 2026 to $65,182 in May 2026. This substantial growth was driven primarily by a one-time event in Structured Products that more than offset declines across Alternative Investments, Unified Managed Account, and Equities.","[{""cause_id"": ""ONE_TIME"", ""data_source"": ""REAL"", ""direction"": ""UP"", ""driver_id"": ""SMPL001|202604|202605|structured_products|ONE_TIME|1"", ""group_id"": ""structured_products"", ""text"": ""Structured Products generated $36.6k in one-time revenue in May (3 transactions) compared to none in April, contributing 171.3% of the total month-over-month increase."", ""title"": ""Structured Products $36.6k""}, {""cause_id"": ""TIMING"", ""data_source"": ""REAL"", ""direction"": ""DOWN"", ""driver_id"": ""SMPL001|202604|202605|alternative_investments|TIMING|1"", ""group_id"": ""alternative_investments"", ""text"": ""Alternative Investments declined ($7.0k) due to quarterly billing timing, with revenue recognized in April but not in May, offsetting (32.8%) of the overall growth."", ""title"": ""Alternative Investments ($7.0k)""}, {""cause_id"": ""LOST_ACCOUNT"", ""data_source"": ""REAL"", ""direction"": ""DOWN"", ""driver_id"": ""SMPL001|202604|202605|unified_managed_account|LOST_ACCOUNT|1"", ""group_id"": ""unified_managed_account"", ""text"": ""A Unified Managed Account was lost between the two months, reducing revenue by ($6.4k) and accounting for (30.1%) of the net change."", ""title"": ""Unified Managed Account ($6.4k)""}, {""cause_id"": ""BILLABLE_DAYS"", ""data_source"": ""DERIVED"", ""direction"": ""DOWN"", ""driver_id"": ""SMPL001|202604|202605|unified_managed_account|BILLABLE_DAYS|2"", ""group_id"": ""unified_managed_account"", ""text"": ""Unified Managed Account revenue declined ($0.8k) due to one fewer billable day in May (21 days versus 22 days), contributing (3.9%) to the decline."", ""title"": ""Unified Managed Account ($0.8k)""}, {""cause_id"": ""VOLUME"", ""data_source"": ""REAL"", ""direction"": ""DOWN"", ""driver_id"": ""SMPL001|202604|202605|equities|VOLUME|1"", ""group_id"": ""equities"", ""text"": ""Equities transaction volume decreased from 8 to 5 transactions, resulting in a ($0.4k) revenue reduction that represented (1.9%) of the month-over-month change."", ""title"": ""Equities ($0.4k)""}]",PUBLISHED,,DERIVED
v9|SMPL001|202605|202606,v9,SMPL001,202605,202606,"▼ ($29,745)  (45.6%)","Revenue declined (45.6%) from $65,182 in May 2026 to $35,437 in June 2026, a decrease of ($29,745). The primary driver was a significant one-time decline in Structured Products, largely offset by new account activity and timing-related gains in Alternative Investments.","[{""cause_id"": ""ONE_TIME"", ""data_source"": ""REAL"", ""direction"": ""DOWN"", ""driver_id"": ""SMPL001|202605|202606|structured_products|ONE_TIME|1"", ""group_id"": ""structured_products"", ""text"": ""Structured Products revenue fell ($36.6k) due to the absence of one-time transactions that contributed 3 sales in May."", ""title"": ""Structured Products ($36.6k)""}, {""cause_id"": ""TIMING"", ""data_source"": ""REAL"", ""direction"": ""UP"", ""driver_id"": ""SMPL001|202605|202606|alternative_investments|TIMING|1"", ""group_id"": ""alternative_investments"", ""text"": ""Alternative Investments added $7.0k as quarterly billing aligned with June."", ""title"": ""Alternative Investments $7.0k""}, {""cause_id"": ""ELIGIBILITY"", ""data_source"": ""REAL"", ""direction"": ""DOWN"", ""driver_id"": ""SMPL001|202605|202606|unified_managed_account|ELIGIBILITY|1"", ""group_id"": ""unified_managed_account"", ""text"": ""Unified Managed Account revenue decreased ($6.3k) when $6,290 in revenue shifted to a non-credited reason code."", ""title"": ""Unified Managed Account ($6.3k)""}, {""cause_id"": ""NEW_ACCOUNT"", ""data_source"": ""REAL"", ""direction"": ""UP"", ""driver_id"": ""SMPL001|202605|202606|unified_managed_account|NEW_ACCOUNT|2"", ""group_id"": ""unified_managed_account"", ""text"": ""A new Unified Managed Account generated $4.5k in June revenue."", ""title"": ""Unified Managed Account $4.5k""}, {""cause_id"": ""BILLABLE_DAYS"", ""data_source"": ""DERIVED"", ""direction"": ""UP"", ""driver_id"": ""SMPL001|202605|202606|unified_managed_account|BILLABLE_DAYS|3"", ""group_id"": ""unified_managed_account"", ""text"": ""Unified Managed Account revenue increased $0.8k due to one additional billable day in June (22 days versus 21 days)."", ""title"": ""Unified Managed Account $0.8k""}]",PUBLISHED,,DERIVED
v9|SMPL002|202604|202605,v9,SMPL002,202604,202605,"▲ $24,265  49.9%","Revenue increased $24,265, or 49.9%, from $48,621 in April 2026 to $72,886 in May 2026. A substantial one-time event in Structured Products drove the majority of this growth, though this was partially offset by timing shifts in Alternative Investments billing, an account loss in Unified Managed Account, a reduction in billable days, and lower Equities trading volume.","[{""cause_id"": ""ONE_TIME"", ""data_source"": ""REAL"", ""direction"": ""UP"", ""driver_id"": ""SMPL002|202604|202605|structured_products|ONE_TIME|1"", ""group_id"": ""structured_products"", ""text"": ""Structured Products revenue grew by $41.1k due to three one-time transactions totaling $41,100 in May, with no comparable activity in April."", ""title"": ""Structured Products $41.1k""}, {""cause_id"": ""TIMING"", ""data_source"": ""REAL"", ""direction"": ""DOWN"", ""driver_id"": ""SMPL002|202604|202605|alternative_investments|TIMING|1"", ""group_id"": ""alternative_investments"", ""text"": ""Alternative Investments revenue declined by ($7.8k) as quarterly billing that occurred in April did not recur in May."", ""title"": ""Alternative Investments ($7.8k)""}, {""cause_id"": ""LOST_ACCOUNT"", ""data_source"": ""REAL"", ""direction"": ""DOWN"", ""driver_id"": ""SMPL002|202604|202605|unified_managed_account|LOST_ACCOUNT|1"", ""group_id"": ""unified_managed_account"", ""text"": ""Unified Managed Account revenue fell by ($7.1k) following the loss of one account that had contributed $7,120 in April."", ""title"": ""Unified Managed Account ($7.1k)""}, {""cause_id"": ""BILLABLE_DAYS"", ""data_source"": ""DERIVED"", ""direction"": ""DOWN"", ""driver_id"": ""SMPL002|202604|202605|unified_managed_account|BILLABLE_DAYS|2"", ""group_id"": ""unified_managed_account"", ""text"": ""Unified Managed Account revenue decreased by ($0.9k) due to one fewer billable day in May (21 days versus 22 days in April)."", ""title"": ""Unified Managed Account ($0.9k)""}, {""cause_id"": ""VOLUME"", ""data_source"": ""REAL"", ""direction"": ""DOWN"", ""driver_id"": ""SMPL002|202604|202605|equities|VOLUME|1"", ""group_id"": ""equities"", ""text"": ""Equities revenue decreased by ($0.4k) as transaction count fell from 10 to 7 transactions month-over-month."", ""title"": ""Equities ($0.4k)""}]",PUBLISHED,,DERIVED
v9|SMPL002|202605|202606,v9,SMPL002,202605,202606,"▼ ($25,356)  (34.8%)","Revenue declined substantially from May to June 2026, falling ($25,356) or (34.8%) to $47,530. The primary driver was a sharp drop in Structured Products one-time revenue, which alone accounted for the majority of the decline. This was partially offset by gains across Alternative Investments and Unified Managed Account, where a new account contribution, an increase in fee rates, and an additional billable day all provided modest upward pressure.","[{""cause_id"": ""ONE_TIME"", ""data_source"": ""REAL"", ""direction"": ""DOWN"", ""driver_id"": ""SMPL002|202605|202606|structured_products|ONE_TIME|1"", ""group_id"": ""structured_products"", ""text"": ""Structured Products one-time revenue fell ($41.1k) as no transactions were recorded in June compared to three in May."", ""title"": ""Structured Products ($41.1k)""}, {""cause_id"": ""TIMING"", ""data_source"": ""REAL"", ""direction"": ""UP"", ""driver_id"": ""SMPL002|202605|202606|alternative_investments|TIMING|1"", ""group_id"": ""alternative_investments"", ""text"": ""Alternative Investments revenue increased $7.8k due to quarterly billing timing that concentrated revenue in June."", ""title"": ""Alternative Investments $7.8k""}, {""cause_id"": ""NEW_ACCOUNT"", ""data_source"": ""REAL"", ""direction"": ""UP"", ""driver_id"": ""SMPL002|202605|202606|unified_managed_account|NEW_ACCOUNT|1"", ""group_id"": ""unified_managed_account"", ""text"": ""A new Unified Managed Account generated $4.8k in June revenue."", ""title"": ""Unified Managed Account $4.8k""}, {""cause_id"": ""FEE_RATE"", ""data_source"": ""REAL"", ""direction"": ""UP"", ""driver_id"": ""SMPL002|202605|202606|unified_managed_account|FEE_RATE|2"", ""group_id"": ""unified_managed_account"", ""text"": ""Unified Managed Account fee rates rose from 82.0 to 88.0 basis points, contributing $1.4k."", ""title"": ""Unified Managed Account $1.4k""}, {""cause_id"": ""BILLABLE_DAYS"", ""data_source"": ""DERIVED"", ""direction"": ""UP"", ""driver_id"": ""SMPL002|202605|202606|unified_managed_account|BILLABLE_DAYS|3"", ""group_id"": ""unified_managed_account"", ""text"": ""An additional billable day in June (22 versus 21 in May) added $0.9k to Unified Managed Account revenue."", ""title"": ""Unified Managed Account $0.9k""}]",PUBLISHED,,DERIVED
v9|SMPL003|202604|202605,v9,SMPL003,202604,202605,"▲ $20,150  32.9%","Revenue increased $20,150, or 32.9%, from $61,265 in April 2026 to $81,415 in May 2026. This growth was driven primarily by a substantial one-time contribution from Structured Products, which more than offset declines across Alternative Investments, Unified Managed Account, and Annuities.","[{""cause_id"": ""ONE_TIME"", ""data_source"": ""REAL"", ""direction"": ""UP"", ""driver_id"": ""SMPL003|202604|202605|structured_products|ONE_TIME|1"", ""group_id"": ""structured_products"", ""text"": ""Structured Products generated $45.6k in one-time revenue (3 transactions) in May, compared to none in April, contributing significantly to the month-over-month increase."", ""title"": ""Structured Products $45.6k""}, {""cause_id"": ""TIMING"", ""data_source"": ""REAL"", ""direction"": ""DOWN"", ""driver_id"": ""SMPL003|202604|202605|alternative_investments|TIMING|1"", ""group_id"": ""alternative_investments"", ""text"": ""Alternative Investments declined by ($8.6k) due to timing of quarterly billing, which fell in April rather than May."", ""title"": ""Alternative Investments ($8.6k)""}, {""cause_id"": ""LOST_ACCOUNT"", ""data_source"": ""REAL"", ""direction"": ""DOWN"", ""driver_id"": ""SMPL003|202604|202605|unified_managed_account|LOST_ACCOUNT|1"", ""group_id"": ""unified_managed_account"", ""text"": ""Unified Managed Account revenue decreased ($7.8k) following the loss of account SMPLACCT-3104."", ""title"": ""Unified Managed Account ($7.8k)""}, {""cause_id"": ""LOST_ACCOUNT"", ""data_source"": ""REAL"", ""direction"": ""DOWN"", ""driver_id"": ""SMPL003|202604|202605|annuities|LOST_ACCOUNT|1"", ""group_id"": ""annuities"", ""text"": ""Annuities revenue decreased ($7.4k) due to the same account loss (SMPLACCT-3104)."", ""title"": ""Annuities ($7.4k)""}, {""cause_id"": ""BILLABLE_DAYS"", ""data_source"": ""DERIVED"", ""direction"": ""DOWN"", ""driver_id"": ""SMPL003|202604|202605|unified_managed_account|BILLABLE_DAYS|2"", ""group_id"": ""unified_managed_account"", ""text"": ""Unified Managed Account was impacted by ($1.0k) due to one fewer billable day in May (21 days) compared to April (22 days)."", ""title"": ""Unified Managed Account ($1.0k)""}]",PUBLISHED,,DERIVED
v9|SMPL003|202605|202606,v9,SMPL003,202605,202606,"▼ ($32,103)  (39.4%)","Revenue declined significantly from May to June 2026, falling (39.4%) from $81,415 to $49,312, a decrease of ($32,103). This sharp contraction was primarily driven by the absence of one-time Structured Products revenue that had boosted the prior month, though this was partially offset by timing-related gains in Alternative Investments, a new Unified Managed Account relationship, and a modest contribution from additional billable days. A growing discount in Unified Managed Account offerings further pressured the overall result.","[{""cause_id"": ""ONE_TIME"", ""data_source"": ""REAL"", ""direction"": ""DOWN"", ""driver_id"": ""SMPL003|202605|202606|structured_products|ONE_TIME|1"", ""group_id"": ""structured_products"", ""text"": ""Structured Products revenue fell ($45.6k) as one-time transactions that generated $45,600 in May did not recur in June."", ""title"": ""Structured Products ($45.6k)""}, {""cause_id"": ""TIMING"", ""data_source"": ""REAL"", ""direction"": ""UP"", ""driver_id"": ""SMPL003|202605|202606|alternative_investments|TIMING|1"", ""group_id"": ""alternative_investments"", ""text"": ""Alternative Investments contributed $8.6k in June due to the quarterly billing cycle aligning with this month only."", ""title"": ""Alternative Investments $8.6k""}, {""cause_id"": ""NEW_ACCOUNT"", ""data_source"": ""REAL"", ""direction"": ""UP"", ""driver_id"": ""SMPL003|202605|202606|unified_managed_account|NEW_ACCOUNT|1"", ""group_id"": ""unified_managed_account"", ""text"": ""A new Unified Managed Account (SMPLACCT-3109) added $5.2k in June revenue."", ""title"": ""Unified Managed Account $5.2k""}, {""cause_id"": ""DISCOUNT"", ""data_source"": ""REAL"", ""direction"": ""DOWN"", ""driver_id"": ""SMPL003|202605|202606|unified_managed_account|DISCOUNT|2"", ""group_id"": ""unified_managed_account"", ""text"": ""Unified Managed Account discounting increased to $1,798.8 in June from zero in May, reducing revenue by ($1.8k)."", ""title"": ""Unified Managed Account ($1.8k)""}, {""cause_id"": ""BILLABLE_DAYS"", ""data_source"": ""DERIVED"", ""direction"": ""UP"", ""driver_id"": ""SMPL003|202605|202606|unified_managed_account|BILLABLE_DAYS|3"", ""group_id"": ""unified_managed_account"", ""text"": ""An additional billable day in Unified Managed Account (22 days in June versus 21 in May) contributed $1.1k in revenue."", ""title"": ""Unified Managed Account $1.1k""}]",PUBLISHED,,DERIVED
v10|SMPL001|202604|202605,v10,SMPL001,202604,202605,"▲ $21,363  48.8%","Revenue grew $21,363, or 48.8%, from $43,820 in April 2026 to $65,182 in May 2026. This substantial increase was driven primarily by a one-time spike in Structured Products, which more than offset declines across Alternative Investments, Unified Managed Account, and Equities.","[{""cause_id"": ""ONE_TIME"", ""data_source"": ""REAL"", ""direction"": ""UP"", ""driver_id"": ""SMPL001|202604|202605|structured_products|ONE_TIME|1"", ""group_id"": ""structured_products"", ""text"": ""Structured Products revenue jumped $36.6k due to three one-time transactions in May, compared to none in April."", ""title"": ""Structured Products $36.6k""}, {""cause_id"": ""TIMING"", ""data_source"": ""REAL"", ""direction"": ""DOWN"", ""driver_id"": ""SMPL001|202604|202605|alternative_investments|TIMING|1"", ""group_id"": ""alternative_investments"", ""text"": ""Alternative Investments declined ($7.0k) as quarterly billing fell in April but not in May."", ""title"": ""Alternative Investments ($7.0k)""}, {""cause_id"": ""LOST_ACCOUNT"", ""data_source"": ""REAL"", ""direction"": ""DOWN"", ""driver_id"": ""SMPL001|202604|202605|unified_managed_account|LOST_ACCOUNT|1"", ""group_id"": ""unified_managed_account"", ""text"": ""Unified Managed Account revenue decreased ($6.4k) following the loss of one account that contributed in April."", ""title"": ""Unified Managed Account ($6.4k)""}, {""cause_id"": ""BILLABLE_DAYS"", ""data_source"": ""DERIVED"", ""direction"": ""DOWN"", ""driver_id"": ""SMPL001|202604|202605|unified_managed_account|BILLABLE_DAYS|2"", ""group_id"": ""unified_managed_account"", ""text"": ""Unified Managed Account revenue was further pressured ($0.8k) by one fewer billable day in May versus April."", ""title"": ""Unified Managed Account ($0.8k)""}, {""cause_id"": ""VOLUME"", ""data_source"": ""REAL"", ""direction"": ""DOWN"", ""driver_id"": ""SMPL001|202604|202605|equities|VOLUME|1"", ""group_id"": ""equities"", ""text"": ""Equities revenue declined ($0.4k) as transaction volume fell from 8 to 5 transactions month-over-month."", ""title"": ""Equities ($0.4k)""}]",PUBLISHED,,DERIVED
v10|SMPL001|202605|202606,v10,SMPL001,202605,202606,"▼ ($29,745)  (45.6%)","Revenue declined significantly from May to June 2026, falling from $65,182 to $35,437, a decrease of ($29,745) or (45.6%). This substantial month-over-month drop was primarily driven by the absence of one-time Structured Products revenue that had contributed ($36.6k) in the prior month. This headwind was partially offset by a quarterly billing cycle for Alternative Investments that added ($7.0k) in June, new Unified Managed Account activity that contributed $4.5k, and a modest benefit from an additional billable day that added $0.8k. These gains together offset some but not all of the one-time revenue loss, leaving an unfavorable net variance.","[{""cause_id"": ""ONE_TIME"", ""data_source"": ""REAL"", ""direction"": ""DOWN"", ""driver_id"": ""SMPL001|202605|202606|structured_products|ONE_TIME|1"", ""group_id"": ""structured_products"", ""text"": ""Structured Products one-time revenue declined by ($36.6k) as three transactions in May did not repeat in June."", ""title"": ""Structured Products ($36.6k)""}, {""cause_id"": ""TIMING"", ""data_source"": ""REAL"", ""direction"": ""UP"", ""driver_id"": ""SMPL001|202605|202606|alternative_investments|TIMING|1"", ""group_id"": ""alternative_investments"", ""text"": ""Alternative Investments quarterly billing cycle contributed $7.0k in June revenue that did not appear in May."", ""title"": ""Alternative Investments $7.0k""}, {""cause_id"": ""ELIGIBILITY"", ""data_source"": ""REAL"", ""direction"": ""DOWN"", ""driver_id"": ""SMPL001|202605|202606|unified_managed_account|ELIGIBILITY|1"", ""group_id"": ""unified_managed_account"", ""text"": ""Unified Managed Account revenue fell by ($6.3k) due to one account moving to a non-credited reason code in June."", ""title"": ""Unified Managed Account ($6.3k)""}, {""cause_id"": ""NEW_ACCOUNT"", ""data_source"": ""REAL"", ""direction"": ""UP"", ""driver_id"": ""SMPL001|202605|202606|unified_managed_account|NEW_ACCOUNT|2"", ""group_id"": ""unified_managed_account"", ""text"": ""A new Unified Managed Account added $4.5k in June revenue."", ""title"": ""Unified Managed Account $4.5k""}, {""cause_id"": ""BILLABLE_DAYS"", ""data_source"": ""DERIVED"", ""direction"": ""UP"", ""driver_id"": ""SMPL001|202605|202606|unified_managed_account|BILLABLE_DAYS|3"", ""group_id"": ""unified_managed_account"", ""text"": ""An additional billable day in June (22 days versus 21 in May) contributed $0.8k of incremental Unified Managed Account revenue."", ""title"": ""Unified Managed Account $0.8k""}]",PUBLISHED,,DERIVED
v10|SMPL002|202604|202605,v10,SMPL002,202604,202605,"▲ $24,265  49.9%","Revenue increased $24,265, or 49.9%, from $48,621 in April 2026 to $72,886 in May 2026. This growth was driven primarily by a significant one-time contribution in Structured Products, which more than offset declines across Alternative Investments, Unified Managed Account, and Equities.","[{""cause_id"": ""ONE_TIME"", ""data_source"": ""REAL"", ""direction"": ""UP"", ""driver_id"": ""SMPL002|202604|202605|structured_products|ONE_TIME|1"", ""group_id"": ""structured_products"", ""text"": ""Structured Products generated $41.1k in one-time revenue in May, representing three transactions with no comparable activity in April."", ""title"": ""Structured Products $41.1k""}, {""cause_id"": ""TIMING"", ""data_source"": ""REAL"", ""direction"": ""DOWN"", ""driver_id"": ""SMPL002|202604|202605|alternative_investments|TIMING|1"", ""group_id"": ""alternative_investments"", ""text"": ""Alternative Investments declined ($7.8k) due to quarterly billing timing, with revenue recognized only in April."", ""title"": ""Alternative Investments ($7.8k)""}, {""cause_id"": ""LOST_ACCOUNT"", ""data_source"": ""REAL"", ""direction"": ""DOWN"", ""driver_id"": ""SMPL002|202604|202605|unified_managed_account|LOST_ACCOUNT|1"", ""group_id"": ""unified_managed_account"", ""text"": ""Unified Managed Account lost ($7.1k) following the departure of one account that contributed $7,120 in April."", ""title"": ""Unified Managed Account ($7.1k)""}, {""cause_id"": ""BILLABLE_DAYS"", ""data_source"": ""DERIVED"", ""direction"": ""DOWN"", ""driver_id"": ""SMPL002|202604|202605|unified_managed_account|BILLABLE_DAYS|2"", ""group_id"": ""unified_managed_account"", ""text"": ""Unified Managed Account was further pressured by ($0.9k) from a one-day reduction in billable days, declining from 22 to 21 days."", ""title"": ""Unified Managed Account ($0.9k)""}, {""cause_id"": ""VOLUME"", ""data_source"": ""REAL"", ""direction"": ""DOWN"", ""driver_id"": ""SMPL002|202604|202605|equities|VOLUME|1"", ""group_id"": ""equities"", ""text"": ""Equities revenue decreased ($0.4k) as transaction count fell from 10 to 7 transactions."", ""title"": ""Equities ($0.4k)""}]",PUBLISHED,,DERIVED
v10|SMPL002|202605|202606,v10,SMPL002,202605,202606,"▼ ($25,356)  (34.8%)","Revenue declined ($25,356) or (34.8%) from May to June 2026, falling from $72,886 to $47,530. The primary driver was a significant decrease in Structured Products related to one-time items, which alone accounted for the majority of the decline. This was partially offset by growth across Alternative Investments due to quarterly billing timing, a new Unified Managed Account, and modest increases within existing Unified Managed Account business from fee rate expansion and an additional billable day.","[{""cause_id"": ""ONE_TIME"", ""data_source"": ""REAL"", ""direction"": ""DOWN"", ""driver_id"": ""SMPL002|202605|202606|structured_products|ONE_TIME|1"", ""group_id"": ""structured_products"", ""text"": ""Structured Products revenue fell ($41.1k) as one-time items totaling $41,100 in May did not recur in June."", ""title"": ""Structured Products ($41.1k)""}, {""cause_id"": ""TIMING"", ""data_source"": ""REAL"", ""direction"": ""UP"", ""driver_id"": ""SMPL002|202605|202606|alternative_investments|TIMING|1"", ""group_id"": ""alternative_investments"", ""text"": ""Alternative Investments contributed $7.8k of new revenue in June driven by the quarterly billing cycle aligning to this month."", ""title"": ""Alternative Investments $7.8k""}, {""cause_id"": ""NEW_ACCOUNT"", ""data_source"": ""REAL"", ""direction"": ""UP"", ""driver_id"": ""SMPL002|202605|202606|unified_managed_account|NEW_ACCOUNT|1"", ""group_id"": ""unified_managed_account"", ""text"": ""A new Unified Managed Account generated $4.8k in June revenue."", ""title"": ""Unified Managed Account $4.8k""}, {""cause_id"": ""FEE_RATE"", ""data_source"": ""REAL"", ""direction"": ""UP"", ""driver_id"": ""SMPL002|202605|202606|unified_managed_account|FEE_RATE|2"", ""group_id"": ""unified_managed_account"", ""text"": ""Unified Managed Account fee rates increased from 82.0 to 88.0 basis points, adding $1.4k in revenue."", ""title"": ""Unified Managed Account $1.4k""}, {""cause_id"": ""BILLABLE_DAYS"", ""data_source"": ""DERIVED"", ""direction"": ""UP"", ""driver_id"": ""SMPL002|202605|202606|unified_managed_account|BILLABLE_DAYS|3"", ""group_id"": ""unified_managed_account"", ""text"": ""An additional billable day in June (22 days versus 21 in May) contributed $0.9k to Unified Managed Account revenue."", ""title"": ""Unified Managed Account $0.9k""}]",PUBLISHED,,DERIVED
v10|SMPL003|202604|202605,v10,SMPL003,202604,202605,"▲ $20,150  32.9%","Revenue increased $20,150, or 32.9%, from $61,265 in April 2026 to $81,415 in May 2026. This growth was primarily driven by a substantial one-time contribution in Structured Products, which more than offset declines across Alternative Investments, Unified Managed Account, and Annuities due to timing and account losses.","[{""cause_id"": ""ONE_TIME"", ""data_source"": ""REAL"", ""direction"": ""UP"", ""driver_id"": ""SMPL003|202604|202605|structured_products|ONE_TIME|1"", ""group_id"": ""structured_products"", ""text"": ""One-time Structured Products revenue of $45.6k in May (3 transactions) compared to none in April contributed $45.6k to the month-over-month increase."", ""title"": ""Structured Products $45.6k""}, {""cause_id"": ""TIMING"", ""data_source"": ""REAL"", ""direction"": ""DOWN"", ""driver_id"": ""SMPL003|202604|202605|alternative_investments|TIMING|1"", ""group_id"": ""alternative_investments"", ""text"": ""Alternative Investments revenue declined ($8.6k) due to quarterly billing timing, with revenue recorded in April but not in May."", ""title"": ""Alternative Investments ($8.6k)""}, {""cause_id"": ""LOST_ACCOUNT"", ""data_source"": ""REAL"", ""direction"": ""DOWN"", ""driver_id"": ""SMPL003|202604|202605|unified_managed_account|LOST_ACCOUNT|1"", ""group_id"": ""unified_managed_account"", ""text"": ""Loss of account SMPLACCT-3104 resulted in a ($7.8k) decline in Unified Managed Account revenue."", ""title"": ""Unified Managed Account ($7.8k)""}, {""cause_id"": ""LOST_ACCOUNT"", ""data_source"": ""REAL"", ""direction"": ""DOWN"", ""driver_id"": ""SMPL003|202604|202605|annuities|LOST_ACCOUNT|1"", ""group_id"": ""annuities"", ""text"": ""Loss of account SMPLACCT-3104 resulted in a ($7.4k) decline in Annuities revenue."", ""title"": ""Annuities ($7.4k)""}, {""cause_id"": ""BILLABLE_DAYS"", ""data_source"": ""DERIVED"", ""direction"": ""DOWN"", ""driver_id"": ""SMPL003|202604|202605|unified_managed_account|BILLABLE_DAYS|2"", ""group_id"": ""unified_managed_account"", ""text"": ""Unified Managed Account revenue decreased ($1.0k) due to one fewer billable day in May (21 days versus 22 days in April)."", ""title"": ""Unified Managed Account ($1.0k)""}]",PUBLISHED,,DERIVED
v10|SMPL003|202605|202606,v10,SMPL003,202605,202606,"▼ ($32,103)  (39.4%)","Revenue declined sharply by ($32,103), or (39.4%), from $81,415 in May to $49,312 in June 2026. The primary driver was a substantial one-time decline in Structured Products, largely offset by modest gains in Alternative Investments timing, new account activity in Unified Managed Account, and a minor benefit from billable days, though these gains were partially reduced by increased discounting.","[{""cause_id"": ""ONE_TIME"", ""data_source"": ""REAL"", ""direction"": ""DOWN"", ""driver_id"": ""SMPL003|202605|202606|structured_products|ONE_TIME|1"", ""group_id"": ""structured_products"", ""text"": ""Structured Products revenue fell ($45.6k) as one-time transactions that contributed $45,600 in May did not recur in June."", ""title"": ""Structured Products ($45.6k)""}, {""cause_id"": ""TIMING"", ""data_source"": ""REAL"", ""direction"": ""UP"", ""driver_id"": ""SMPL003|202605|202606|alternative_investments|TIMING|1"", ""group_id"": ""alternative_investments"", ""text"": ""Alternative Investments added $8.6k due to quarterly billing that fell in June rather than May."", ""title"": ""Alternative Investments $8.6k""}, {""cause_id"": ""NEW_ACCOUNT"", ""data_source"": ""REAL"", ""direction"": ""UP"", ""driver_id"": ""SMPL003|202605|202606|unified_managed_account|NEW_ACCOUNT|1"", ""group_id"": ""unified_managed_account"", ""text"": ""A new Unified Managed Account generated $5.2k in June revenue."", ""title"": ""Unified Managed Account $5.2k""}, {""cause_id"": ""DISCOUNT"", ""data_source"": ""REAL"", ""direction"": ""DOWN"", ""driver_id"": ""SMPL003|202605|202606|unified_managed_account|DISCOUNT|2"", ""group_id"": ""unified_managed_account"", ""text"": ""Unified Managed Account discounting increased by ($1.8k) as the number of discounted rows grew from 0 to 2."", ""title"": ""Unified Managed Account ($1.8k)""}, {""cause_id"": ""BILLABLE_DAYS"", ""data_source"": ""DERIVED"", ""direction"": ""UP"", ""driver_id"": ""SMPL003|202605|202606|unified_managed_account|BILLABLE_DAYS|3"", ""group_id"": ""unified_managed_account"", ""text"": ""Unified Managed Account revenue benefited by $1.1k from an increase in billable days, from 21 to 22."", ""title"": ""Unified Managed Account $1.1k""}]",PUBLISHED,,DERIVED
v11|SMPL001|202604|202605,v11,SMPL001,202604,202605,"▲ $21,363  48.8%","Credited revenue moved up $21,363 (48.8%) from April 2026 to May 2026. Structured Products contributed $36.6k (one-time items in one month did not repeat in the other). Alternative Investments contributed ($7.0k) (quarterly billing fell in one month of the pair, not the other). Unified Managed Account contributed ($6.4k) (this is the first period in the loaded data, so account-level attribution is unavailable for this transition — a prior period would be needed to tell account openings and closures apart).","[{""cause_id"": ""ONE_TIME"", ""data_source"": ""REAL"", ""direction"": ""UP"", ""driver_id"": ""SMPL001|202604|202605|structured_products|ONE_TIME|1"", ""group_id"": ""structured_products"", ""text"": ""One-time items in one month did not repeat in the other."", ""title"": ""Structured Products $36.6k""}, {""cause_id"": ""TIMING"", ""data_source"": ""REAL"", ""direction"": ""DOWN"", ""driver_id"": ""SMPL001|202604|202605|alternative_investments|TIMING|1"", ""group_id"": ""alternative_investments"", ""text"": ""Quarterly billing fell in one month of the pair, not the other."", ""title"": ""Alternative Investments ($7.0k)""}, {""cause_id"": ""BASELINE_LIMITED"", ""data_source"": ""DERIVED"", ""direction"": ""DOWN"", ""driver_id"": ""SMPL001|202604|202605|unified_managed_account|BASELINE_LIMITED|1"", ""group_id"": ""unified_managed_account"", ""text"": ""This is the first period in the loaded data, so account-level attribution is unavailable for this transition \u2014 a prior period would be needed to tell account openings and closures apart."", ""title"": ""Unified Managed Account ($6.4k)""}, {""cause_id"": ""BILLABLE_DAYS"", ""data_source"": ""DERIVED"", ""direction"": ""DOWN"", ""driver_id"": ""SMPL001|202604|202605|unified_managed_account|BILLABLE_DAYS|2"", ""group_id"": ""unified_managed_account"", ""text"": ""The months have a different number of billable days."", ""title"": ""Unified Managed Account ($0.8k)""}, {""cause_id"": ""VOLUME"", ""data_source"": ""REAL"", ""direction"": ""DOWN"", ""driver_id"": ""SMPL001|202604|202605|equities|VOLUME|1"", ""group_id"": ""equities"", ""text"": ""Transaction volume changed at broadly similar rates."", ""title"": ""Equities ($0.4k)""}]",PUBLISHED,,DERIVED
v11|SMPL001|202605|202606,v11,SMPL001,202605,202606,"▼ ($29,745)  (45.6%)","Credited revenue moved down ($29,745) (45.6%) from May 2026 to June 2026. Structured Products contributed ($36.6k) (one-time items in one month did not repeat in the other). Alternative Investments contributed $7.0k (quarterly billing fell in one month of the pair, not the other). Unified Managed Account contributed ($6.3k) (revenue moved between credited and non-credited reason codes month over month).","[{""cause_id"": ""ONE_TIME"", ""data_source"": ""REAL"", ""direction"": ""DOWN"", ""driver_id"": ""SMPL001|202605|202606|structured_products|ONE_TIME|1"", ""group_id"": ""structured_products"", ""text"": ""One-time items in one month did not repeat in the other."", ""title"": ""Structured Products ($36.6k)""}, {""cause_id"": ""TIMING"", ""data_source"": ""REAL"", ""direction"": ""UP"", ""driver_id"": ""SMPL001|202605|202606|alternative_investments|TIMING|1"", ""group_id"": ""alternative_investments"", ""text"": ""Quarterly billing fell in one month of the pair, not the other."", ""title"": ""Alternative Investments $7.0k""}, {""cause_id"": ""ELIGIBILITY"", ""data_source"": ""REAL"", ""direction"": ""DOWN"", ""driver_id"": ""SMPL001|202605|202606|unified_managed_account|ELIGIBILITY|1"", ""group_id"": ""unified_managed_account"", ""text"": ""Revenue moved between credited and non-credited reason codes month over month."", ""title"": ""Unified Managed Account ($6.3k)""}, {""cause_id"": ""NEW_ACCOUNT"", ""data_source"": ""REAL"", ""direction"": ""UP"", ""driver_id"": ""SMPL001|202605|202606|unified_managed_account|NEW_ACCOUNT|2"", ""group_id"": ""unified_managed_account"", ""text"": ""Accounts contributed this month that did not contribute last month."", ""title"": ""Unified Managed Account $4.5k""}, {""cause_id"": ""BILLABLE_DAYS"", ""data_source"": ""DERIVED"", ""direction"": ""UP"", ""driver_id"": ""SMPL001|202605|202606|unified_managed_account|BILLABLE_DAYS|3"", ""group_id"": ""unified_managed_account"", ""text"": ""The months have a different number of billable days."", ""title"": ""Unified Managed Account $0.8k""}]",PUBLISHED,,DERIVED
v11|SMPL002|202604|202605,v11,SMPL002,202604,202605,"▲ $24,265  49.9%","Credited revenue moved up $24,265 (49.9%) from April 2026 to May 2026. Structured Products contributed $41.1k (one-time items in one month did not repeat in the other). Alternative Investments contributed ($7.8k) (quarterly billing fell in one month of the pair, not the other). Unified Managed Account contributed ($7.1k) (this is the first period in the loaded data, so account-level attribution is unavailable for this transition — a prior period would be needed to tell account openings and closures apart).","[{""cause_id"": ""ONE_TIME"", ""data_source"": ""REAL"", ""direction"": ""UP"", ""driver_id"": ""SMPL002|202604|202605|structured_products|ONE_TIME|1"", ""group_id"": ""structured_products"", ""text"": ""One-time items in one month did not repeat in the other."", ""title"": ""Structured Products $41.1k""}, {""cause_id"": ""TIMING"", ""data_source"": ""REAL"", ""direction"": ""DOWN"", ""driver_id"": ""SMPL002|202604|202605|alternative_investments|TIMING|1"", ""group_id"": ""alternative_investments"", ""text"": ""Quarterly billing fell in one month of the pair, not the other."", ""title"": ""Alternative Investments ($7.8k)""}, {""cause_id"": ""BASELINE_LIMITED"", ""data_source"": ""DERIVED"", ""direction"": ""DOWN"", ""driver_id"": ""SMPL002|202604|202605|unified_managed_account|BASELINE_LIMITED|1"", ""group_id"": ""unified_managed_account"", ""text"": ""This is the first period in the loaded data, so account-level attribution is unavailable for this transition \u2014 a prior period would be needed to tell account openings and closures apart."", ""title"": ""Unified Managed Account ($7.1k)""}, {""cause_id"": ""BILLABLE_DAYS"", ""data_source"": ""DERIVED"", ""direction"": ""DOWN"", ""driver_id"": ""SMPL002|202604|202605|unified_managed_account|BILLABLE_DAYS|2"", ""group_id"": ""unified_managed_account"", ""text"": ""The months have a different number of billable days."", ""title"": ""Unified Managed Account ($0.9k)""}, {""cause_id"": ""VOLUME"", ""data_source"": ""REAL"", ""direction"": ""DOWN"", ""driver_id"": ""SMPL002|202604|202605|equities|VOLUME|1"", ""group_id"": ""equities"", ""text"": ""Transaction volume changed at broadly similar rates."", ""title"": ""Equities ($0.4k)""}]",PUBLISHED,,DERIVED
v11|SMPL002|202605|202606,v11,SMPL002,202605,202606,"▼ ($25,356)  (34.8%)","Credited revenue moved down ($25,356) (34.8%) from May 2026 to June 2026. Structured Products contributed ($41.1k) (one-time items in one month did not repeat in the other). Alternative Investments contributed $7.8k (quarterly billing fell in one month of the pair, not the other). Unified Managed Account contributed $4.8k (accounts contributed this month that did not contribute last month).","[{""cause_id"": ""ONE_TIME"", ""data_source"": ""REAL"", ""direction"": ""DOWN"", ""driver_id"": ""SMPL002|202605|202606|structured_products|ONE_TIME|1"", ""group_id"": ""structured_products"", ""text"": ""One-time items in one month did not repeat in the other."", ""title"": ""Structured Products ($41.1k)""}, {""cause_id"": ""TIMING"", ""data_source"": ""REAL"", ""direction"": ""UP"", ""driver_id"": ""SMPL002|202605|202606|alternative_investments|TIMING|1"", ""group_id"": ""alternative_investments"", ""text"": ""Quarterly billing fell in one month of the pair, not the other."", ""title"": ""Alternative Investments $7.8k""}, {""cause_id"": ""NEW_ACCOUNT"", ""data_source"": ""REAL"", ""direction"": ""UP"", ""driver_id"": ""SMPL002|202605|202606|unified_managed_account|NEW_ACCOUNT|1"", ""group_id"": ""unified_managed_account"", ""text"": ""Accounts contributed this month that did not contribute last month."", ""title"": ""Unified Managed Account $4.8k""}, {""cause_id"": ""FEE_RATE"", ""data_source"": ""REAL"", ""direction"": ""UP"", ""driver_id"": ""SMPL002|202605|202606|unified_managed_account|FEE_RATE|2"", ""group_id"": ""unified_managed_account"", ""text"": ""The effective fee rate on the recurring base moved between the months."", ""title"": ""Unified Managed Account $1.4k""}, {""cause_id"": ""BILLABLE_DAYS"", ""data_source"": ""DERIVED"", ""direction"": ""UP"", ""driver_id"": ""SMPL002|202605|202606|unified_managed_account|BILLABLE_DAYS|3"", ""group_id"": ""unified_managed_account"", ""text"": ""The months have a different number of billable days."", ""title"": ""Unified Managed Account $0.9k""}]",PUBLISHED,,DERIVED
v11|SMPL003|202604|202605,v11,SMPL003,202604,202605,"▲ $20,150  32.9%","Credited revenue moved up $20,150 (32.9%) from April 2026 to May 2026. Structured Products contributed $45.6k (one-time items in one month did not repeat in the other). Alternative Investments contributed ($8.6k) (quarterly billing fell in one month of the pair, not the other). Unified Managed Account contributed ($7.8k) (this is the first period in the loaded data, so account-level attribution is unavailable for this transition — a prior period would be needed to tell account openings and closures apart).","[{""cause_id"": ""ONE_TIME"", ""data_source"": ""REAL"", ""direction"": ""UP"", ""driver_id"": ""SMPL003|202604|202605|structured_products|ONE_TIME|1"", ""group_id"": ""structured_products"", ""text"": ""One-time items in one month did not repeat in the other."", ""title"": ""Structured Products $45.6k""}, {""cause_id"": ""TIMING"", ""data_source"": ""REAL"", ""direction"": ""DOWN"", ""driver_id"": ""SMPL003|202604|202605|alternative_investments|TIMING|1"", ""group_id"": ""alternative_investments"", ""text"": ""Quarterly billing fell in one month of the pair, not the other."", ""title"": ""Alternative Investments ($8.6k)""}, {""cause_id"": ""BASELINE_LIMITED"", ""data_source"": ""DERIVED"", ""direction"": ""DOWN"", ""driver_id"": ""SMPL003|202604|202605|unified_managed_account|BASELINE_LIMITED|1"", ""group_id"": ""unified_managed_account"", ""text"": ""This is the first period in the loaded data, so account-level attribution is unavailable for this transition \u2014 a prior period would be needed to tell account openings and closures apart."", ""title"": ""Unified Managed Account ($7.8k)""}, {""cause_id"": ""BASELINE_LIMITED"", ""data_source"": ""DERIVED"", ""direction"": ""DOWN"", ""driver_id"": ""SMPL003|202604|202605|annuities|BASELINE_LIMITED|1"", ""group_id"": ""annuities"", ""text"": ""This is the first period in the loaded data, so account-level attribution is unavailable for this transition \u2014 a prior period would be needed to tell account openings and closures apart."", ""title"": ""Annuities ($7.4k)""}, {""cause_id"": ""BILLABLE_DAYS"", ""data_source"": ""DERIVED"", ""direction"": ""DOWN"", ""driver_id"": ""SMPL003|202604|202605|unified_managed_account|BILLABLE_DAYS|2"", ""group_id"": ""unified_managed_account"", ""text"": ""The months have a different number of billable days."", ""title"": ""Unified Managed Account ($1.0k)""}]",PUBLISHED,,DERIVED
v11|SMPL003|202605|202606,v11,SMPL003,202605,202606,"▼ ($32,103)  (39.4%)","Credited revenue moved down ($32,103) (39.4%) from May 2026 to June 2026. Structured Products contributed ($45.6k) (one-time items in one month did not repeat in the other). Alternative Investments contributed $8.6k (quarterly billing fell in one month of the pair, not the other). Unified Managed Account contributed $5.2k (accounts contributed this month that did not contribute last month).","[{""cause_id"": ""ONE_TIME"", ""data_source"": ""REAL"", ""direction"": ""DOWN"", ""driver_id"": ""SMPL003|202605|202606|structured_products|ONE_TIME|1"", ""group_id"": ""structured_products"", ""text"": ""One-time items in one month did not repeat in the other."", ""title"": ""Structured Products ($45.6k)""}, {""cause_id"": ""TIMING"", ""data_source"": ""REAL"", ""direction"": ""UP"", ""driver_id"": ""SMPL003|202605|202606|alternative_investments|TIMING|1"", ""group_id"": ""alternative_investments"", ""text"": ""Quarterly billing fell in one month of the pair, not the other."", ""title"": ""Alternative Investments $8.6k""}, {""cause_id"": ""NEW_ACCOUNT"", ""data_source"": ""REAL"", ""direction"": ""UP"", ""driver_id"": ""SMPL003|202605|202606|unified_managed_account|NEW_ACCOUNT|1"", ""group_id"": ""unified_managed_account"", ""text"": ""Accounts contributed this month that did not contribute last month."", ""title"": ""Unified Managed Account $5.2k""}, {""cause_id"": ""DISCOUNT"", ""data_source"": ""REAL"", ""direction"": ""DOWN"", ""driver_id"": ""SMPL003|202605|202606|unified_managed_account|DISCOUNT|2"", ""group_id"": ""unified_managed_account"", ""text"": ""Discounting changed between the months."", ""title"": ""Unified Managed Account ($1.8k)""}, {""cause_id"": ""BILLABLE_DAYS"", ""data_source"": ""DERIVED"", ""direction"": ""UP"", ""driver_id"": ""SMPL003|202605|202606|unified_managed_account|BILLABLE_DAYS|3"", ""group_id"": ""unified_managed_account"", ""text"": ""The months have a different number of billable days."", ""title"": ""Unified Managed Account $1.1k""}]",PUBLISHED,,DERIVED
v12|SMPL001|202604|202605,v12,SMPL001,202604,202605,"▲ $27,491  62.7%","Credited revenue moved up $27,491 (62.7%) from April 2026 to May 2026. Structured Products contributed $36.6k (one-time items in one month did not repeat in the other). Alternative Investments contributed ($7.0k) (quarterly billing fell in one month of the pair, not the other). Unified Managed Account contributed ($1.1k) (the months have a different number of billable days).","[{""cause_id"": ""ONE_TIME"", ""data_source"": ""REAL"", ""direction"": ""UP"", ""driver_id"": ""SMPL001|202604|202605|structured_products|ONE_TIME|1"", ""group_id"": ""structured_products"", ""text"": ""One-time items in one month did not repeat in the other."", ""title"": ""Structured Products $36.6k""}, {""cause_id"": ""TIMING"", ""data_source"": ""REAL"", ""direction"": ""DOWN"", ""driver_id"": ""SMPL001|202604|202605|alternative_investments|TIMING|1"", ""group_id"": ""alternative_investments"", ""text"": ""Quarterly billing fell in one month of the pair, not the other."", ""title"": ""Alternative Investments ($7.0k)""}, {""cause_id"": ""BILLABLE_DAYS"", ""data_source"": ""DERIVED"", ""direction"": ""DOWN"", ""driver_id"": ""SMPL001|202604|202605|unified_managed_account|BILLABLE_DAYS|1"", ""group_id"": ""unified_managed_account"", ""text"": ""The months have a different number of billable days."", ""title"": ""Unified Managed Account ($1.1k)""}, {""cause_id"": ""VOLUME"", ""data_source"": ""REAL"", ""direction"": ""DOWN"", ""driver_id"": ""SMPL001|202604|202605|equities|VOLUME|1"", ""group_id"": ""equities"", ""text"": ""Transaction volume changed at broadly similar rates."", ""title"": ""Equities ($0.4k)""}, {""cause_id"": ""BILLABLE_DAYS"", ""data_source"": ""DERIVED"", ""direction"": ""DOWN"", ""driver_id"": ""SMPL001|202604|202605|jpmcap|BILLABLE_DAYS|1"", ""group_id"": ""jpmcap"", ""text"": ""The months have a different number of billable days."", ""title"": ""JPMCAP ($0.2k)""}]",PUBLISHED,,DERIVED
v12|SMPL001|202605|202606,v12,SMPL001,202605,202606,"▼ ($35,873)  (50.3%)","Credited revenue moved down ($35,873) (50.3%) from May 2026 to June 2026. Structured Products contributed ($36.6k) (one-time items in one month did not repeat in the other). Alternative Investments contributed $7.0k (quarterly billing fell in one month of the pair, not the other). Unified Managed Account contributed ($6.3k) (revenue moved between credited and non-credited reason codes month over month).","[{""cause_id"": ""ONE_TIME"", ""data_source"": ""REAL"", ""direction"": ""DOWN"", ""driver_id"": ""SMPL001|202605|202606|structured_products|ONE_TIME|1"", ""group_id"": ""structured_products"", ""text"": ""One-time items in one month did not repeat in the other."", ""title"": ""Structured Products ($36.6k)""}, {""cause_id"": ""TIMING"", ""data_source"": ""REAL"", ""direction"": ""UP"", ""driver_id"": ""SMPL001|202605|202606|alternative_investments|TIMING|1"", ""group_id"": ""alternative_investments"", ""text"": ""Quarterly billing fell in one month of the pair, not the other."", ""title"": ""Alternative Investments $7.0k""}, {""cause_id"": ""ELIGIBILITY"", ""data_source"": ""REAL"", ""direction"": ""DOWN"", ""driver_id"": ""SMPL001|202605|202606|unified_managed_account|ELIGIBILITY|1"", ""group_id"": ""unified_managed_account"", ""text"": ""Revenue moved between credited and non-credited reason codes month over month."", ""title"": ""Unified Managed Account ($6.3k)""}, {""cause_id"": ""LOST_ACCOUNT"", ""data_source"": ""REAL"", ""direction"": ""DOWN"", ""driver_id"": ""SMPL001|202605|202606|unified_managed_account|LOST_ACCOUNT|2"", ""group_id"": ""unified_managed_account"", ""text"": ""Accounts that contributed last month did not contribute this month."", ""title"": ""Unified Managed Account ($6.1k)""}, {""cause_id"": ""NEW_ACCOUNT"", ""data_source"": ""REAL"", ""direction"": ""UP"", ""driver_id"": ""SMPL001|202605|202606|unified_managed_account|NEW_ACCOUNT|3"", ""group_id"": ""unified_managed_account"", ""text"": ""Accounts contributed this month that did not contribute last month."", ""title"": ""Unified Managed Account $4.5k""}]",PUBLISHED,,DERIVED
v12|SMPL002|202604|202605,v12,SMPL002,202604,202605,"▲ $31,061  63.9%","Credited revenue moved up $31,061 (63.9%) from April 2026 to May 2026. Structured Products contributed $41.1k (one-time items in one month did not repeat in the other). Alternative Investments contributed ($7.8k) (quarterly billing fell in one month of the pair, not the other). Unified Managed Account contributed ($1.3k) (the months have a different number of billable days).","[{""cause_id"": ""ONE_TIME"", ""data_source"": ""REAL"", ""direction"": ""UP"", ""driver_id"": ""SMPL002|202604|202605|structured_products|ONE_TIME|1"", ""group_id"": ""structured_products"", ""text"": ""One-time items in one month did not repeat in the other."", ""title"": ""Structured Products $41.1k""}, {""cause_id"": ""TIMING"", ""data_source"": ""REAL"", ""direction"": ""DOWN"", ""driver_id"": ""SMPL002|202604|202605|alternative_investments|TIMING|1"", ""group_id"": ""alternative_investments"", ""text"": ""Quarterly billing fell in one month of the pair, not the other."", ""title"": ""Alternative Investments ($7.8k)""}, {""cause_id"": ""BILLABLE_DAYS"", ""data_source"": ""DERIVED"", ""direction"": ""DOWN"", ""driver_id"": ""SMPL002|202604|202605|unified_managed_account|BILLABLE_DAYS|1"", ""group_id"": ""unified_managed_account"", ""text"": ""The months have a different number of billable days."", ""title"": ""Unified Managed Account ($1.3k)""}, {""cause_id"": ""VOLUME"", ""data_source"": ""REAL"", ""direction"": ""DOWN"", ""driver_id"": ""SMPL002|202604|202605|equities|VOLUME|1"", ""group_id"": ""equities"", ""text"": ""Transaction volume changed at broadly similar rates."", ""title"": ""Equities ($0.4k)""}, {""cause_id"": ""CLAWBACK"", ""data_source"": ""REAL"", ""direction"": ""DOWN"", ""driver_id"": ""SMPL002|202604|202605|mutual_fund_trails|CLAWBACK|1"", ""group_id"": ""mutual_fund_trails"", ""text"": ""Reversal (negative) amounts changed between the months."", ""title"": ""Mutual Fund Trails ($0.2k)""}]",PUBLISHED,,DERIVED
v12|SMPL002|202605|202606,v12,SMPL002,202605,202606,"▼ ($32,152)  (40.4%)","Credited revenue moved down ($32,152) (40.4%) from May 2026 to June 2026. Structured Products contributed ($41.1k) (one-time items in one month did not repeat in the other). Alternative Investments contributed $7.8k (quarterly billing fell in one month of the pair, not the other). Unified Managed Account contributed ($6.8k) (accounts that contributed last month did not contribute this month).","[{""cause_id"": ""ONE_TIME"", ""data_source"": ""REAL"", ""direction"": ""DOWN"", ""driver_id"": ""SMPL002|202605|202606|structured_products|ONE_TIME|1"", ""group_id"": ""structured_products"", ""text"": ""One-time items in one month did not repeat in the other."", ""title"": ""Structured Products ($41.1k)""}, {""cause_id"": ""TIMING"", ""data_source"": ""REAL"", ""direction"": ""UP"", ""driver_id"": ""SMPL002|202605|202606|alternative_investments|TIMING|1"", ""group_id"": ""alternative_investments"", ""text"": ""Quarterly billing fell in one month of the pair, not the other."", ""title"": ""Alternative Investments $7.8k""}, {""cause_id"": ""LOST_ACCOUNT"", ""data_source"": ""REAL"", ""direction"": ""DOWN"", ""driver_id"": ""SMPL002|202605|202606|unified_managed_account|LOST_ACCOUNT|1"", ""group_id"": ""unified_managed_account"", ""text"": ""Accounts that contributed last month did not contribute this month."", ""title"": ""Unified Managed Account ($6.8k)""}, {""cause_id"": ""NEW_ACCOUNT"", ""data_source"": ""REAL"", ""direction"": ""UP"", ""driver_id"": ""SMPL002|202605|202606|unified_managed_account|NEW_ACCOUNT|2"", ""group_id"": ""unified_managed_account"", ""text"": ""Accounts contributed this month that did not contribute last month."", ""title"": ""Unified Managed Account $4.8k""}, {""cause_id"": ""FEE_RATE"", ""data_source"": ""REAL"", ""direction"": ""UP"", ""driver_id"": ""SMPL002|202605|202606|unified_managed_account|FEE_RATE|3"", ""group_id"": ""unified_managed_account"", ""text"": ""The effective fee rate on the recurring base moved between the months."", ""title"": ""Unified Managed Account $1.4k""}]",PUBLISHED,,DERIVED
v12|SMPL003|202604|202605,v12,SMPL003,202604,202605,"▲ $27,615  45.1%","Credited revenue moved up $27,615 (45.1%) from April 2026 to May 2026. Structured Products contributed $45.6k (one-time items in one month did not repeat in the other). Alternative Investments contributed ($8.6k) (quarterly billing fell in one month of the pair, not the other). Annuities contributed ($7.4k) (one-time items in one month did not repeat in the other).","[{""cause_id"": ""ONE_TIME"", ""data_source"": ""REAL"", ""direction"": ""UP"", ""driver_id"": ""SMPL003|202604|202605|structured_products|ONE_TIME|1"", ""group_id"": ""structured_products"", ""text"": ""One-time items in one month did not repeat in the other."", ""title"": ""Structured Products $45.6k""}, {""cause_id"": ""TIMING"", ""data_source"": ""REAL"", ""direction"": ""DOWN"", ""driver_id"": ""SMPL003|202604|202605|alternative_investments|TIMING|1"", ""group_id"": ""alternative_investments"", ""text"": ""Quarterly billing fell in one month of the pair, not the other."", ""title"": ""Alternative Investments ($8.6k)""}, {""cause_id"": ""ONE_TIME"", ""data_source"": ""REAL"", ""direction"": ""DOWN"", ""driver_id"": ""SMPL003|202604|202605|annuities|ONE_TIME|1"", ""group_id"": ""annuities"", ""text"": ""One-time items in one month did not repeat in the other."", ""title"": ""Annuities ($7.4k)""}, {""cause_id"": ""BILLABLE_DAYS"", ""data_source"": ""DERIVED"", ""direction"": ""DOWN"", ""driver_id"": ""SMPL003|202604|202605|unified_managed_account|BILLABLE_DAYS|1"", ""group_id"": ""unified_managed_account"", ""text"": ""The months have a different number of billable days."", ""title"": ""Unified Managed Account ($1.4k)""}, {""cause_id"": ""LATE_PROCESSING"", ""data_source"": ""REAL"", ""direction"": ""UP"", ""driver_id"": ""SMPL003|202604|202605|unified_managed_account|LATE_PROCESSING|2"", ""group_id"": ""unified_managed_account"", ""text"": ""Revenue excluded by the 90-day processing rule changed between the months."", ""title"": ""Unified Managed Account $0.9k""}]",PUBLISHED,,DERIVED
v12|SMPL003|202605|202606,v12,SMPL003,202605,202606,"▼ ($39,568)  (44.5%)","Credited revenue moved down ($39,568) (44.5%) from May 2026 to June 2026. Structured Products contributed ($45.6k) (one-time items in one month did not repeat in the other). Alternative Investments contributed $8.6k (quarterly billing fell in one month of the pair, not the other). Unified Managed Account contributed ($7.5k) (accounts that contributed last month did not contribute this month).","[{""cause_id"": ""ONE_TIME"", ""data_source"": ""REAL"", ""direction"": ""DOWN"", ""driver_id"": ""SMPL003|202605|202606|structured_products|ONE_TIME|1"", ""group_id"": ""structured_products"", ""text"": ""One-time items in one month did not repeat in the other."", ""title"": ""Structured Products ($45.6k)""}, {""cause_id"": ""TIMING"", ""data_source"": ""REAL"", ""direction"": ""UP"", ""driver_id"": ""SMPL003|202605|202606|alternative_investments|TIMING|1"", ""group_id"": ""alternative_investments"", ""text"": ""Quarterly billing fell in one month of the pair, not the other."", ""title"": ""Alternative Investments $8.6k""}, {""cause_id"": ""LOST_ACCOUNT"", ""data_source"": ""REAL"", ""direction"": ""DOWN"", ""driver_id"": ""SMPL003|202605|202606|unified_managed_account|LOST_ACCOUNT|1"", ""group_id"": ""unified_managed_account"", ""text"": ""Accounts that contributed last month did not contribute this month."", ""title"": ""Unified Managed Account ($7.5k)""}, {""cause_id"": ""NEW_ACCOUNT"", ""data_source"": ""REAL"", ""direction"": ""UP"", ""driver_id"": ""SMPL003|202605|202606|unified_managed_account|NEW_ACCOUNT|2"", ""group_id"": ""unified_managed_account"", ""text"": ""Accounts contributed this month that did not contribute last month."", ""title"": ""Unified Managed Account $5.2k""}, {""cause_id"": ""DISCOUNT"", ""data_source"": ""REAL"", ""direction"": ""DOWN"", ""driver_id"": ""SMPL003|202605|202606|unified_managed_account|DISCOUNT|3"", ""group_id"": ""unified_managed_account"", ""text"": ""Discounting changed between the months."", ""title"": ""Unified Managed Account ($1.8k)""}]",PUBLISHED,,DERIVED
v13|SMPL001|202604|202605,v13,SMPL001,202604,202605,"▲ $25,891  57.0%","Credited revenue moved up $25,891 (57.0%) from April 2026 to May 2026. Structured Products contributed $36.6k (one-time items in one month did not repeat in the other). Alternative Investments contributed ($7.0k) (quarterly billing fell in one month of the pair, not the other). Unified Managed Account contributed ($1.6k) (this is the first period in the loaded data, so account-level attribution is unavailable for this transition — a prior period would be needed to tell account openings and closures apart).","[{""cause_id"": ""ONE_TIME"", ""data_source"": ""REAL"", ""direction"": ""UP"", ""driver_id"": ""SMPL001|202604|202605|structured_products|ONE_TIME|1"", ""group_id"": ""structured_products"", ""text"": ""One-time items in one month did not repeat in the other."", ""title"": ""Structured Products $36.6k""}, {""cause_id"": ""TIMING"", ""data_source"": ""REAL"", ""direction"": ""DOWN"", ""driver_id"": ""SMPL001|202604|202605|alternative_investments|TIMING|1"", ""group_id"": ""alternative_investments"", ""text"": ""Quarterly billing fell in one month of the pair, not the other."", ""title"": ""Alternative Investments ($7.0k)""}, {""cause_id"": ""BASELINE_LIMITED"", ""data_source"": ""DERIVED"", ""direction"": ""DOWN"", ""driver_id"": ""SMPL001|202604|202605|unified_managed_account|BASELINE_LIMITED|1"", ""group_id"": ""unified_managed_account"", ""text"": ""This is the first period in the loaded data, so account-level attribution is unavailable for this transition \u2014 a prior period would be needed to tell account openings and closures apart."", ""title"": ""Unified Managed Account ($1.6k)""}, {""cause_id"": ""BILLABLE_DAYS"", ""data_source"": ""DERIVED"", ""direction"": ""DOWN"", ""driver_id"": ""SMPL001|202604|202605|unified_managed_account|BILLABLE_DAYS|2"", ""group_id"": ""unified_managed_account"", ""text"": ""The months have a different number of billable days."", ""title"": ""Unified Managed Account ($1.1k)""}, {""cause_id"": ""VOLUME"", ""data_source"": ""REAL"", ""direction"": ""DOWN"", ""driver_id"": ""SMPL001|202604|202605|equities|VOLUME|1"", ""group_id"": ""equities"", ""text"": ""Transaction volume changed at broadly similar rates."", ""title"": ""Equities ($0.4k)""}]",PUBLISHED,,DERIVED
v13|SMPL001|202605|202606,v13,SMPL001,202605,202606,"▼ ($35,873)  (50.3%)","Credited revenue moved down ($35,873) (50.3%) from May 2026 to June 2026. Structured Products contributed ($36.6k) (one-time items in one month did not repeat in the other). Alternative Investments contributed $7.0k (quarterly billing fell in one month of the pair, not the other). Unified Managed Account contributed ($6.3k) (revenue moved between credited and non-credited reason codes month over month).","[{""cause_id"": ""ONE_TIME"", ""data_source"": ""REAL"", ""direction"": ""DOWN"", ""driver_id"": ""SMPL001|202605|202606|structured_products|ONE_TIME|1"", ""group_id"": ""structured_products"", ""text"": ""One-time items in one month did not repeat in the other."", ""title"": ""Structured Products ($36.6k)""}, {""cause_id"": ""TIMING"", ""data_source"": ""REAL"", ""direction"": ""UP"", ""driver_id"": ""SMPL001|202605|202606|alternative_investments|TIMING|1"", ""group_id"": ""alternative_investments"", ""text"": ""Quarterly billing fell in one month of the pair, not the other."", ""title"": ""Alternative Investments $7.0k""}, {""cause_id"": ""ELIGIBILITY"", ""data_source"": ""REAL"", ""direction"": ""DOWN"", ""driver_id"": ""SMPL001|202605|202606|unified_managed_account|ELIGIBILITY|1"", ""group_id"": ""unified_managed_account"", ""text"": ""Revenue moved between credited and non-credited reason codes month over month."", ""title"": ""Unified Managed Account ($6.3k)""}, {""cause_id"": ""LOST_ACCOUNT"", ""data_source"": ""REAL"", ""direction"": ""DOWN"", ""driver_id"": ""SMPL001|202605|202606|unified_managed_account|LOST_ACCOUNT|2"", ""group_id"": ""unified_managed_account"", ""text"": ""Accounts that contributed last month did not contribute this month."", ""title"": ""Unified Managed Account ($6.1k)""}, {""cause_id"": ""NEW_ACCOUNT"", ""data_source"": ""REAL"", ""direction"": ""UP"", ""driver_id"": ""SMPL001|202605|202606|unified_managed_account|NEW_ACCOUNT|3"", ""group_id"": ""unified_managed_account"", ""text"": ""Accounts contributed this month that did not contribute last month."", ""title"": ""Unified Managed Account $4.5k""}]",PUBLISHED,,DERIVED
v13|SMPL002|202604|202605,v13,SMPL002,202604,202605,"▲ $29,061  57.4%","Credited revenue moved up $29,061 (57.4%) from April 2026 to May 2026. Structured Products contributed $41.1k (one-time items in one month did not repeat in the other). Alternative Investments contributed ($7.8k) (quarterly billing fell in one month of the pair, not the other). Unified Managed Account contributed ($1.9k) (the remaining movement reflects shifts between products at different rates).","[{""cause_id"": ""ONE_TIME"", ""data_source"": ""REAL"", ""direction"": ""UP"", ""driver_id"": ""SMPL002|202604|202605|structured_products|ONE_TIME|1"", ""group_id"": ""structured_products"", ""text"": ""One-time items in one month did not repeat in the other."", ""title"": ""Structured Products $41.1k""}, {""cause_id"": ""TIMING"", ""data_source"": ""REAL"", ""direction"": ""DOWN"", ""driver_id"": ""SMPL002|202604|202605|alternative_investments|TIMING|1"", ""group_id"": ""alternative_investments"", ""text"": ""Quarterly billing fell in one month of the pair, not the other."", ""title"": ""Alternative Investments ($7.8k)""}, {""cause_id"": ""MIX"", ""data_source"": ""DERIVED"", ""direction"": ""DOWN"", ""driver_id"": ""SMPL002|202604|202605|unified_managed_account|MIX|1"", ""group_id"": ""unified_managed_account"", ""text"": ""The remaining movement reflects shifts between products at different rates."", ""title"": ""Unified Managed Account ($1.9k)""}, {""cause_id"": ""BILLABLE_DAYS"", ""data_source"": ""DERIVED"", ""direction"": ""DOWN"", ""driver_id"": ""SMPL002|202604|202605|unified_managed_account|BILLABLE_DAYS|2"", ""group_id"": ""unified_managed_account"", ""text"": ""The months have a different number of billable days."", ""title"": ""Unified Managed Account ($1.4k)""}, {""cause_id"": ""VOLUME"", ""data_source"": ""REAL"", ""direction"": ""DOWN"", ""driver_id"": ""SMPL002|202604|202605|equities|VOLUME|1"", ""group_id"": ""equities"", ""text"": ""Transaction volume changed at broadly similar rates."", ""title"": ""Equities ($0.4k)""}]",PUBLISHED,,DERIVED
v13|SMPL002|202605|202606,v13,SMPL002,202605,202606,"▼ ($32,152)  (40.4%)","Credited revenue moved down ($32,152) (40.4%) from May 2026 to June 2026. Structured Products contributed ($41.1k) (one-time items in one month did not repeat in the other). Alternative Investments contributed $7.8k (quarterly billing fell in one month of the pair, not the other). Unified Managed Account contributed ($6.8k) (accounts that contributed last month did not contribute this month).","[{""cause_id"": ""ONE_TIME"", ""data_source"": ""REAL"", ""direction"": ""DOWN"", ""driver_id"": ""SMPL002|202605|202606|structured_products|ONE_TIME|1"", ""group_id"": ""structured_products"", ""text"": ""One-time items in one month did not repeat in the other."", ""title"": ""Structured Products ($41.1k)""}, {""cause_id"": ""TIMING"", ""data_source"": ""REAL"", ""direction"": ""UP"", ""driver_id"": ""SMPL002|202605|202606|alternative_investments|TIMING|1"", ""group_id"": ""alternative_investments"", ""text"": ""Quarterly billing fell in one month of the pair, not the other."", ""title"": ""Alternative Investments $7.8k""}, {""cause_id"": ""LOST_ACCOUNT"", ""data_source"": ""REAL"", ""direction"": ""DOWN"", ""driver_id"": ""SMPL002|202605|202606|unified_managed_account|LOST_ACCOUNT|1"", ""group_id"": ""unified_managed_account"", ""text"": ""Accounts that contributed last month did not contribute this month."", ""title"": ""Unified Managed Account ($6.8k)""}, {""cause_id"": ""NEW_ACCOUNT"", ""data_source"": ""REAL"", ""direction"": ""UP"", ""driver_id"": ""SMPL002|202605|202606|unified_managed_account|NEW_ACCOUNT|2"", ""group_id"": ""unified_managed_account"", ""text"": ""Accounts contributed this month that did not contribute last month."", ""title"": ""Unified Managed Account $4.8k""}, {""cause_id"": ""FEE_RATE"", ""data_source"": ""REAL"", ""direction"": ""UP"", ""driver_id"": ""SMPL002|202605|202606|unified_managed_account|FEE_RATE|3"", ""group_id"": ""unified_managed_account"", ""text"": ""The effective fee rate on the recurring base moved between the months."", ""title"": ""Unified Managed Account $1.4k""}]",PUBLISHED,,DERIVED
v13|SMPL003|202604|202605,v13,SMPL003,202604,202605,"▲ $25,215  39.6%","Credited revenue moved up $25,215 (39.6%) from April 2026 to May 2026. Structured Products contributed $45.6k (one-time items in one month did not repeat in the other). Alternative Investments contributed ($8.6k) (quarterly billing fell in one month of the pair, not the other). Annuities contributed ($7.4k) (one-time items in one month did not repeat in the other).","[{""cause_id"": ""ONE_TIME"", ""data_source"": ""REAL"", ""direction"": ""UP"", ""driver_id"": ""SMPL003|202604|202605|structured_products|ONE_TIME|1"", ""group_id"": ""structured_products"", ""text"": ""One-time items in one month did not repeat in the other."", ""title"": ""Structured Products $45.6k""}, {""cause_id"": ""TIMING"", ""data_source"": ""REAL"", ""direction"": ""DOWN"", ""driver_id"": ""SMPL003|202604|202605|alternative_investments|TIMING|1"", ""group_id"": ""alternative_investments"", ""text"": ""Quarterly billing fell in one month of the pair, not the other."", ""title"": ""Alternative Investments ($8.6k)""}, {""cause_id"": ""ONE_TIME"", ""data_source"": ""REAL"", ""direction"": ""DOWN"", ""driver_id"": ""SMPL003|202604|202605|annuities|ONE_TIME|1"", ""group_id"": ""annuities"", ""text"": ""One-time items in one month did not repeat in the other."", ""title"": ""Annuities ($7.4k)""}, {""cause_id"": ""BASELINE_LIMITED"", ""data_source"": ""DERIVED"", ""direction"": ""DOWN"", ""driver_id"": ""SMPL003|202604|202605|unified_managed_account|BASELINE_LIMITED|1"", ""group_id"": ""unified_managed_account"", ""text"": ""This is the first period in the loaded data, so account-level attribution is unavailable for this transition \u2014 a prior period would be needed to tell account openings and closures apart."", ""title"": ""Unified Managed Account ($2.4k)""}, {""cause_id"": ""BILLABLE_DAYS"", ""data_source"": ""DERIVED"", ""direction"": ""DOWN"", ""driver_id"": ""SMPL003|202604|202605|unified_managed_account|BILLABLE_DAYS|2"", ""group_id"": ""unified_managed_account"", ""text"": ""The months have a different number of billable days."", ""title"": ""Unified Managed Account ($1.4k)""}]",PUBLISHED,,DERIVED
v13|SMPL003|202605|202606,v13,SMPL003,202605,202606,"▼ ($39,568)  (44.5%)","Credited revenue moved down ($39,568) (44.5%) from May 2026 to June 2026. Structured Products contributed ($45.6k) (one-time items in one month did not repeat in the other). Alternative Investments contributed $8.6k (quarterly billing fell in one month of the pair, not the other). Unified Managed Account contributed ($7.5k) (accounts that contributed last month did not contribute this month).","[{""cause_id"": ""ONE_TIME"", ""data_source"": ""REAL"", ""direction"": ""DOWN"", ""driver_id"": ""SMPL003|202605|202606|structured_products|ONE_TIME|1"", ""group_id"": ""structured_products"", ""text"": ""One-time items in one month did not repeat in the other."", ""title"": ""Structured Products ($45.6k)""}, {""cause_id"": ""TIMING"", ""data_source"": ""REAL"", ""direction"": ""UP"", ""driver_id"": ""SMPL003|202605|202606|alternative_investments|TIMING|1"", ""group_id"": ""alternative_investments"", ""text"": ""Quarterly billing fell in one month of the pair, not the other."", ""title"": ""Alternative Investments $8.6k""}, {""cause_id"": ""LOST_ACCOUNT"", ""data_source"": ""REAL"", ""direction"": ""DOWN"", ""driver_id"": ""SMPL003|202605|202606|unified_managed_account|LOST_ACCOUNT|1"", ""group_id"": ""unified_managed_account"", ""text"": ""Accounts that contributed last month did not contribute this month."", ""title"": ""Unified Managed Account ($7.5k)""}, {""cause_id"": ""NEW_ACCOUNT"", ""data_source"": ""REAL"", ""direction"": ""UP"", ""driver_id"": ""SMPL003|202605|202606|unified_managed_account|NEW_ACCOUNT|2"", ""group_id"": ""unified_managed_account"", ""text"": ""Accounts contributed this month that did not contribute last month."", ""title"": ""Unified Managed Account $5.2k""}, {""cause_id"": ""DISCOUNT"", ""data_source"": ""REAL"", ""direction"": ""DOWN"", ""driver_id"": ""SMPL003|202605|202606|unified_managed_account|DISCOUNT|3"", ""group_id"": ""unified_managed_account"", ""text"": ""Discounting changed between the months."", ""title"": ""Unified Managed Account ($1.8k)""}]",PUBLISHED,,DERIVED
v14|SMPL001|202604|202605,v14,SMPL001,202604,202605,"▲ $25,411  55.4%","Revenue grew $25,411, or (55.4%), from $45,900 in April to $71,311 in May. Structured Products drove the majority of growth with $36.6k in one-time revenue from three transactions, more than offsetting headwinds elsewhere. Alternative Investments declined ($7.0k) due to quarterly billing timing, while Unified Managed Account revenue fell ($1.6k) as one account stopped billing in the recurring product line, with an additional ($1.2k) impact from one fewer billable day in May and ($0.5k) from account mix effects.","[{""cause_id"": ""ONE_TIME"", ""data_source"": ""REAL"", ""direction"": ""UP"", ""driver_id"": ""SMPL001|202604|202605|structured_products|ONE_TIME|1"", ""group_id"": ""structured_products"", ""text"": ""Structured Products revenue increased by $36.6k from three one-time transactions in May versus none in April."", ""title"": ""Structured Products $36.6k""}, {""cause_id"": ""TIMING"", ""data_source"": ""REAL"", ""direction"": ""DOWN"", ""driver_id"": ""SMPL001|202604|202605|alternative_investments|TIMING|1"", ""group_id"": ""alternative_investments"", ""text"": ""Alternative Investments revenue declined ($7.0k) as quarterly billing that occurred in April did not repeat in May."", ""title"": ""Alternative Investments ($7.0k)""}, {""cause_id"": ""LOST_ACCOUNT"", ""data_source"": ""REAL"", ""direction"": ""DOWN"", ""driver_id"": ""SMPL001|202604|202605|unified_managed_account|LOST_ACCOUNT|1"", ""group_id"": ""unified_managed_account"", ""text"": ""One account in Unified Managed Account stopped billing in the recurring product line, reducing revenue by ($1.6k)."", ""title"": ""Unified Managed Account ($1.6k)""}, {""cause_id"": ""BILLABLE_DAYS"", ""data_source"": ""DERIVED"", ""direction"": ""DOWN"", ""driver_id"": ""SMPL001|202604|202605|unified_managed_account|BILLABLE_DAYS|2"", ""group_id"": ""unified_managed_account"", ""text"": ""Unified Managed Account revenue declined ($1.2k) due to one fewer billable day in May (21 days versus 22 days in April)."", ""title"": ""Unified Managed Account ($1.2k)""}, {""cause_id"": ""MIX"", ""data_source"": ""DERIVED"", ""direction"": ""DOWN"", ""driver_id"": ""SMPL001|202604|202605|unified_managed_account|MIX|3"", ""group_id"": ""unified_managed_account"", ""text"": ""Account mix changes within Unified Managed Account contributed a ($0.5k) headwind to revenue."", ""title"": ""Unified Managed Account ($0.5k)""}]",PUBLISHED,,DERIVED
v14|SMPL001|202605|202606,v14,SMPL001,202605,202606,"▼ ($35,393)  (49.6%)","Revenue declined ($35,393) or (49.6%) from May to June 2026, falling from $71,311 to $35,917. The primary driver was a ($36.6k) decrease in Structured Products one-time revenue, which accounted for 103.4% of the overall decline as three transactions in May did not recur in June. This was partially offset by a $7.0k timing benefit in Alternative Investments from quarterly billing that fell in June, and by a $4.5k contribution from a Unified Managed Account that started billing after a two-month absence. These gains were outweighed by ($6.3k) in Unified Managed Account revenue moving to a non-credited reason code due to eligibility changes, and by ($6.1k) attributable to an account in Unified Managed Account for which account-level attribution is unavailable due to insufficient data history beyond the transition month.","[{""cause_id"": ""ONE_TIME"", ""data_source"": ""REAL"", ""direction"": ""DOWN"", ""driver_id"": ""SMPL001|202605|202606|structured_products|ONE_TIME|1"", ""group_id"": ""structured_products"", ""text"": ""Structured Products one-time revenue fell ($36.6k) as three transactions recorded in May did not repeat in June."", ""title"": ""Structured Products ($36.6k)""}, {""cause_id"": ""TIMING"", ""data_source"": ""REAL"", ""direction"": ""UP"", ""driver_id"": ""SMPL001|202605|202606|alternative_investments|TIMING|1"", ""group_id"": ""alternative_investments"", ""text"": ""Alternative Investments quarterly billing contributed $7.0k in June revenue that did not appear in May."", ""title"": ""Alternative Investments $7.0k""}, {""cause_id"": ""ELIGIBILITY"", ""data_source"": ""REAL"", ""direction"": ""DOWN"", ""driver_id"": ""SMPL001|202605|202606|unified_managed_account|ELIGIBILITY|1"", ""group_id"": ""unified_managed_account"", ""text"": ""Unified Managed Account revenue declined ($6.3k) when one account's billing moved to a non-credited reason code for eligibility reasons."", ""title"": ""Unified Managed Account ($6.3k)""}, {""cause_id"": ""BASELINE_LIMITED"", ""data_source"": ""DERIVED"", ""direction"": ""DOWN"", ""driver_id"": ""SMPL001|202605|202606|unified_managed_account|BASELINE_LIMITED|2"", ""group_id"": ""unified_managed_account"", ""text"": ""Account-level attribution is unavailable for ($6.1k) in Unified Managed Account revenue change because only one month of data follows the transition period."", ""title"": ""Unified Managed Account ($6.1k)""}, {""cause_id"": ""NEW_ACCOUNT"", ""data_source"": ""REAL"", ""direction"": ""UP"", ""driver_id"": ""SMPL001|202605|202606|unified_managed_account|NEW_ACCOUNT|3"", ""group_id"": ""unified_managed_account"", ""text"": ""A Unified Managed Account contributed $4.5k after starting billing in June following two consecutive months of no activity."", ""title"": ""Unified Managed Account $4.5k""}]",PUBLISHED,,DERIVED
v14|SMPL002|202604|202605,v14,SMPL002,202604,202605,"▲ $28,521  55.8%","Revenue increased significantly by $28,521 (55.8%) from April to May 2026, rising from $51,161 to $79,682. The growth was driven primarily by one-time activity in Structured Products, which contributed $41.1k across 3 transactions. This gain was partially offset by timing effects in Alternative Investments, which declined ($7.8k) due to the quarterly billing cycle falling in April rather than May. Unified Managed Account revenue faced headwinds from both product mix and a reduction in billable days, contributing ($2.4k) and ($1.4k) respectively, while Equities volume declined modestly by ($0.4k).","[{""cause_id"": ""ONE_TIME"", ""data_source"": ""REAL"", ""direction"": ""UP"", ""driver_id"": ""SMPL002|202604|202605|structured_products|ONE_TIME|1"", ""group_id"": ""structured_products"", ""text"": ""Structured Products one-time revenue grew $41.1k from three transactions in May after no such activity in April."", ""title"": ""Structured Products $41.1k""}, {""cause_id"": ""TIMING"", ""data_source"": ""REAL"", ""direction"": ""DOWN"", ""driver_id"": ""SMPL002|202604|202605|alternative_investments|TIMING|1"", ""group_id"": ""alternative_investments"", ""text"": ""Alternative Investments revenue declined ($7.8k) as the quarterly billing cycle that occurred in April did not repeat in May."", ""title"": ""Alternative Investments ($7.8k)""}, {""cause_id"": ""MIX"", ""data_source"": ""DERIVED"", ""direction"": ""DOWN"", ""driver_id"": ""SMPL002|202604|202605|unified_managed_account|MIX|1"", ""group_id"": ""unified_managed_account"", ""text"": ""Unified Managed Account mix effects reduced revenue by ($2.4k) after accounting for other attributed drivers."", ""title"": ""Unified Managed Account ($2.4k)""}, {""cause_id"": ""BILLABLE_DAYS"", ""data_source"": ""DERIVED"", ""direction"": ""DOWN"", ""driver_id"": ""SMPL002|202604|202605|unified_managed_account|BILLABLE_DAYS|2"", ""group_id"": ""unified_managed_account"", ""text"": ""Unified Managed Account billable days decreased from 22 to 21, reducing revenue by ($1.4k)."", ""title"": ""Unified Managed Account ($1.4k)""}, {""cause_id"": ""VOLUME"", ""data_source"": ""REAL"", ""direction"": ""DOWN"", ""driver_id"": ""SMPL002|202604|202605|equities|VOLUME|1"", ""group_id"": ""equities"", ""text"": ""Equities transaction volume fell by 3 transactions, resulting in a ($0.4k) revenue decline."", ""title"": ""Equities ($0.4k)""}]",PUBLISHED,,DERIVED
v14|SMPL002|202605|202606,v14,SMPL002,202605,202606,"▼ ($31,612)  (39.7%)","Revenue declined ($31,612), or (39.7%), from $79,682 in May to $48,070 in June. The primary driver was a ($41.1k) decrease in Structured Products one-time revenue, which fell from three transactions totaling $41,100 to zero transactions in the month. This decline was partially offset by a $7.8k increase in Alternative Investments attributable to quarterly billing timing. Unified Managed Account revenue was affected by multiple factors: an account that stopped billing contributed ($6.8k) to the decline, though account-level attribution is unavailable for this transition due to insufficient data history; a new account that started billing after an extended quiet period contributed $4.8k; and a $1.4k increase from higher average fee rates. Together, these movements drove the month-over-month revenue contraction.","[{""cause_id"": ""ONE_TIME"", ""data_source"": ""REAL"", ""direction"": ""DOWN"", ""driver_id"": ""SMPL002|202605|202606|structured_products|ONE_TIME|1"", ""group_id"": ""structured_products"", ""text"": ""Structured Products one-time revenue fell ($41.1k) as transaction volume dropped from 3 transactions in May to 0 in June."", ""title"": ""Structured Products ($41.1k)""}, {""cause_id"": ""TIMING"", ""data_source"": ""REAL"", ""direction"": ""UP"", ""driver_id"": ""SMPL002|202605|202606|alternative_investments|TIMING|1"", ""group_id"": ""alternative_investments"", ""text"": ""Alternative Investments revenue increased $7.8k due to quarterly billing falling in June rather than May."", ""title"": ""Alternative Investments $7.8k""}, {""cause_id"": ""BASELINE_LIMITED"", ""data_source"": ""DERIVED"", ""direction"": ""DOWN"", ""driver_id"": ""SMPL002|202605|202606|unified_managed_account|BASELINE_LIMITED|1"", ""group_id"": ""unified_managed_account"", ""text"": ""One Unified Managed Account ceased billing, contributing ($6.8k), though account-level attribution is unavailable for this transition because fewer than the required consecutive months of data follow May 2026."", ""title"": ""Unified Managed Account ($6.8k)""}, {""cause_id"": ""NEW_ACCOUNT"", ""data_source"": ""REAL"", ""direction"": ""UP"", ""driver_id"": ""SMPL002|202605|202606|unified_managed_account|NEW_ACCOUNT|2"", ""group_id"": ""unified_managed_account"", ""text"": ""One Unified Managed Account started billing in June after a confirmed absence of two months, contributing $4.8k in revenue."", ""title"": ""Unified Managed Account $4.8k""}, {""cause_id"": ""FEE_RATE"", ""data_source"": ""REAL"", ""direction"": ""UP"", ""driver_id"": ""SMPL002|202605|202606|unified_managed_account|FEE_RATE|3"", ""group_id"": ""unified_managed_account"", ""text"": ""Unified Managed Account fee rates increased from 82.0 basis points to 87.8568 basis points, generating $1.4k in incremental revenue."", ""title"": ""Unified Managed Account $1.4k""}]",PUBLISHED,,DERIVED
v14|SMPL003|202604|202605,v14,SMPL003,202604,202605,"▲ $24,615  38.3%","Revenue grew $24,615 or 38.3% from April to May 2026, rising from $64,265 to $88,880. The increase was driven primarily by $45.6k in one-time Structured Products revenue across 3 transactions, which more than offset declines elsewhere. Alternative Investments revenue fell ($8.6k) due to quarterly billing timing, while Annuities declined ($7.4k) as a one-time commission from the prior month did not recur. Unified Managed Account revenue contracted ($2.4k) as one account stopped billing, and a further ($1.4k) reduction resulted from one fewer billable day in May compared to April.","[{""cause_id"": ""ONE_TIME"", ""data_source"": ""REAL"", ""direction"": ""UP"", ""driver_id"": ""SMPL003|202604|202605|structured_products|ONE_TIME|1"", ""group_id"": ""structured_products"", ""text"": ""Structured Products revenue jumped $45.6k from three one-time transactions in May, compared to none in April."", ""title"": ""Structured Products $45.6k""}, {""cause_id"": ""TIMING"", ""data_source"": ""REAL"", ""direction"": ""DOWN"", ""driver_id"": ""SMPL003|202604|202605|alternative_investments|TIMING|1"", ""group_id"": ""alternative_investments"", ""text"": ""Alternative Investments revenue declined ($8.6k) as quarterly billing fell in April but not May."", ""title"": ""Alternative Investments ($8.6k)""}, {""cause_id"": ""ONE_TIME"", ""data_source"": ""REAL"", ""direction"": ""DOWN"", ""driver_id"": ""SMPL003|202604|202605|annuities|ONE_TIME|1"", ""group_id"": ""annuities"", ""text"": ""Annuities revenue dropped ($7.4k) following the absence of a one-time commission that occurred in April."", ""title"": ""Annuities ($7.4k)""}, {""cause_id"": ""LOST_ACCOUNT"", ""data_source"": ""REAL"", ""direction"": ""DOWN"", ""driver_id"": ""SMPL003|202604|202605|unified_managed_account|LOST_ACCOUNT|1"", ""group_id"": ""unified_managed_account"", ""text"": ""One Unified Managed Account stopped billing in May, reducing revenue by ($2.4k)."", ""title"": ""Unified Managed Account ($2.4k)""}, {""cause_id"": ""BILLABLE_DAYS"", ""data_source"": ""DERIVED"", ""direction"": ""DOWN"", ""driver_id"": ""SMPL003|202604|202605|unified_managed_account|BILLABLE_DAYS|2"", ""group_id"": ""unified_managed_account"", ""text"": ""Unified Managed Account revenue decreased ($1.4k) due to May having one fewer billable day than April."", ""title"": ""Unified Managed Account ($1.4k)""}]",PUBLISHED,,DERIVED
v14|SMPL003|202605|202606,v14,SMPL003,202605,202606,"▼ ($38,968)  (43.8%)","Revenue declined ($38,968), or (43.8%), from $88,880 in May to $49,912 in June. The primary driver was a ($45.6k) decrease in Structured Products one-time revenue, which accounted for 117.0% of the total decline as three transactions in May did not repeat. This was partially offset by $8.6k of upside timing in Alternative Investments, reflecting quarterly billing that fell in June only. Within Unified Managed Account, an account that had been quiet for two months started billing again in June, contributing $5.2k, but this gain was more than offset by ($7.5k) attributed to an account present in May but absent in June—though account-level attribution for this transition is unavailable due to insufficient loaded history on the post-transition side. Additionally, ($1.8k) of downside came from expanded discounting, with two discount rows appearing in June versus none in May.","[{""cause_id"": ""ONE_TIME"", ""data_source"": ""REAL"", ""direction"": ""DOWN"", ""driver_id"": ""SMPL003|202605|202606|structured_products|ONE_TIME|1"", ""group_id"": ""structured_products"", ""text"": ""Structured Products one-time revenue fell ($45.6k) as three transactions recorded in May generated no revenue in June."", ""title"": ""Structured Products ($45.6k)""}, {""cause_id"": ""TIMING"", ""data_source"": ""REAL"", ""direction"": ""UP"", ""driver_id"": ""SMPL003|202605|202606|alternative_investments|TIMING|1"", ""group_id"": ""alternative_investments"", ""text"": ""Alternative Investments added $8.6k from quarterly billing that occurred in June, creating a favorable timing comparison."", ""title"": ""Alternative Investments $8.6k""}, {""cause_id"": ""BASELINE_LIMITED"", ""data_source"": ""DERIVED"", ""direction"": ""DOWN"", ""driver_id"": ""SMPL003|202605|202606|unified_managed_account|BASELINE_LIMITED|1"", ""group_id"": ""unified_managed_account"", ""text"": ""One Unified Managed Account that generated revenue in May showed no activity in June; however, account-level attribution is unavailable for this transition because insufficient loaded months follow May to confirm whether this represents a genuine account closure."", ""title"": ""Unified Managed Account ($7.5k)""}, {""cause_id"": ""NEW_ACCOUNT"", ""data_source"": ""REAL"", ""direction"": ""UP"", ""driver_id"": ""SMPL003|202605|202606|unified_managed_account|NEW_ACCOUNT|2"", ""group_id"": ""unified_managed_account"", ""text"": ""A Unified Managed Account that had been inactive for two months started billing in June, contributing $5.2k."", ""title"": ""Unified Managed Account $5.2k""}, {""cause_id"": ""DISCOUNT"", ""data_source"": ""REAL"", ""direction"": ""DOWN"", ""driver_id"": ""SMPL003|202605|202606|unified_managed_account|DISCOUNT|3"", ""group_id"": ""unified_managed_account"", ""text"": ""Unified Managed Account discounting expanded to $1.8k in June from zero in May, reducing net revenue by ($1.8k)."", ""title"": ""Unified Managed Account ($1.8k)""}]",PUBLISHED,,DERIVED
v15|SMPL001|202604|202605,v15,SMPL001,202604,202605,"▲ $25,411  55.4%","April 2026 is the first month in the loaded data, so driver attribution for the April–May transition is indicative rather than confirmed. Revenue grew $25,411 (55.4%) from $45,900 to $71,311, driven primarily by One-Time activity in Structured Products, which contributed $36.6k. This was partially offset by Timing movements in Alternative Investments (($7.0k)) due to quarterly billing cycles, Volume decline in Unified Managed Account (($5.1k)) reflecting fewer transactions, and a Lost Account in Unified Managed Account (($1.6k)). These headwinds were partially mitigated by Average Transaction Value improvement in Unified Managed Account of $3.5k.","[{""cause_id"": ""ONE_TIME"", ""data_source"": ""REAL"", ""direction"": ""UP"", ""driver_id"": ""SMPL001|202604|202605|structured_products|ONE_TIME|1"", ""group_id"": ""structured_products"", ""text"": ""One-Time revenue in Structured Products increased by $36.6k, reflecting 3 transactions in May versus none in April."", ""title"": ""Structured Products $36.6k""}, {""cause_id"": ""TIMING"", ""data_source"": ""REAL"", ""direction"": ""DOWN"", ""driver_id"": ""SMPL001|202604|202605|alternative_investments|TIMING|1"", ""group_id"": ""alternative_investments"", ""text"": ""Timing in Alternative Investments reduced revenue by ($7.0k) as quarterly billing that occurred in April did not recur in May."", ""title"": ""Alternative Investments ($7.0k)""}, {""cause_id"": ""VOLUME"", ""data_source"": ""REAL"", ""direction"": ""DOWN"", ""driver_id"": ""SMPL001|202604|202605|unified_managed_account|VOLUME|1"", ""group_id"": ""unified_managed_account"", ""text"": ""Volume in Unified Managed Account declined by ($5.1k) due to transaction count falling from 5 to 4."", ""title"": ""Unified Managed Account ($5.1k)""}, {""cause_id"": ""DEAL_SIZE"", ""data_source"": ""REAL"", ""direction"": ""UP"", ""driver_id"": ""SMPL001|202604|202605|unified_managed_account|DEAL_SIZE|2"", ""group_id"": ""unified_managed_account"", ""text"": ""Average Transaction Value in Unified Managed Account increased by $3.5k, with per-transaction value rising from $5,076 to $5,942.05."", ""title"": ""Unified Managed Account $3.5k""}, {""cause_id"": ""LOST_ACCOUNT"", ""data_source"": ""REAL"", ""direction"": ""DOWN"", ""driver_id"": ""SMPL001|202604|202605|unified_managed_account|LOST_ACCOUNT|3"", ""group_id"": ""unified_managed_account"", ""text"": ""A Unified Managed Account stopped billing in this recurring product line, contributing ($1.6k) to the decline."", ""title"": ""Unified Managed Account ($1.6k)""}]",PUBLISHED,,DERIVED
v15|SMPL001|202605|202606,v15,SMPL001,202605,202606,"▼ ($35,393)  (49.6%)","Revenue declined (49.6%) from $71,311 to $35,917, a decrease of ($35,393). The primary driver was One-Time revenue in Structured Products, which fell ($36.6k) as three transactions in May did not recur in June. This decline was partially offset by Timing in Alternative Investments, which contributed $7.0k as quarterly billing cycles fell in June. Unified Managed Account revenue was pressured by three factors: Eligibility declined ($6.3k) as one account moved to a non-credited reason code; account-level attribution is unavailable for a ($6.1k) decline in the Baseline Period, as fewer than two months of data follow this transition, preventing confirmation of whether the account genuinely stopped billing; and Product Mix added back $5.5k, reflecting a net reallocation across the product line.","[{""cause_id"": ""ONE_TIME"", ""data_source"": ""REAL"", ""direction"": ""DOWN"", ""driver_id"": ""SMPL001|202605|202606|structured_products|ONE_TIME|1"", ""group_id"": ""structured_products"", ""text"": ""One-time transactions in Structured Products totaled ($36.6k), with three transactions in May not recurring in June."", ""title"": ""Structured Products ($36.6k)""}, {""cause_id"": ""TIMING"", ""data_source"": ""REAL"", ""direction"": ""UP"", ""driver_id"": ""SMPL001|202605|202606|alternative_investments|TIMING|1"", ""group_id"": ""alternative_investments"", ""text"": ""Alternative Investments quarterly billing cycle contributed $7.0k in June revenue."", ""title"": ""Alternative Investments $7.0k""}, {""cause_id"": ""ELIGIBILITY"", ""data_source"": ""REAL"", ""direction"": ""DOWN"", ""driver_id"": ""SMPL001|202605|202606|unified_managed_account|ELIGIBILITY|1"", ""group_id"": ""unified_managed_account"", ""text"": ""One Unified Managed Account moved to a non-credited reason code, reducing eligible revenue by ($6.3k)."", ""title"": ""Unified Managed Account ($6.3k)""}, {""cause_id"": ""BASELINE_LIMITED"", ""data_source"": ""DERIVED"", ""direction"": ""DOWN"", ""driver_id"": ""SMPL001|202605|202606|unified_managed_account|BASELINE_LIMITED|2"", ""group_id"": ""unified_managed_account"", ""text"": ""One Unified Managed Account showed no activity in June; account-level attribution is unavailable for this ($6.1k) decline because insufficient loaded months follow this transition to confirm whether billing genuinely ceased."", ""title"": ""Unified Managed Account ($6.1k)""}, {""cause_id"": ""MIX"", ""data_source"": ""DERIVED"", ""direction"": ""UP"", ""driver_id"": ""SMPL001|202605|202606|unified_managed_account|MIX|3"", ""group_id"": ""unified_managed_account"", ""text"": ""Product Mix shifts within Unified Managed Account added ($5.5k) in net revenue."", ""title"": ""Unified Managed Account $5.5k""}]",PUBLISHED,,DERIVED
v15|SMPL002|202604|202605,v15,SMPL002,202604,202605,"▲ $28,521  55.8%","April 2026 is the first month in the loaded data, so the following attribution is indicative rather than confirmed. Revenue grew $28,521 (55.8%) from $51,161 to $79,682, driven primarily by One-Time activity in Structured Products contributing $41.1k. This was partially offset by declines across other areas: Unified Managed Account Volume decreased by ($10.1k) due to fewer transactions, Alternative Investments Timing declined by ($7.8k) as quarterly billing fell in a different month, and Billable Days in Unified Managed Account reduced revenue by ($1.4k). These headwinds were partly mitigated by Average Transaction Value growth in Unified Managed Account of $6.3k, reflecting higher transaction sizes despite the lower transaction count.","[{""cause_id"": ""ONE_TIME"", ""data_source"": ""REAL"", ""direction"": ""UP"", ""driver_id"": ""SMPL002|202604|202605|structured_products|ONE_TIME|1"", ""group_id"": ""structured_products"", ""text"": ""One-Time revenue in Structured Products increased $41.1k, reflecting 3 transactions in May versus none in April."", ""title"": ""Structured Products $41.1k""}, {""cause_id"": ""VOLUME"", ""data_source"": ""REAL"", ""direction"": ""DOWN"", ""driver_id"": ""SMPL002|202604|202605|unified_managed_account|VOLUME|1"", ""group_id"": ""unified_managed_account"", ""text"": ""Volume in Unified Managed Account declined ($10.1k) as transaction count fell from 6 to 4."", ""title"": ""Unified Managed Account ($10.1k)""}, {""cause_id"": ""TIMING"", ""data_source"": ""REAL"", ""direction"": ""DOWN"", ""driver_id"": ""SMPL002|202604|202605|alternative_investments|TIMING|1"", ""group_id"": ""alternative_investments"", ""text"": ""Timing in Alternative Investments reduced revenue by ($7.8k) because quarterly billing appeared in April but not in May."", ""title"": ""Alternative Investments ($7.8k)""}, {""cause_id"": ""DEAL_SIZE"", ""data_source"": ""REAL"", ""direction"": ""UP"", ""driver_id"": ""SMPL002|202604|202605|unified_managed_account|DEAL_SIZE|2"", ""group_id"": ""unified_managed_account"", ""text"": ""Average Transaction Value in Unified Managed Account increased $6.3k, with per-transaction size rising from $5,040 to $6,610.23."", ""title"": ""Unified Managed Account $6.3k""}, {""cause_id"": ""BILLABLE_DAYS"", ""data_source"": ""DERIVED"", ""direction"": ""DOWN"", ""driver_id"": ""SMPL002|202604|202605|unified_managed_account|BILLABLE_DAYS|3"", ""group_id"": ""unified_managed_account"", ""text"": ""Billable Days in Unified Managed Account decreased revenue by ($1.4k) due to one fewer billable day (22 days in April versus 21 in May)."", ""title"": ""Unified Managed Account ($1.4k)""}]",PUBLISHED,,DERIVED
v15|SMPL002|202605|202606,v15,SMPL002,202605,202606,"▼ ($31,612)  (39.7%)","Revenue declined by ($31,612), or (39.7%), from May to June 2026, driven primarily by a ($41.1k) decrease in Structured Products one-time revenue as three transactions in May did not repeat in June. This decline was partially offset by ($7.8k) in timing-related gains from Alternative Investments quarterly billing, ($6.5k) in volume growth within Unified Managed Account from an increase in transaction count, and ($4.8k) from a Unified Managed Account that started billing in June after a two-month absence. Account-level attribution for Unified Managed Account is unavailable for one ($6.8k) decline owing to insufficient loaded data beyond May to confirm whether the account that ceased billing represents a genuine closure.","[{""cause_id"": ""ONE_TIME"", ""data_source"": ""REAL"", ""direction"": ""DOWN"", ""driver_id"": ""SMPL002|202605|202606|structured_products|ONE_TIME|1"", ""group_id"": ""structured_products"", ""text"": ""Structured Products one-time revenue fell by ($41.1k) as the three transactions recorded in May generated no activity in June."", ""title"": ""Structured Products ($41.1k)""}, {""cause_id"": ""TIMING"", ""data_source"": ""REAL"", ""direction"": ""UP"", ""driver_id"": ""SMPL002|202605|202606|alternative_investments|TIMING|1"", ""group_id"": ""alternative_investments"", ""text"": ""Alternative Investments quarterly billing contributed ($7.8k) in timing-related revenue, with June capturing scheduled quarterly activity that did not occur in May."", ""title"": ""Alternative Investments $7.8k""}, {""cause_id"": ""BASELINE_LIMITED"", ""data_source"": ""DERIVED"", ""direction"": ""DOWN"", ""driver_id"": ""SMPL002|202605|202606|unified_managed_account|BASELINE_LIMITED|1"", ""group_id"": ""unified_managed_account"", ""text"": ""One Unified Managed Account generated ($6.8k) in May but showed no activity in June; account-level attribution is unavailable because fewer than two loaded months follow this transition."", ""title"": ""Unified Managed Account ($6.8k)""}, {""cause_id"": ""VOLUME"", ""data_source"": ""REAL"", ""direction"": ""UP"", ""driver_id"": ""SMPL002|202605|202606|unified_managed_account|VOLUME|2"", ""group_id"": ""unified_managed_account"", ""text"": ""Unified Managed Account volume grew by ($6.5k) as transaction count increased from three to four transactions, based on the prior month's average transaction value."", ""title"": ""Unified Managed Account $6.5k""}, {""cause_id"": ""NEW_ACCOUNT"", ""data_source"": ""REAL"", ""direction"": ""UP"", ""driver_id"": ""SMPL002|202605|202606|unified_managed_account|NEW_ACCOUNT|3"", ""group_id"": ""unified_managed_account"", ""text"": ""A Unified Managed Account that had ceased billing in April and May started billing again in June, contributing ($4.8k) in new recurring revenue."", ""title"": ""Unified Managed Account $4.8k""}]",PUBLISHED,,DERIVED
v15|SMPL003|202604|202605,v15,SMPL003,202604,202605,"▲ $24,615  38.3%","April 2026 is the first month in the loaded data, so driver attribution for this transition is indicative rather than confirmed. Revenue grew (38.3%)% from $64,265 to $88,880, an increase of $24,615. One-Time activity in Structured Products drove the largest positive movement at $45.6k, reflecting 3 transactions in May versus none in April. This was partially offset by Timing in Alternative Investments, which declined ($8.6k) due to quarterly billing falling in April only. One-Time activity in Annuities fell ($7.4k) as a single transaction in April did not recur. A Unified Managed Account stopped billing, contributing ($2.4k) to the decline. Volume in Mutual Fund Trails decreased slightly by ($1.6k), with transaction count falling from 2 to 1.","[{""cause_id"": ""ONE_TIME"", ""data_source"": ""REAL"", ""direction"": ""UP"", ""driver_id"": ""SMPL003|202604|202605|structured_products|ONE_TIME|1"", ""group_id"": ""structured_products"", ""text"": ""One-Time revenue in Structured Products increased $45.6k, driven by 3 transactions in May compared with none in April."", ""title"": ""Structured Products $45.6k""}, {""cause_id"": ""TIMING"", ""data_source"": ""REAL"", ""direction"": ""DOWN"", ""driver_id"": ""SMPL003|202604|202605|alternative_investments|TIMING|1"", ""group_id"": ""alternative_investments"", ""text"": ""Timing in Alternative Investments reduced revenue by ($8.6k) as quarterly billing occurred in April and not in May."", ""title"": ""Alternative Investments ($8.6k)""}, {""cause_id"": ""ONE_TIME"", ""data_source"": ""REAL"", ""direction"": ""DOWN"", ""driver_id"": ""SMPL003|202604|202605|annuities|ONE_TIME|1"", ""group_id"": ""annuities"", ""text"": ""One-Time revenue in Annuities decreased ($7.4k), with 1 transaction in April that did not repeat in May."", ""title"": ""Annuities ($7.4k)""}, {""cause_id"": ""LOST_ACCOUNT"", ""data_source"": ""REAL"", ""direction"": ""DOWN"", ""driver_id"": ""SMPL003|202604|202605|unified_managed_account|LOST_ACCOUNT|1"", ""group_id"": ""unified_managed_account"", ""text"": ""An account in the Unified Managed Account recurring product line stopped billing, reducing revenue by ($2.4k)."", ""title"": ""Unified Managed Account ($2.4k)""}, {""cause_id"": ""VOLUME"", ""data_source"": ""REAL"", ""direction"": ""DOWN"", ""driver_id"": ""SMPL003|202604|202605|mutual_fund_trails|VOLUME|1"", ""group_id"": ""mutual_fund_trails"", ""text"": ""Volume in Mutual Fund Trails declined ($1.6k) due to transaction count falling from 2 to 1."", ""title"": ""Mutual Fund Trails ($1.6k)""}]",PUBLISHED,,DERIVED
v15|SMPL003|202605|202606,v15,SMPL003,202605,202606,"▼ ($38,968)  (43.8%)","Revenue declined ($38,968) or (43.8%) from May to June 2026, falling from $88,880 to $49,912. The primary driver was a ($45.6k) decrease in One-Time revenue from Structured Products, which generated 3 transactions in May but none in June. This was partially offset by a $8.6k increase in Timing-driven revenue from Alternative Investments due to quarterly billing falling in June. Within Unified Managed Account, account-level attribution is unavailable for a ($7.5k) decline because fewer than 2 loaded months follow this transition, preventing confirmation of whether the account activity represents a genuine loss. Average Transaction Value in Unified Managed Account declined by ($5.8k) as the average transaction size fell from $5,637.27 to $4,476.24, though this was partly mitigated by a $5.6k increase from Volume, as transaction count rose from 4 to 5.","[{""cause_id"": ""ONE_TIME"", ""data_source"": ""REAL"", ""direction"": ""DOWN"", ""driver_id"": ""SMPL003|202605|202606|structured_products|ONE_TIME|1"", ""group_id"": ""structured_products"", ""text"": ""One-Time revenue from Structured Products fell ($45.6k) as three transactions in May did not repeat in June."", ""title"": ""Structured Products ($45.6k)""}, {""cause_id"": ""TIMING"", ""data_source"": ""REAL"", ""direction"": ""UP"", ""driver_id"": ""SMPL003|202605|202606|alternative_investments|TIMING|1"", ""group_id"": ""alternative_investments"", ""text"": ""Timing drove a $8.6k gain in Alternative Investments revenue as quarterly billing occurred in June."", ""title"": ""Alternative Investments $8.6k""}, {""cause_id"": ""BASELINE_LIMITED"", ""data_source"": ""DERIVED"", ""direction"": ""DOWN"", ""driver_id"": ""SMPL003|202605|202606|unified_managed_account|BASELINE_LIMITED|1"", ""group_id"": ""unified_managed_account"", ""text"": ""Account-level attribution for a ($7.5k) movement in Unified Managed Account is unavailable because the data range does not extend far enough beyond this transition to confirm account status."", ""title"": ""Unified Managed Account ($7.5k)""}, {""cause_id"": ""DEAL_SIZE"", ""data_source"": ""REAL"", ""direction"": ""DOWN"", ""driver_id"": ""SMPL003|202605|202606|unified_managed_account|DEAL_SIZE|2"", ""group_id"": ""unified_managed_account"", ""text"": ""Average Transaction Value in Unified Managed Account declined by ($5.8k) as the per-transaction average fell from $5,637.27 to $4,476.24."", ""title"": ""Unified Managed Account ($5.8k)""}, {""cause_id"": ""VOLUME"", ""data_source"": ""REAL"", ""direction"": ""UP"", ""driver_id"": ""SMPL003|202605|202606|unified_managed_account|VOLUME|3"", ""group_id"": ""unified_managed_account"", ""text"": ""Volume contributed $5.6k to Unified Managed Account as transaction count increased from 4 to 5."", ""title"": ""Unified Managed Account $5.6k""}]",PUBLISHED,,DERIVED
v16|SMPL001|202604|202605,v16,SMPL001,202604,202605,"▲ $25,411  55.4%","April 2026 is the first month in the loaded data, so driver attribution for this transition is indicative only. Revenue grew $25,411 (55.4%) from $45,900 to $71,311, driven primarily by $36.6k in One-Time revenue from Structured Products (3 transactions). This was partially offset by a $7.0k decline in Alternative Investments due to Timing—quarterly billing that appeared in April did not recur in May. Unified Managed Account revenue declined overall by $2.2k net, reflecting a decrease in transaction Volume of ($5.1k) and a Lost Account of ($1.6k), largely offset by an increase in Average Transaction Value of $3.5k.","[{""cause_id"": ""ONE_TIME"", ""data_source"": ""REAL"", ""direction"": ""UP"", ""driver_id"": ""SMPL001|202604|202605|structured_products|ONE_TIME|1"", ""group_id"": ""structured_products"", ""text"": ""One-Time revenue in Structured Products increased $36.6k with 3 transactions in May versus none in April."", ""title"": ""Structured Products $36.6k""}, {""cause_id"": ""TIMING"", ""data_source"": ""REAL"", ""direction"": ""DOWN"", ""driver_id"": ""SMPL001|202604|202605|alternative_investments|TIMING|1"", ""group_id"": ""alternative_investments"", ""text"": ""Timing drove a ($7.0k) decline in Alternative Investments as quarterly billing revenue that occurred in April did not recur in May."", ""title"": ""Alternative Investments ($7.0k)""}, {""cause_id"": ""VOLUME"", ""data_source"": ""REAL"", ""direction"": ""DOWN"", ""driver_id"": ""SMPL001|202604|202605|unified_managed_account|VOLUME|1"", ""group_id"": ""unified_managed_account"", ""text"": ""Volume in Unified Managed Account decreased ($5.1k) as transaction count fell from 5 to 4."", ""title"": ""Unified Managed Account ($5.1k)""}, {""cause_id"": ""DEAL_SIZE"", ""data_source"": ""REAL"", ""direction"": ""UP"", ""driver_id"": ""SMPL001|202604|202605|unified_managed_account|DEAL_SIZE|2"", ""group_id"": ""unified_managed_account"", ""text"": ""Average Transaction Value in Unified Managed Account increased $3.5k, with the average transaction value rising from $5,076.0 to $5,942.05."", ""title"": ""Unified Managed Account $3.5k""}, {""cause_id"": ""LOST_ACCOUNT"", ""data_source"": ""REAL"", ""direction"": ""DOWN"", ""driver_id"": ""SMPL001|202604|202605|unified_managed_account|LOST_ACCOUNT|3"", ""group_id"": ""unified_managed_account"", ""text"": ""One account stopped billing in recurring Unified Managed Account products, reducing revenue by ($1.6k)."", ""title"": ""Unified Managed Account ($1.6k)""}]",PUBLISHED,,DERIVED
v16|SMPL001|202605|202606,v16,SMPL001,202605,202606,"▼ ($35,393)  (49.6%)","Revenue declined by ($35,393), or (49.6%), from $71,311 in May to $35,917 in June. The primary driver was One-Time revenue in Structured Products, which fell by ($36.6k) as three transactions in May did not recur in June. This decline was partially offset by Timing in Alternative Investments, which contributed ($7.0k) as quarterly billing aligned with June. Eligibility in Unified Managed Account reduced revenue by ($6.3k) due to one transaction moving to a non-credited reason code. Account-level attribution is unavailable for the Baseline Period driver in Unified Managed Account, which shows ($6.1k), because fewer than two months of data are loaded after May and account activity cannot be confirmed as genuinely lost. Product Mix in Unified Managed Account added back ($5.5k).","[{""cause_id"": ""ONE_TIME"", ""data_source"": ""REAL"", ""direction"": ""DOWN"", ""driver_id"": ""SMPL001|202605|202606|structured_products|ONE_TIME|1"", ""group_id"": ""structured_products"", ""text"": ""One-Time revenue in Structured Products declined by ($36.6k) as three transactions recorded in May did not repeat in June."", ""title"": ""Structured Products ($36.6k)""}, {""cause_id"": ""TIMING"", ""data_source"": ""REAL"", ""direction"": ""UP"", ""driver_id"": ""SMPL001|202605|202606|alternative_investments|TIMING|1"", ""group_id"": ""alternative_investments"", ""text"": ""Timing in Alternative Investments contributed ($7.0k) as quarterly billing fell in June rather than May."", ""title"": ""Alternative Investments $7.0k""}, {""cause_id"": ""ELIGIBILITY"", ""data_source"": ""REAL"", ""direction"": ""DOWN"", ""driver_id"": ""SMPL001|202605|202606|unified_managed_account|ELIGIBILITY|1"", ""group_id"": ""unified_managed_account"", ""text"": ""Eligibility in Unified Managed Account reduced revenue by ($6.3k) when one transaction moved to a non-credited reason code."", ""title"": ""Unified Managed Account ($6.3k)""}, {""cause_id"": ""BASELINE_LIMITED"", ""data_source"": ""DERIVED"", ""direction"": ""DOWN"", ""driver_id"": ""SMPL001|202605|202606|unified_managed_account|BASELINE_LIMITED|2"", ""group_id"": ""unified_managed_account"", ""text"": ""Account-level attribution is unavailable for the Baseline Period driver showing ($6.1k) in Unified Managed Account because insufficient data are loaded after May to confirm whether account activity was genuinely lost."", ""title"": ""Unified Managed Account ($6.1k)""}, {""cause_id"": ""MIX"", ""data_source"": ""DERIVED"", ""direction"": ""UP"", ""driver_id"": ""SMPL001|202605|202606|unified_managed_account|MIX|3"", ""group_id"": ""unified_managed_account"", ""text"": ""Product Mix in Unified Managed Account added ($5.5k) from other shifts in the product composition."", ""title"": ""Unified Managed Account $5.5k""}]",PUBLISHED,,DERIVED
v16|SMPL002|202604|202605,v16,SMPL002,202604,202605,"▲ $28,521  55.8%","April 2026 is the first month in the loaded data, so attribution for this transition is indicative only. Revenue grew $28,521 (55.8%) from $51,161 to $79,682, driven primarily by One-Time activity in Structured Products, which contributed $41.1k. This was partially offset by a $10.1k decline in Volume across Unified Managed Account transactions, a $7.8k reduction in Alternative Investments due to Timing (quarterly billing falling outside this period), and a $1.4k headwind from Billable Days. These declines were partly recovered by $6.3k of improvement in Average Transaction Value for Unified Managed Account.","[{""cause_id"": ""ONE_TIME"", ""data_source"": ""REAL"", ""direction"": ""UP"", ""driver_id"": ""SMPL002|202604|202605|structured_products|ONE_TIME|1"", ""group_id"": ""structured_products"", ""text"": ""Structured Products one-time revenue increased by $41.1k, reflecting three transactions in May versus none in April."", ""title"": ""Structured Products $41.1k""}, {""cause_id"": ""VOLUME"", ""data_source"": ""REAL"", ""direction"": ""DOWN"", ""driver_id"": ""SMPL002|202604|202605|unified_managed_account|VOLUME|1"", ""group_id"": ""unified_managed_account"", ""text"": ""Unified Managed Account transaction volume declined by (10.1k), as the number of transactions fell from 6 to 4."", ""title"": ""Unified Managed Account ($10.1k)""}, {""cause_id"": ""TIMING"", ""data_source"": ""REAL"", ""direction"": ""DOWN"", ""driver_id"": ""SMPL002|202604|202605|alternative_investments|TIMING|1"", ""group_id"": ""alternative_investments"", ""text"": ""Alternative Investments revenue decreased by ($7.8k) due to the timing of quarterly billing, which did not occur in May."", ""title"": ""Alternative Investments ($7.8k)""}, {""cause_id"": ""DEAL_SIZE"", ""data_source"": ""REAL"", ""direction"": ""UP"", ""driver_id"": ""SMPL002|202604|202605|unified_managed_account|DEAL_SIZE|2"", ""group_id"": ""unified_managed_account"", ""text"": ""Unified Managed Account average transaction value increased by $6.3k, rising from $5,040 to $6,610.23 per transaction."", ""title"": ""Unified Managed Account $6.3k""}, {""cause_id"": ""BILLABLE_DAYS"", ""data_source"": ""DERIVED"", ""direction"": ""DOWN"", ""driver_id"": ""SMPL002|202604|202605|unified_managed_account|BILLABLE_DAYS|3"", ""group_id"": ""unified_managed_account"", ""text"": ""Unified Managed Account revenue was reduced by ($1.4k) due to one fewer billable day in May compared to April."", ""title"": ""Unified Managed Account ($1.4k)""}]",PUBLISHED,,DERIVED
v16|SMPL002|202605|202606,v16,SMPL002,202605,202606,"▼ ($31,612)  (39.7%)","Revenue declined ($31,612) or (39.7%) from May to June 2026, driven primarily by a ($41.1k) drop in Structured Products one-time billing that did not recur in June. This decline was partially offset by $7.8k in Alternative Investments revenue from quarterly billing that fell in June, and $6.5k in Unified Managed Account volume growth from an increase in transaction count. A new Unified Managed Account that started billing in June contributed $4.8k. Account-level attribution for Unified Managed Account is unavailable for one account that appeared only in May, as fewer than two loaded months follow this transition; a separate account that started billing in June after confirmed quiet months is counted as new business.","[{""cause_id"": ""ONE_TIME"", ""data_source"": ""REAL"", ""direction"": ""DOWN"", ""driver_id"": ""SMPL002|202605|202606|structured_products|ONE_TIME|1"", ""group_id"": ""structured_products"", ""text"": ""One-time Structured Products revenue of ($41.1k) in May did not recur in June."", ""title"": ""Structured Products ($41.1k)""}, {""cause_id"": ""TIMING"", ""data_source"": ""REAL"", ""direction"": ""UP"", ""driver_id"": ""SMPL002|202605|202606|alternative_investments|TIMING|1"", ""group_id"": ""alternative_investments"", ""text"": ""Quarterly billing for Alternative Investments generated $7.8k in June."", ""title"": ""Alternative Investments $7.8k""}, {""cause_id"": ""BASELINE_LIMITED"", ""data_source"": ""DERIVED"", ""direction"": ""DOWN"", ""driver_id"": ""SMPL002|202605|202606|unified_managed_account|BASELINE_LIMITED|1"", ""group_id"": ""unified_managed_account"", ""text"": ""One Unified Managed Account present in May with ($6.8k) in revenue cannot be confirmed as lost, as the data range is insufficient to rule out temporary billing gaps."", ""title"": ""Unified Managed Account ($6.8k)""}, {""cause_id"": ""VOLUME"", ""data_source"": ""REAL"", ""direction"": ""UP"", ""driver_id"": ""SMPL002|202605|202606|unified_managed_account|VOLUME|2"", ""group_id"": ""unified_managed_account"", ""text"": ""Unified Managed Account volume increased by one transaction in June, contributing $6.5k based on the prior average transaction value."", ""title"": ""Unified Managed Account $6.5k""}, {""cause_id"": ""NEW_ACCOUNT"", ""data_source"": ""REAL"", ""direction"": ""UP"", ""driver_id"": ""SMPL002|202605|202606|unified_managed_account|NEW_ACCOUNT|3"", ""group_id"": ""unified_managed_account"", ""text"": ""A new Unified Managed Account started billing in June after two months of no prior activity, generating $4.8k."", ""title"": ""Unified Managed Account $4.8k""}]",PUBLISHED,,DERIVED
v16|SMPL003|202604|202605,v16,SMPL003,202604,202605,"▲ $24,615  38.3%","April 2026 is the first month in the loaded data; there is no prior period for account comparison, so driver attribution for this transition is indicative. Revenue grew (38.3)% from $64,265 to $88,880, a change of $24,615. One-Time activity in Structured Products contributed $45.6k, largely offset by Timing in Alternative Investments declining ($8.6k) as quarterly billing fell in April only, and One-Time activity in Annuities declining ($7.4k). A Lost Account in Unified Managed Account contributed ($2.4k), and Volume in Mutual Fund Trails declined by ($1.6k).","[{""cause_id"": ""ONE_TIME"", ""data_source"": ""REAL"", ""direction"": ""UP"", ""driver_id"": ""SMPL003|202604|202605|structured_products|ONE_TIME|1"", ""group_id"": ""structured_products"", ""text"": ""One-Time activity in Structured Products added $45.6k across 3 transactions."", ""title"": ""Structured Products $45.6k""}, {""cause_id"": ""TIMING"", ""data_source"": ""REAL"", ""direction"": ""DOWN"", ""driver_id"": ""SMPL003|202604|202605|alternative_investments|TIMING|1"", ""group_id"": ""alternative_investments"", ""text"": ""Timing in Alternative Investments reduced revenue by ($8.6k) as quarterly billing cycles fell only in April."", ""title"": ""Alternative Investments ($8.6k)""}, {""cause_id"": ""ONE_TIME"", ""data_source"": ""REAL"", ""direction"": ""DOWN"", ""driver_id"": ""SMPL003|202604|202605|annuities|ONE_TIME|1"", ""group_id"": ""annuities"", ""text"": ""One-Time activity in Annuities declined ($7.4k) with no transactions in May compared to 1 in April."", ""title"": ""Annuities ($7.4k)""}, {""cause_id"": ""LOST_ACCOUNT"", ""data_source"": ""REAL"", ""direction"": ""DOWN"", ""driver_id"": ""SMPL003|202604|202605|unified_managed_account|LOST_ACCOUNT|1"", ""group_id"": ""unified_managed_account"", ""text"": ""An account in Unified Managed Account stopped billing, reducing revenue by ($2.4k)."", ""title"": ""Unified Managed Account ($2.4k)""}, {""cause_id"": ""VOLUME"", ""data_source"": ""REAL"", ""direction"": ""DOWN"", ""driver_id"": ""SMPL003|202604|202605|mutual_fund_trails|VOLUME|1"", ""group_id"": ""mutual_fund_trails"", ""text"": ""Volume in Mutual Fund Trails declined ($1.6k) as transaction count fell from 2 to 1."", ""title"": ""Mutual Fund Trails ($1.6k)""}]",PUBLISHED,,DERIVED
v16|SMPL003|202605|202606,v16,SMPL003,202605,202606,"▼ ($38,968)  (43.8%)","Revenue declined ($38,968) or (43.8%) from May to June 2026, falling from $88,880 to $49,912. The primary driver was a ($45.6k) decline in One-Time revenue from Structured Products, which had generated 3 transactions in May and none in June. This was partially offset by a ($8.6k) gain from Timing in Alternative Investments, reflecting quarterly billing that fell in June only. Within Unified Managed Account, account-level attribution is unavailable for a ($7.5k) decline tied to the Baseline Period, as fewer than 2 loaded months follow this transition and cannot confirm whether the account that ceased billing genuinely stopped or will resume. Average Transaction Value declined by ($5.8k), as the per-transaction amount fell from $5,637.27 to $4,476.24 despite an increase in transaction count. This decline was partially mitigated by a ($5.6k) gain from Volume, as the number of transactions rose from 4 to 5.","[{""cause_id"": ""ONE_TIME"", ""data_source"": ""REAL"", ""direction"": ""DOWN"", ""driver_id"": ""SMPL003|202605|202606|structured_products|ONE_TIME|1"", ""group_id"": ""structured_products"", ""text"": ""Structured Products one-time revenue dropped ($45.6k) as transaction count fell to zero in June from three in May."", ""title"": ""Structured Products ($45.6k)""}, {""cause_id"": ""TIMING"", ""data_source"": ""REAL"", ""direction"": ""UP"", ""driver_id"": ""SMPL003|202605|202606|alternative_investments|TIMING|1"", ""group_id"": ""alternative_investments"", ""text"": ""Alternative Investments generated $8.6k in additional revenue due to quarterly billing aligning with June."", ""title"": ""Alternative Investments $8.6k""}, {""cause_id"": ""BASELINE_LIMITED"", ""data_source"": ""DERIVED"", ""direction"": ""DOWN"", ""driver_id"": ""SMPL003|202605|202606|unified_managed_account|BASELINE_LIMITED|1"", ""group_id"": ""unified_managed_account"", ""text"": ""Account-level attribution for Unified Managed Account is unavailable for the ($7.5k) decline associated with the Baseline Period, as insufficient data follow this transition to confirm account status."", ""title"": ""Unified Managed Account ($7.5k)""}, {""cause_id"": ""DEAL_SIZE"", ""data_source"": ""REAL"", ""direction"": ""DOWN"", ""driver_id"": ""SMPL003|202605|202606|unified_managed_account|DEAL_SIZE|2"", ""group_id"": ""unified_managed_account"", ""text"": ""Unified Managed Account Average Transaction Value declined ($5.8k) as the per-transaction amount fell from $5,637.27 to $4,476.24."", ""title"": ""Unified Managed Account ($5.8k)""}, {""cause_id"": ""VOLUME"", ""data_source"": ""REAL"", ""direction"": ""UP"", ""driver_id"": ""SMPL003|202605|202606|unified_managed_account|VOLUME|3"", ""group_id"": ""unified_managed_account"", ""text"": ""Unified Managed Account Volume contributed $5.6k as transaction count increased from 4 to 5."", ""title"": ""Unified Managed Account $5.6k""}]",PUBLISHED,,DERIVED
v17|SMPL001|202604|202605,v17,SMPL001,202604,202605,"▲ $25,411  55.4%","April 2026 is the first month in the loaded data, so driver attribution for the April-to-May transition is indicative. Revenue grew $25,411 (55.4%) from $45,900 to $71,311, driven primarily by One-Time activity in Structured Products that contributed $36.6k. This was partially offset by Timing in Alternative Investments, which declined ($7.0k) due to quarterly billing falling in April only, and by Volume in Unified Managed Account declining ($5.1k) as transaction count decreased. Average Transaction Value in Unified Managed Account rose $3.5k, and a Lost Account in that product line reduced revenue by ($1.6k).","[{""cause_id"": ""ONE_TIME"", ""data_source"": ""REAL"", ""direction"": ""UP"", ""driver_id"": ""SMPL001|202604|202605|structured_products|ONE_TIME|1"", ""group_id"": ""structured_products"", ""text"": ""One-Time revenue in Structured Products increased $36.6k, reflecting 3 one-time transactions in May versus none in April."", ""title"": ""Structured Products $36.6k""}, {""cause_id"": ""TIMING"", ""data_source"": ""REAL"", ""direction"": ""DOWN"", ""driver_id"": ""SMPL001|202604|202605|alternative_investments|TIMING|1"", ""group_id"": ""alternative_investments"", ""text"": ""Timing in Alternative Investments declined ($7.0k) as quarterly billing occurred in April but not in May."", ""title"": ""Alternative Investments ($7.0k)""}, {""cause_id"": ""VOLUME"", ""data_source"": ""REAL"", ""direction"": ""DOWN"", ""driver_id"": ""SMPL001|202604|202605|unified_managed_account|VOLUME|1"", ""group_id"": ""unified_managed_account"", ""text"": ""Volume in Unified Managed Account decreased ($5.1k) due to transaction count falling from 5 to 4."", ""title"": ""Unified Managed Account ($5.1k)""}, {""cause_id"": ""DEAL_SIZE"", ""data_source"": ""REAL"", ""direction"": ""UP"", ""driver_id"": ""SMPL001|202604|202605|unified_managed_account|DEAL_SIZE|2"", ""group_id"": ""unified_managed_account"", ""text"": ""Average Transaction Value in Unified Managed Account rose $3.5k, with the average transaction value increasing from $5,076 to $5,942.05."", ""title"": ""Unified Managed Account $3.5k""}, {""cause_id"": ""LOST_ACCOUNT"", ""data_source"": ""REAL"", ""direction"": ""DOWN"", ""driver_id"": ""SMPL001|202604|202605|unified_managed_account|LOST_ACCOUNT|3"", ""group_id"": ""unified_managed_account"", ""text"": ""A Unified Managed Account stopped billing in recurring product lines, reducing revenue by ($1.6k)."", ""title"": ""Unified Managed Account ($1.6k)""}]",PUBLISHED,,DERIVED
v17|SMPL001|202605|202606,v17,SMPL001,202605,202606,"▼ ($35,393)  (49.6%)","Revenue declined ($35,393) or (49.6%) from May to June 2026, falling from $71,311 to $35,917. The decline was driven primarily by One-Time revenue in Structured Products, which fell ($36.6k) as three transactions in May did not recur in June. This was partially offset by Timing in Alternative Investments, which contributed $7.0k as quarterly billing cycles aligned with June. Unified Managed Account revenue was pressured by Eligibility, down ($6.3k) due to one transaction moving to a non-credited reason code, and by account-level activity that cannot be fully attributed: one account present in May generated ($6.1k) but did not appear in subsequent loaded months, making account-level attribution unavailable for this transition given the limited baseline data. Product Mix in Unified Managed Account provided a partial lift of $5.5k.","[{""cause_id"": ""ONE_TIME"", ""data_source"": ""REAL"", ""direction"": ""DOWN"", ""driver_id"": ""SMPL001|202605|202606|structured_products|ONE_TIME|1"", ""group_id"": ""structured_products"", ""text"": ""Structured Products One-Time revenue declined ($36.6k) as three transactions in May did not recur in June."", ""title"": ""Structured Products ($36.6k)""}, {""cause_id"": ""TIMING"", ""data_source"": ""REAL"", ""direction"": ""UP"", ""driver_id"": ""SMPL001|202605|202606|alternative_investments|TIMING|1"", ""group_id"": ""alternative_investments"", ""text"": ""Alternative Investments Timing contributed $7.0k in June due to quarterly billing cycle alignment in that month."", ""title"": ""Alternative Investments $7.0k""}, {""cause_id"": ""ELIGIBILITY"", ""data_source"": ""REAL"", ""direction"": ""DOWN"", ""driver_id"": ""SMPL001|202605|202606|unified_managed_account|ELIGIBILITY|1"", ""group_id"": ""unified_managed_account"", ""text"": ""Unified Managed Account Eligibility revenue fell ($6.3k) as one transaction moved to a non-credited reason code."", ""title"": ""Unified Managed Account ($6.3k)""}, {""cause_id"": ""BASELINE_LIMITED"", ""data_source"": ""DERIVED"", ""direction"": ""DOWN"", ""driver_id"": ""SMPL001|202605|202606|unified_managed_account|BASELINE_LIMITED|2"", ""group_id"": ""unified_managed_account"", ""text"": ""Baseline Period account-level attribution is unavailable for one Unified Managed Account that had activity in May but appears absent thereafter, as fewer than two loaded months follow this transition."", ""title"": ""Unified Managed Account ($6.1k)""}, {""cause_id"": ""MIX"", ""data_source"": ""DERIVED"", ""direction"": ""UP"", ""driver_id"": ""SMPL001|202605|202606|unified_managed_account|MIX|3"", ""group_id"": ""unified_managed_account"", ""text"": ""Unified Managed Account Product Mix shifted favorably, contributing $5.5k after accounting for all other attributed drivers."", ""title"": ""Unified Managed Account $5.5k""}]",PUBLISHED,,DERIVED
v17|SMPL002|202604|202605,v17,SMPL002,202604,202605,"▲ $28,521  55.8%","April 2026 is the first month in the loaded data, so driver attribution for this transition is indicative. Revenue grew $28,521 or 55.8% from $51,161 to $79,682. One-Time activity in Structured Products was the largest driver, contributing $41.1k from 3 transactions that did not appear in the prior month. This gain was partially offset by a Volume decline in Unified Managed Account of ($10.1k) as transaction count fell from 6 to 4, and by a Timing shift in Alternative Investments of ($7.8k) reflecting quarterly billing that occurred in April but not in May. Average Transaction Value in Unified Managed Account added $6.3k despite the lower transaction count, while Billable Days in the same product line detracted ($1.4k) due to one fewer billing day in the period.","[{""cause_id"": ""ONE_TIME"", ""data_source"": ""REAL"", ""direction"": ""UP"", ""driver_id"": ""SMPL002|202604|202605|structured_products|ONE_TIME|1"", ""group_id"": ""structured_products"", ""text"": ""One-Time revenue in Structured Products increased $41.1k, driven by 3 transactions totaling $41,100 that were absent in April."", ""title"": ""Structured Products $41.1k""}, {""cause_id"": ""VOLUME"", ""data_source"": ""REAL"", ""direction"": ""DOWN"", ""driver_id"": ""SMPL002|202604|202605|unified_managed_account|VOLUME|1"", ""group_id"": ""unified_managed_account"", ""text"": ""Volume in Unified Managed Account decreased ($10.1k) as transaction count declined from 6 to 4."", ""title"": ""Unified Managed Account ($10.1k)""}, {""cause_id"": ""TIMING"", ""data_source"": ""REAL"", ""direction"": ""DOWN"", ""driver_id"": ""SMPL002|202604|202605|alternative_investments|TIMING|1"", ""group_id"": ""alternative_investments"", ""text"": ""Timing in Alternative Investments decreased ($7.8k) due to quarterly billing that fell in April but not in May."", ""title"": ""Alternative Investments ($7.8k)""}, {""cause_id"": ""DEAL_SIZE"", ""data_source"": ""REAL"", ""direction"": ""UP"", ""driver_id"": ""SMPL002|202604|202605|unified_managed_account|DEAL_SIZE|2"", ""group_id"": ""unified_managed_account"", ""text"": ""Average Transaction Value in Unified Managed Account increased $6.3k, reflecting a rise in average transaction size from $5,040 to $6,610.23."", ""title"": ""Unified Managed Account $6.3k""}, {""cause_id"": ""BILLABLE_DAYS"", ""data_source"": ""DERIVED"", ""direction"": ""DOWN"", ""driver_id"": ""SMPL002|202604|202605|unified_managed_account|BILLABLE_DAYS|3"", ""group_id"": ""unified_managed_account"", ""text"": ""Billable Days in Unified Managed Account decreased ($1.4k) as the billing period shortened from 22 to 21 days."", ""title"": ""Unified Managed Account ($1.4k)""}]",PUBLISHED,,DERIVED
v17|SMPL002|202605|202606,v17,SMPL002,202605,202606,"▼ ($31,612)  (39.7%)","Revenue declined ($31,612) or (39.7%) from May to June 2026, falling to $48,070. The primary driver was a ($41.1k) decrease in One-Time revenue from Structured Products, which had generated three transactions in May but none in June. This decline was partially offset by Timing in Alternative Investments, which contributed $7.8k as quarterly billing aligned with June. Within Unified Managed Account, a New Account (SMPLACCT-2109) that had been quiet for two consecutive months began billing in June, adding $4.8k in revenue. Volume in Unified Managed Account also provided a modest lift of $6.5k from an increase in transaction count. These gains were partially countered by account-level attribution that is unavailable for a ($6.8k) decline in the Baseline Period driver, as fewer than two loaded months follow this transition and account-level loss cannot be confirmed.","[{""cause_id"": ""ONE_TIME"", ""data_source"": ""REAL"", ""direction"": ""DOWN"", ""driver_id"": ""SMPL002|202605|202606|structured_products|ONE_TIME|1"", ""group_id"": ""structured_products"", ""text"": ""One-Time revenue from Structured Products fell ($41.1k) as transaction activity ceased after three transactions in May."", ""title"": ""Structured Products ($41.1k)""}, {""cause_id"": ""TIMING"", ""data_source"": ""REAL"", ""direction"": ""UP"", ""driver_id"": ""SMPL002|202605|202606|alternative_investments|TIMING|1"", ""group_id"": ""alternative_investments"", ""text"": ""Timing contributed $7.8k in Alternative Investments as quarterly billing aligned with the June period."", ""title"": ""Alternative Investments $7.8k""}, {""cause_id"": ""BASELINE_LIMITED"", ""data_source"": ""DERIVED"", ""direction"": ""DOWN"", ""driver_id"": ""SMPL002|202605|202606|unified_managed_account|BASELINE_LIMITED|1"", ""group_id"": ""unified_managed_account"", ""text"": ""Account-level attribution is unavailable for a ($6.8k) movement in Baseline Period, as the data range is too limited to confirm whether the account present only in May was genuinely lost."", ""title"": ""Unified Managed Account ($6.8k)""}, {""cause_id"": ""VOLUME"", ""data_source"": ""REAL"", ""direction"": ""UP"", ""driver_id"": ""SMPL002|202605|202606|unified_managed_account|VOLUME|2"", ""group_id"": ""unified_managed_account"", ""text"": ""Volume in Unified Managed Account added $6.5k from an increase in transaction count from three to four transactions."", ""title"": ""Unified Managed Account $6.5k""}, {""cause_id"": ""NEW_ACCOUNT"", ""data_source"": ""REAL"", ""direction"": ""UP"", ""driver_id"": ""SMPL002|202605|202606|unified_managed_account|NEW_ACCOUNT|3"", ""group_id"": ""unified_managed_account"", ""text"": ""A new account (SMPLACCT-2109) started billing in Unified Managed Account in June after being quiet for two consecutive prior months, contributing $4.8k."", ""title"": ""Unified Managed Account $4.8k""}]",PUBLISHED,,DERIVED
v17|SMPL003|202604|202605,v17,SMPL003,202604,202605,"▲ $24,615  38.3%","April 2026 is the first month in the loaded data, so attribution of account activity for this transition is indicative only. Revenue grew $24,615 or 38.3% from April to May, driven primarily by One-Time activity in Structured Products of $45.6k across 3 transactions. This gain was partially offset by several headwinds: Timing in Alternative Investments reduced revenue by ($8.6k) as quarterly billing did not occur in May, One-Time activity in Annuities declined by ($7.4k), an account in Unified Managed Account stopped billing and reduced revenue by ($2.4k), and Volume in Mutual Fund Trails fell by ($1.6k) due to one fewer transaction.","[{""cause_id"": ""ONE_TIME"", ""data_source"": ""REAL"", ""direction"": ""UP"", ""driver_id"": ""SMPL003|202604|202605|structured_products|ONE_TIME|1"", ""group_id"": ""structured_products"", ""text"": ""Structured Products generated $45.6k in one-time revenue from 3 transactions in May, compared to zero in April."", ""title"": ""Structured Products $45.6k""}, {""cause_id"": ""TIMING"", ""data_source"": ""REAL"", ""direction"": ""DOWN"", ""driver_id"": ""SMPL003|202604|202605|alternative_investments|TIMING|1"", ""group_id"": ""alternative_investments"", ""text"": ""Alternative Investments revenue declined by ($8.6k) because quarterly billing fell in April but not in May."", ""title"": ""Alternative Investments ($8.6k)""}, {""cause_id"": ""ONE_TIME"", ""data_source"": ""REAL"", ""direction"": ""DOWN"", ""driver_id"": ""SMPL003|202604|202605|annuities|ONE_TIME|1"", ""group_id"": ""annuities"", ""text"": ""Annuities one-time revenue decreased by ($7.4k), with 1 transaction in April and none in May."", ""title"": ""Annuities ($7.4k)""}, {""cause_id"": ""LOST_ACCOUNT"", ""data_source"": ""REAL"", ""direction"": ""DOWN"", ""driver_id"": ""SMPL003|202604|202605|unified_managed_account|LOST_ACCOUNT|1"", ""group_id"": ""unified_managed_account"", ""text"": ""A Unified Managed Account stopped billing in May and remained inactive through June, reducing revenue by ($2.4k)."", ""title"": ""Unified Managed Account ($2.4k)""}, {""cause_id"": ""VOLUME"", ""data_source"": ""REAL"", ""direction"": ""DOWN"", ""driver_id"": ""SMPL003|202604|202605|mutual_fund_trails|VOLUME|1"", ""group_id"": ""mutual_fund_trails"", ""text"": ""Mutual Fund Trails volume declined by ($1.6k) due to a decrease from 2 transactions in April to 1 transaction in May."", ""title"": ""Mutual Fund Trails ($1.6k)""}]",PUBLISHED,,DERIVED
v17|SMPL003|202605|202606,v17,SMPL003,202605,202606,"▼ ($38,968)  (43.8%)","Revenue declined ($38,968) or (43.8%) from May to June 2026, falling to $49,912. The primary driver was a ($45.6k) drop in Structured Products due to One-Time revenue that did not recur; this decline was partially offset by Timing in Alternative Investments, which contributed $8.6k as quarterly billing aligned with June. Within Unified Managed Account, account-level attribution is unavailable due to data range limitations in the baseline period, resulting in a ($7.5k) contribution from Baseline Period. Additionally, Average Transaction Value declined by ($5.8k), though Volume growth of $5.6k provided a modest counterweight.","[{""cause_id"": ""ONE_TIME"", ""data_source"": ""REAL"", ""direction"": ""DOWN"", ""driver_id"": ""SMPL003|202605|202606|structured_products|ONE_TIME|1"", ""group_id"": ""structured_products"", ""text"": ""One-Time revenue in Structured Products fell ($45.6k) as transactions did not repeat in June."", ""title"": ""Structured Products ($45.6k)""}, {""cause_id"": ""TIMING"", ""data_source"": ""REAL"", ""direction"": ""UP"", ""driver_id"": ""SMPL003|202605|202606|alternative_investments|TIMING|1"", ""group_id"": ""alternative_investments"", ""text"": ""Timing contributed $8.6k to Alternative Investments as quarterly billing revenue recognized in June."", ""title"": ""Alternative Investments $8.6k""}, {""cause_id"": ""BASELINE_LIMITED"", ""data_source"": ""DERIVED"", ""direction"": ""DOWN"", ""driver_id"": ""SMPL003|202605|202606|unified_managed_account|BASELINE_LIMITED|1"", ""group_id"": ""unified_managed_account"", ""text"": ""Baseline Period accounts in Unified Managed Account showed a ($7.5k) impact; account-level attribution is unavailable because fewer than two loaded months follow this transition."", ""title"": ""Unified Managed Account ($7.5k)""}, {""cause_id"": ""DEAL_SIZE"", ""data_source"": ""REAL"", ""direction"": ""DOWN"", ""driver_id"": ""SMPL003|202605|202606|unified_managed_account|DEAL_SIZE|2"", ""group_id"": ""unified_managed_account"", ""text"": ""Average Transaction Value in Unified Managed Account decreased ($5.8k) as mean transaction size declined from $5,637.27 to $4,476.24."", ""title"": ""Unified Managed Account ($5.8k)""}, {""cause_id"": ""VOLUME"", ""data_source"": ""REAL"", ""direction"": ""UP"", ""driver_id"": ""SMPL003|202605|202606|unified_managed_account|VOLUME|3"", ""group_id"": ""unified_managed_account"", ""text"": ""Volume in Unified Managed Account increased by one transaction, contributing $5.6k based on the prior-month average value."", ""title"": ""Unified Managed Account $5.6k""}]",PUBLISHED,,DERIVED
v18|SMPL001|202604|202605,v18,SMPL001,202604,202605,"▲ $25,411  55.4%","April 2026 is the first month in the loaded data, so the attribution of account movements for this transition is indicative rather than confirmed. Revenue rose $25,411, or 55.4%, from $45,900 to $71,311. One-Time revenue in Structured Products surged by $36.6k, accounting for 144.0% of the total increase. This gain was partially offset by a $7.0k decline in Alternative Investments Timing revenue as quarterly billing fell out of the month, and by a $5.1k reduction in Unified Managed Account Volume as transaction count decreased. These headwinds were partly mitigated by a $3.5k gain in Unified Managed Account Average Transaction Value, and partially offset again by a $1.6k loss from an account that stopped billing in the Unified Managed Account recurring product line.","[{""cause_id"": ""ONE_TIME"", ""data_source"": ""REAL"", ""direction"": ""UP"", ""driver_id"": ""SMPL001|202604|202605|structured_products|ONE_TIME|1"", ""group_id"": ""structured_products"", ""text"": ""One-Time revenue in Structured Products increased by $36.6k, driven by three transactions in May that did not occur in April."", ""title"": ""Structured Products $36.6k""}, {""cause_id"": ""TIMING"", ""data_source"": ""REAL"", ""direction"": ""DOWN"", ""driver_id"": ""SMPL001|202604|202605|alternative_investments|TIMING|1"", ""group_id"": ""alternative_investments"", ""text"": ""Timing reduced Alternative Investments revenue by $7.0k as quarterly billing that occurred in April did not recur in May."", ""title"": ""Alternative Investments ($7.0k)""}, {""cause_id"": ""VOLUME"", ""data_source"": ""REAL"", ""direction"": ""DOWN"", ""driver_id"": ""SMPL001|202604|202605|unified_managed_account|VOLUME|1"", ""group_id"": ""unified_managed_account"", ""text"": ""Volume in Unified Managed Account fell by $5.1k as transaction count declined from five to four."", ""title"": ""Unified Managed Account ($5.1k)""}, {""cause_id"": ""DEAL_SIZE"", ""data_source"": ""REAL"", ""direction"": ""UP"", ""driver_id"": ""SMPL001|202604|202605|unified_managed_account|DEAL_SIZE|2"", ""group_id"": ""unified_managed_account"", ""text"": ""Average Transaction Value in Unified Managed Account rose by $3.5k, reflecting higher per-transaction revenue despite the lower transaction count."", ""title"": ""Unified Managed Account $3.5k""}, {""cause_id"": ""LOST_ACCOUNT"", ""data_source"": ""REAL"", ""direction"": ""DOWN"", ""driver_id"": ""SMPL001|202604|202605|unified_managed_account|LOST_ACCOUNT|3"", ""group_id"": ""unified_managed_account"", ""text"": ""One account in the Unified Managed Account recurring product line stopped billing, reducing revenue by $1.6k."", ""title"": ""Unified Managed Account ($1.6k)""}]",PUBLISHED,,DERIVED
v18|SMPL001|202605|202606,v18,SMPL001,202605,202606,"▼ ($35,393)  (49.6%)","Revenue declined by ($35,393), or (49.6%), from $71,311 in May to $35,917 in June. The primary driver was a ($36.6k) decline in One-Time revenue within Structured Products, as three transactions in May did not recur in June. This was partially offset by ($7.0k) in Timing-related revenue from Alternative Investments, reflecting the quarterly billing cycle. Unified Managed Account revenue also declined due to ($6.3k) in Eligibility-related reductions as accounts moved to non-credited reason codes, and ($6.1k) attributable to the Baseline Period—account-level attribution is unavailable for this transition because fewer than two loaded months follow June, preventing confirmation of whether the account that ceased billing was genuinely lost. These headwinds were partially mitigated by $5.5k in Product Mix gains within Unified Managed Account.","[{""cause_id"": ""ONE_TIME"", ""data_source"": ""REAL"", ""direction"": ""DOWN"", ""driver_id"": ""SMPL001|202605|202606|structured_products|ONE_TIME|1"", ""group_id"": ""structured_products"", ""text"": ""One-Time revenue in Structured Products fell by ($36.6k) as three transactions recorded in May did not recur in June."", ""title"": ""Structured Products ($36.6k)""}, {""cause_id"": ""TIMING"", ""data_source"": ""REAL"", ""direction"": ""UP"", ""driver_id"": ""SMPL001|202605|202606|alternative_investments|TIMING|1"", ""group_id"": ""alternative_investments"", ""text"": ""Timing contributed $7.0k to Alternative Investments revenue, reflecting the monthly recognition of quarterly billing in June."", ""title"": ""Alternative Investments $7.0k""}, {""cause_id"": ""ELIGIBILITY"", ""data_source"": ""REAL"", ""direction"": ""DOWN"", ""driver_id"": ""SMPL001|202605|202606|unified_managed_account|ELIGIBILITY|1"", ""group_id"": ""unified_managed_account"", ""text"": ""Eligibility changes reduced Unified Managed Account revenue by ($6.3k) as one account moved to a non-credited reason code."", ""title"": ""Unified Managed Account ($6.3k)""}, {""cause_id"": ""BASELINE_LIMITED"", ""data_source"": ""DERIVED"", ""direction"": ""DOWN"", ""driver_id"": ""SMPL001|202605|202606|unified_managed_account|BASELINE_LIMITED|2"", ""group_id"": ""unified_managed_account"", ""text"": ""One account in Unified Managed Account showed no activity in June after appearing in May, reducing that month's revenue by ($6.1k); however, account-level attribution is unavailable for this transition because insufficient loaded months follow to confirm whether this account was genuinely lost."", ""title"": ""Unified Managed Account ($6.1k)""}, {""cause_id"": ""MIX"", ""data_source"": ""DERIVED"", ""direction"": ""UP"", ""driver_id"": ""SMPL001|202605|202606|unified_managed_account|MIX|3"", ""group_id"": ""unified_managed_account"", ""text"": ""Product Mix within Unified Managed Account contributed $5.5k in offsetting revenue gains."", ""title"": ""Unified Managed Account $5.5k""}]",BLOCKED,negative_format: positive figure wrapped in parentheses (parens mean negative): ['($7.0k)'],DERIVED
v18|SMPL002|202604|202605,v18,SMPL002,202604,202605,"▲ $28,521  55.8%","April 2026 is the first month in the loaded data; there is no prior period for account comparison, so driver attribution for this transition is indicative. Revenue rose $28,521, or 55.8%, from $51,161 to $79,682. One-Time activity in Structured Products drove the largest contribution at $41.1k, reflecting three transactions in May versus none in April. This gain was partially offset by a $10.1k decline in Unified Managed Account Volume, as transaction count fell from 6 to 4. Alternative Investments Timing reduced revenue by $7.8k due to the quarterly billing cycle generating revenue in April but not in May. Unified Managed Account Average Transaction Value added $6.3k as per-transaction values increased from $5,040 to $6,610.23. Finally, Billable Days in Unified Managed Account subtracted $1.4k as the month contained 21 billable days versus 22 in the prior month.","[{""cause_id"": ""ONE_TIME"", ""data_source"": ""REAL"", ""direction"": ""UP"", ""driver_id"": ""SMPL002|202604|202605|structured_products|ONE_TIME|1"", ""group_id"": ""structured_products"", ""text"": ""One-Time activity in Structured Products contributed $41.1k, with three transactions recorded in May compared to none in April."", ""title"": ""Structured Products $41.1k""}, {""cause_id"": ""VOLUME"", ""data_source"": ""REAL"", ""direction"": ""DOWN"", ""driver_id"": ""SMPL002|202604|202605|unified_managed_account|VOLUME|1"", ""group_id"": ""unified_managed_account"", ""text"": ""Volume in Unified Managed Account declined by ($10.1k) as the transaction count decreased from 6 to 4."", ""title"": ""Unified Managed Account ($10.1k)""}, {""cause_id"": ""TIMING"", ""data_source"": ""REAL"", ""direction"": ""DOWN"", ""driver_id"": ""SMPL002|202604|202605|alternative_investments|TIMING|1"", ""group_id"": ""alternative_investments"", ""text"": ""Timing in Alternative Investments reduced revenue by ($7.8k) because quarterly billing generated revenue in April but not in May."", ""title"": ""Alternative Investments ($7.8k)""}, {""cause_id"": ""DEAL_SIZE"", ""data_source"": ""REAL"", ""direction"": ""UP"", ""driver_id"": ""SMPL002|202604|202605|unified_managed_account|DEAL_SIZE|2"", ""group_id"": ""unified_managed_account"", ""text"": ""Average Transaction Value in Unified Managed Account increased by $6.3k, driven by per-transaction values rising from $5,040 to $6,610.23."", ""title"": ""Unified Managed Account $6.3k""}, {""cause_id"": ""BILLABLE_DAYS"", ""data_source"": ""DERIVED"", ""direction"": ""DOWN"", ""driver_id"": ""SMPL002|202604|202605|unified_managed_account|BILLABLE_DAYS|3"", ""group_id"": ""unified_managed_account"", ""text"": ""Billable Days in Unified Managed Account decreased by ($1.4k) as the month contained 21 billable days versus 22 in April."", ""title"": ""Unified Managed Account ($1.4k)""}]",PUBLISHED,,DERIVED
v18|SMPL002|202605|202606,v18,SMPL002,202605,202606,"▼ ($31,612)  (39.7%)","Revenue declined ($31,612) or (39.7%) from May to June 2026, falling from $79,682 to $48,070. The primary driver was a ($41.1k) drop in One-Time revenue from Structured Products, which accounted for 130.0% of the overall decline as three transactions in May did not recur in June. This was partially offset by Timing-driven growth of $7.8k in Alternative Investments, reflecting quarterly billing that occurred in June only. In Unified Managed Account, account-level attribution for one account present only in May is unavailable due to Baseline Period limitations—fewer than two months of loaded data follow this transition to confirm whether the account was genuinely lost. However, New Account activity contributed $4.8k as one account that had been inactive for the prior two months started billing again in June. Volume growth of $6.5k reflected an increase in transaction count within the product line, partially offsetting the revenue headwinds from the Structured Products decline.","[{""cause_id"": ""ONE_TIME"", ""data_source"": ""REAL"", ""direction"": ""DOWN"", ""driver_id"": ""SMPL002|202605|202606|structured_products|ONE_TIME|1"", ""group_id"": ""structured_products"", ""text"": ""One-Time revenue from Structured Products fell ($41.1k) as three May transactions did not recur in June."", ""title"": ""Structured Products ($41.1k)""}, {""cause_id"": ""TIMING"", ""data_source"": ""REAL"", ""direction"": ""UP"", ""driver_id"": ""SMPL002|202605|202606|alternative_investments|TIMING|1"", ""group_id"": ""alternative_investments"", ""text"": ""Timing drove $7.8k of growth in Alternative Investments revenue as quarterly billing fell in June."", ""title"": ""Alternative Investments $7.8k""}, {""cause_id"": ""BASELINE_LIMITED"", ""data_source"": ""DERIVED"", ""direction"": ""DOWN"", ""driver_id"": ""SMPL002|202605|202606|unified_managed_account|BASELINE_LIMITED|1"", ""group_id"": ""unified_managed_account"", ""text"": ""Account-level attribution is unavailable for ($6.8k) of Unified Managed Account revenue change because the loaded data range does not provide sufficient history to confirm whether one account that appeared only in May was genuinely lost."", ""title"": ""Unified Managed Account ($6.8k)""}, {""cause_id"": ""VOLUME"", ""data_source"": ""REAL"", ""direction"": ""UP"", ""driver_id"": ""SMPL002|202605|202606|unified_managed_account|VOLUME|2"", ""group_id"": ""unified_managed_account"", ""text"": ""Volume contributed $6.5k of growth in Unified Managed Account as transaction count increased by one."", ""title"": ""Unified Managed Account $6.5k""}, {""cause_id"": ""NEW_ACCOUNT"", ""data_source"": ""REAL"", ""direction"": ""UP"", ""driver_id"": ""SMPL002|202605|202606|unified_managed_account|NEW_ACCOUNT|3"", ""group_id"": ""unified_managed_account"", ""text"": ""A new account in Unified Managed Account started billing in June, contributing $4.8k after remaining inactive for the prior two months."", ""title"": ""Unified Managed Account $4.8k""}]",PUBLISHED,,DERIVED
v18|SMPL003|202604|202605,v18,SMPL003,202604,202605,"▲ $24,615  38.3%","April 2026 is the first month in the loaded data, so the attribution of account-level movements to this transition is indicative rather than confirmed. Revenue grew $24,615 or 38.3% from $64,265 to $88,880, driven primarily by a $45.6k increase in One-Time revenue from Structured Products, which alone exceeded the net change. This gain was partially offset by several headwinds: a ($8.6k) decline in Alternative Investments due to Timing (quarterly billing falling in the prior month rather than May), a ($7.4k) drop in One-Time Annuities revenue, a ($2.4k) loss from an account that stopped billing in Unified Managed Account, and a ($1.6k) volume decline in Mutual Fund Trails.","[{""cause_id"": ""ONE_TIME"", ""data_source"": ""REAL"", ""direction"": ""UP"", ""driver_id"": ""SMPL003|202604|202605|structured_products|ONE_TIME|1"", ""group_id"": ""structured_products"", ""text"": ""One-Time revenue from Structured Products increased $45.6k, reflecting 3 transactions in May versus none in April."", ""title"": ""Structured Products $45.6k""}, {""cause_id"": ""TIMING"", ""data_source"": ""REAL"", ""direction"": ""DOWN"", ""driver_id"": ""SMPL003|202604|202605|alternative_investments|TIMING|1"", ""group_id"": ""alternative_investments"", ""text"": ""Alternative Investments declined ($8.6k) due to the quarterly billing cycle\u2014revenue recognized in April did not recur in May."", ""title"": ""Alternative Investments ($8.6k)""}, {""cause_id"": ""ONE_TIME"", ""data_source"": ""REAL"", ""direction"": ""DOWN"", ""driver_id"": ""SMPL003|202604|202605|annuities|ONE_TIME|1"", ""group_id"": ""annuities"", ""text"": ""One-Time Annuities revenue fell ($7.4k) with no transactions in May compared to 1 transaction in April."", ""title"": ""Annuities ($7.4k)""}, {""cause_id"": ""LOST_ACCOUNT"", ""data_source"": ""REAL"", ""direction"": ""DOWN"", ""driver_id"": ""SMPL003|202604|202605|unified_managed_account|LOST_ACCOUNT|1"", ""group_id"": ""unified_managed_account"", ""text"": ""An account in Unified Managed Account stopped billing, contributing ($2.4k) to the decline."", ""title"": ""Unified Managed Account ($2.4k)""}, {""cause_id"": ""VOLUME"", ""data_source"": ""REAL"", ""direction"": ""DOWN"", ""driver_id"": ""SMPL003|202604|202605|mutual_fund_trails|VOLUME|1"", ""group_id"": ""mutual_fund_trails"", ""text"": ""Mutual Fund Trails volume decreased ($1.6k) as transaction count fell from 2 to 1."", ""title"": ""Mutual Fund Trails ($1.6k)""}]",PUBLISHED,,DERIVED
v18|SMPL003|202605|202606,v18,SMPL003,202605,202606,"▼ ($38,968)  (43.8%)","Revenue declined ($38,968), or (43.8%), from May to June 2026, falling from $88,880 to $49,912. The primary driver was a ($45.6k) decline in One-Time revenue within Structured Products, which accounted for the majority of the decrease as three transactions in May did not recur in June. This decline was partially offset by Timing within Alternative Investments, which added $8.6k as quarterly billing aligned with June. Within Unified Managed Account, account-level attribution is unavailable for the period due to insufficient data history prior to May (the first month loaded), so the ($7.5k) attributed to Baseline Period reflects indicative account movement rather than confirmed business activity. Average Transaction Value within Unified Managed Account contributed a further ($5.8k) downward pressure as the average transaction value decreased from $5,637.27 to $4,476.24, despite a modest upward push of $5.6k from Volume as transaction count increased from 4 to 5.","[{""cause_id"": ""ONE_TIME"", ""data_source"": ""REAL"", ""direction"": ""DOWN"", ""driver_id"": ""SMPL003|202605|202606|structured_products|ONE_TIME|1"", ""group_id"": ""structured_products"", ""text"": ""Structured Products one-time revenue declined ($45.6k) as three transactions recorded in May did not repeat in June."", ""title"": ""Structured Products ($45.6k)""}, {""cause_id"": ""TIMING"", ""data_source"": ""REAL"", ""direction"": ""UP"", ""driver_id"": ""SMPL003|202605|202606|alternative_investments|TIMING|1"", ""group_id"": ""alternative_investments"", ""text"": ""Alternative Investments contributed $8.6k due to quarterly billing that fell within June."", ""title"": ""Alternative Investments $8.6k""}, {""cause_id"": ""BASELINE_LIMITED"", ""data_source"": ""DERIVED"", ""direction"": ""DOWN"", ""driver_id"": ""SMPL003|202605|202606|unified_managed_account|BASELINE_LIMITED|1"", ""group_id"": ""unified_managed_account"", ""text"": ""Unified Managed Account account-level attribution is unavailable for this transition because May is the first month in the loaded data; the ($7.5k) figure is indicative only."", ""title"": ""Unified Managed Account ($7.5k)""}, {""cause_id"": ""DEAL_SIZE"", ""data_source"": ""REAL"", ""direction"": ""DOWN"", ""driver_id"": ""SMPL003|202605|202606|unified_managed_account|DEAL_SIZE|2"", ""group_id"": ""unified_managed_account"", ""text"": ""Unified Managed Account Average Transaction Value declined ($5.8k) as the average transaction value fell from $5,637.27 to $4,476.24."", ""title"": ""Unified Managed Account ($5.8k)""}, {""cause_id"": ""VOLUME"", ""data_source"": ""REAL"", ""direction"": ""UP"", ""driver_id"": ""SMPL003|202605|202606|unified_managed_account|VOLUME|3"", ""group_id"": ""unified_managed_account"", ""text"": ""Unified Managed Account Volume added $5.6k as transaction count increased from 4 to 5."", ""title"": ""Unified Managed Account $5.6k""}]",PUBLISHED,,DERIVED
v19|SMPL001|202604|202605,v19,SMPL001,202604,202605,"▲ $25,411  55.4%","April 2026 is the first month in the loaded data, so driver attribution for this transition is indicative. Revenue grew $25,411 or 55.4% from $45,900 to $71,311, driven primarily by One-Time revenue in Structured Products of $36.6k across 3 transactions. This gain was partially offset by Timing in Alternative Investments, which declined ($7.0k) as quarterly billing fell outside May, and by Volume in Unified Managed Account, which decreased ($5.1k) on one fewer transaction. Average Transaction Value in Unified Managed Account added $3.5k, while a Lost Account in that product line reduced revenue by ($1.6k).","[{""cause_id"": ""ONE_TIME"", ""data_source"": ""REAL"", ""direction"": ""UP"", ""driver_id"": ""SMPL001|202604|202605|structured_products|ONE_TIME|1"", ""group_id"": ""structured_products"", ""text"": ""One-Time revenue in Structured Products rose $36.6k from 0 to $36,600 across 3 transactions."", ""title"": ""Structured Products $36.6k""}, {""cause_id"": ""TIMING"", ""data_source"": ""REAL"", ""direction"": ""DOWN"", ""driver_id"": ""SMPL001|202604|202605|alternative_investments|TIMING|1"", ""group_id"": ""alternative_investments"", ""text"": ""Timing in Alternative Investments decreased ($7.0k) as quarterly billing cycles shifted outside the month."", ""title"": ""Alternative Investments ($7.0k)""}, {""cause_id"": ""VOLUME"", ""data_source"": ""REAL"", ""direction"": ""DOWN"", ""driver_id"": ""SMPL001|202604|202605|unified_managed_account|VOLUME|1"", ""group_id"": ""unified_managed_account"", ""text"": ""Volume in Unified Managed Account fell ($5.1k) due to one fewer transaction in May."", ""title"": ""Unified Managed Account ($5.1k)""}, {""cause_id"": ""DEAL_SIZE"", ""data_source"": ""REAL"", ""direction"": ""UP"", ""driver_id"": ""SMPL001|202604|202605|unified_managed_account|DEAL_SIZE|2"", ""group_id"": ""unified_managed_account"", ""text"": ""Average Transaction Value in Unified Managed Account increased $3.5k, reflecting higher per-transaction revenue on the 4 May transactions."", ""title"": ""Unified Managed Account $3.5k""}, {""cause_id"": ""LOST_ACCOUNT"", ""data_source"": ""REAL"", ""direction"": ""DOWN"", ""driver_id"": ""SMPL001|202604|202605|unified_managed_account|LOST_ACCOUNT|3"", ""group_id"": ""unified_managed_account"", ""text"": ""A Lost Account in Unified Managed Account that had generated $1,600 in April stopped billing in May and remained inactive in June."", ""title"": ""Unified Managed Account ($1.6k)""}]",PUBLISHED,,DERIVED
v19|SMPL001|202605|202606,v19,SMPL001,202605,202606,"▼ ($35,393)  (49.6%)","Revenue declined ($35,393) or (49.6%) from May to June 2026, falling from $71,311 to $35,917. The primary driver was a ($36.6k) decline in Structured Products due to One-Time revenue, which fell from $36,600 across 3 transactions in May to zero in June. This decline was partially offset by a $7.0k contribution from Alternative Investments due to Timing, reflecting quarterly billing that occurred in June only. Unified Managed Account revenue moved lower overall, driven by ($6.3k) in Eligibility-related declines as revenue shifted to non-credited reason codes, and ($6.1k) attributed to the Baseline Period (account-level attribution is unavailable for this transition because fewer than 2 loaded months follow May 2026, preventing confirmation of whether the account that appeared only in May was genuinely lost). These headwinds were partially cushioned by $5.5k of Product Mix movement in Unified Managed Account.","[{""cause_id"": ""ONE_TIME"", ""data_source"": ""REAL"", ""direction"": ""DOWN"", ""driver_id"": ""SMPL001|202605|202606|structured_products|ONE_TIME|1"", ""group_id"": ""structured_products"", ""text"": ""Structured Products one-time revenue dropped ($36.6k) after 3 transactions in May generated no revenue in June."", ""title"": ""Structured Products ($36.6k)""}, {""cause_id"": ""TIMING"", ""data_source"": ""REAL"", ""direction"": ""UP"", ""driver_id"": ""SMPL001|202605|202606|alternative_investments|TIMING|1"", ""group_id"": ""alternative_investments"", ""text"": ""Alternative Investments added $7.0k due to quarterly billing that aligned with June only."", ""title"": ""Alternative Investments $7.0k""}, {""cause_id"": ""ELIGIBILITY"", ""data_source"": ""REAL"", ""direction"": ""DOWN"", ""driver_id"": ""SMPL001|202605|202606|unified_managed_account|ELIGIBILITY|1"", ""group_id"": ""unified_managed_account"", ""text"": ""Unified Managed Account revenue declined ($6.3k) as one transaction moved into non-credited status."", ""title"": ""Unified Managed Account ($6.3k)""}, {""cause_id"": ""BASELINE_LIMITED"", ""data_source"": ""DERIVED"", ""direction"": ""DOWN"", ""driver_id"": ""SMPL001|202605|202606|unified_managed_account|BASELINE_LIMITED|2"", ""group_id"": ""unified_managed_account"", ""text"": ""Account-level attribution for Unified Managed Account is unavailable for this transition because the data range does not contain sufficient loaded months following May 2026 to confirm whether accounts that appeared only in May genuinely stopped billing."", ""title"": ""Unified Managed Account ($6.1k)""}, {""cause_id"": ""MIX"", ""data_source"": ""DERIVED"", ""direction"": ""UP"", ""driver_id"": ""SMPL001|202605|202606|unified_managed_account|MIX|3"", ""group_id"": ""unified_managed_account"", ""text"": ""Unified Managed Account Product Mix contributed $5.5k in offsetting gains."", ""title"": ""Unified Managed Account $5.5k""}]",PUBLISHED,,DERIVED
v19|SMPL002|202604|202605,v19,SMPL002,202604,202605,"▲ $28,521  55.8%","April 2026 is the first month in the loaded data, so attribution of account-level changes for this transition is indicative. Revenue rose $28,521, or 55.8%, from $51,161 to $79,682, driven primarily by One-Time revenue in Structured Products of $41.1k. This gain was partially offset by declines across three areas: a Volume decrease in Unified Managed Account of ($10.1k) as transaction count fell, a Timing shift in Alternative Investments of ($7.8k) due to the quarterly billing cycle, and Billable Days in Unified Managed Account of ($1.4k) reflecting one fewer billing day in the month. These headwinds were partially counterbalanced by an increase in Average Transaction Value within Unified Managed Account of $6.3k.","[{""cause_id"": ""ONE_TIME"", ""data_source"": ""REAL"", ""direction"": ""UP"", ""driver_id"": ""SMPL002|202604|202605|structured_products|ONE_TIME|1"", ""group_id"": ""structured_products"", ""text"": ""One-Time revenue in Structured Products increased by $41.1k, reflecting three new transactions in the period."", ""title"": ""Structured Products $41.1k""}, {""cause_id"": ""VOLUME"", ""data_source"": ""REAL"", ""direction"": ""DOWN"", ""driver_id"": ""SMPL002|202604|202605|unified_managed_account|VOLUME|1"", ""group_id"": ""unified_managed_account"", ""text"": ""Volume in Unified Managed Account decreased by ($10.1k) as transaction count declined from 6 to 4 transactions."", ""title"": ""Unified Managed Account ($10.1k)""}, {""cause_id"": ""TIMING"", ""data_source"": ""REAL"", ""direction"": ""DOWN"", ""driver_id"": ""SMPL002|202604|202605|alternative_investments|TIMING|1"", ""group_id"": ""alternative_investments"", ""text"": ""Timing in Alternative Investments generated a ($7.8k) headwind due to the quarterly billing cycle, with revenue recognized in April but not in May."", ""title"": ""Alternative Investments ($7.8k)""}, {""cause_id"": ""DEAL_SIZE"", ""data_source"": ""REAL"", ""direction"": ""UP"", ""driver_id"": ""SMPL002|202604|202605|unified_managed_account|DEAL_SIZE|2"", ""group_id"": ""unified_managed_account"", ""text"": ""Average Transaction Value in Unified Managed Account increased by $6.3k, with per-transaction value rising from $5,040 to $6,610.23."", ""title"": ""Unified Managed Account $6.3k""}, {""cause_id"": ""BILLABLE_DAYS"", ""data_source"": ""DERIVED"", ""direction"": ""DOWN"", ""driver_id"": ""SMPL002|202604|202605|unified_managed_account|BILLABLE_DAYS|3"", ""group_id"": ""unified_managed_account"", ""text"": ""Billable Days in Unified Managed Account decreased by ($1.4k) as the number of billing days fell from 22 to 21."", ""title"": ""Unified Managed Account ($1.4k)""}]",PUBLISHED,,DERIVED
v19|SMPL002|202605|202606,v19,SMPL002,202605,202606,"▼ ($31,612)  (39.7%)","Revenue declined ($31,612) or (39.7%) from May to June 2026, falling from $79,682 to $48,070. The primary driver was a ($41.1k) drop in One-Time revenue from Structured Products, which fell from three transactions in May to zero in June. This decline was partially offset by a $7.8k uplift in Timing revenue from Alternative Investments, reflecting quarterly billing that occurred in June. Unified Managed Account activity showed mixed movement: account-level attribution is unavailable for a ($6.8k) decline in the Baseline Period due to insufficient loaded data before May to confirm whether the affected account was genuinely lost; Volume increased by $6.5k on one additional transaction; and New Account activity contributed $4.8k from a recurring account that started billing in June after confirmed absence in prior months.","[{""cause_id"": ""ONE_TIME"", ""data_source"": ""REAL"", ""direction"": ""DOWN"", ""driver_id"": ""SMPL002|202605|202606|structured_products|ONE_TIME|1"", ""group_id"": ""structured_products"", ""text"": ""One-Time revenue from Structured Products fell ($41.1k) as transaction count dropped from three in May to none in June."", ""title"": ""Structured Products ($41.1k)""}, {""cause_id"": ""TIMING"", ""data_source"": ""REAL"", ""direction"": ""UP"", ""driver_id"": ""SMPL002|202605|202606|alternative_investments|TIMING|1"", ""group_id"": ""alternative_investments"", ""text"": ""Timing revenue from Alternative Investments rose $7.8k, driven by quarterly billing that fell in June."", ""title"": ""Alternative Investments $7.8k""}, {""cause_id"": ""BASELINE_LIMITED"", ""data_source"": ""DERIVED"", ""direction"": ""DOWN"", ""driver_id"": ""SMPL002|202605|202606|unified_managed_account|BASELINE_LIMITED|1"", ""group_id"": ""unified_managed_account"", ""text"": ""Account-level attribution for a ($6.8k) decline in Unified Managed Account is unavailable because May is the first month in the loaded data."", ""title"": ""Unified Managed Account ($6.8k)""}, {""cause_id"": ""VOLUME"", ""data_source"": ""REAL"", ""direction"": ""UP"", ""driver_id"": ""SMPL002|202605|202606|unified_managed_account|VOLUME|2"", ""group_id"": ""unified_managed_account"", ""text"": ""Volume revenue from Unified Managed Account increased $6.5k as transaction count rose from three to four."", ""title"": ""Unified Managed Account $6.5k""}, {""cause_id"": ""NEW_ACCOUNT"", ""data_source"": ""REAL"", ""direction"": ""UP"", ""driver_id"": ""SMPL002|202605|202606|unified_managed_account|NEW_ACCOUNT|3"", ""group_id"": ""unified_managed_account"", ""text"": ""New Account revenue from Unified Managed Account contributed $4.8k as a recurring account started billing in June after absence in the two prior months."", ""title"": ""Unified Managed Account $4.8k""}]",PUBLISHED,,DERIVED
v19|SMPL003|202604|202605,v19,SMPL003,202604,202605,"▲ $24,615  38.3%","April 2026 is the first month in the loaded data; there is no prior period for account comparison, so driver attribution for this transition is indicative. Revenue grew $24,615, or 38.3%, from $64,265 to $88,880 in May 2026. One-Time activity in Structured Products contributed $45.6k, representing 3 transactions in the month. This was partially offset by a Timing decline of ($8.6k) in Alternative Investments, reflecting the quarterly billing cycle. One-Time activity in Annuities decreased by ($7.4k), a Lost Account in Unified Managed Account reduced revenue by ($2.4k), and Volume declines in Mutual Fund Trails subtracted ($1.6k).","[{""cause_id"": ""ONE_TIME"", ""data_source"": ""REAL"", ""direction"": ""UP"", ""driver_id"": ""SMPL003|202604|202605|structured_products|ONE_TIME|1"", ""group_id"": ""structured_products"", ""text"": ""One-Time Structured Products revenue increased by $45.6k on 3 transactions in May."", ""title"": ""Structured Products $45.6k""}, {""cause_id"": ""TIMING"", ""data_source"": ""REAL"", ""direction"": ""DOWN"", ""driver_id"": ""SMPL003|202604|202605|alternative_investments|TIMING|1"", ""group_id"": ""alternative_investments"", ""text"": ""Timing in Alternative Investments declined by ($8.6k) due to the quarterly billing cycle."", ""title"": ""Alternative Investments ($8.6k)""}, {""cause_id"": ""ONE_TIME"", ""data_source"": ""REAL"", ""direction"": ""DOWN"", ""driver_id"": ""SMPL003|202604|202605|annuities|ONE_TIME|1"", ""group_id"": ""annuities"", ""text"": ""One-Time Annuities revenue decreased by ($7.4k) as no transactions occurred in May versus 1 transaction in April."", ""title"": ""Annuities ($7.4k)""}, {""cause_id"": ""LOST_ACCOUNT"", ""data_source"": ""REAL"", ""direction"": ""DOWN"", ""driver_id"": ""SMPL003|202604|202605|unified_managed_account|LOST_ACCOUNT|1"", ""group_id"": ""unified_managed_account"", ""text"": ""An account in Unified Managed Account's recurring product line stopped billing, reducing revenue by ($2.4k)."", ""title"": ""Unified Managed Account ($2.4k)""}, {""cause_id"": ""VOLUME"", ""data_source"": ""REAL"", ""direction"": ""DOWN"", ""driver_id"": ""SMPL003|202604|202605|mutual_fund_trails|VOLUME|1"", ""group_id"": ""mutual_fund_trails"", ""text"": ""Volume in Mutual Fund Trails declined by ($1.6k) as transaction count fell from 2 to 1."", ""title"": ""Mutual Fund Trails ($1.6k)""}]",PUBLISHED,,DERIVED
v19|SMPL003|202605|202606,v19,SMPL003,202605,202606,"▼ ($38,968)  (43.8%)","Revenue declined ($38,968) or (43.8%) from May to June 2026, falling to $49,912. The primary driver was a ($45.6k) decrease in One-Time revenue from Structured Products, which declined from $45,600 across 3 transactions in May to zero in June. This was partially offset by Timing in Alternative Investments, which contributed $8.6k as quarterly billing aligned with June. Within Unified Managed Account, account-level attribution is unavailable for this transition due to insufficient loaded data preceding May; one account showing activity only in May generated ($7.5k) of the observed decline, but this cannot be confirmed as a genuine account loss. Additionally, Average Transaction Value in Unified Managed Account declined by ($5.8k), as the average transaction value fell from $5,637.27 to $4,476.24 despite transaction count rising from 4 to 5. This decline in average value was nearly offset by the Volume increase of $5.6k, driven by the additional transaction in June.","[{""cause_id"": ""ONE_TIME"", ""data_source"": ""REAL"", ""direction"": ""DOWN"", ""driver_id"": ""SMPL003|202605|202606|structured_products|ONE_TIME|1"", ""group_id"": ""structured_products"", ""text"": ""One-Time revenue from Structured Products fell ($45.6k) as three transactions in May generated no comparable activity in June."", ""title"": ""Structured Products ($45.6k)""}, {""cause_id"": ""TIMING"", ""data_source"": ""REAL"", ""direction"": ""UP"", ""driver_id"": ""SMPL003|202605|202606|alternative_investments|TIMING|1"", ""group_id"": ""alternative_investments"", ""text"": ""Timing in Alternative Investments added $8.6k in June as quarterly billing revenue was recognized in that month."", ""title"": ""Alternative Investments $8.6k""}, {""cause_id"": ""BASELINE_LIMITED"", ""data_source"": ""DERIVED"", ""direction"": ""DOWN"", ""driver_id"": ""SMPL003|202605|202606|unified_managed_account|BASELINE_LIMITED|1"", ""group_id"": ""unified_managed_account"", ""text"": ""Account-level attribution is unavailable for Unified Managed Account in this transition because fewer than two loaded months follow May, preventing confirmation of whether the account that ceased billing was genuinely lost."", ""title"": ""Unified Managed Account ($7.5k)""}, {""cause_id"": ""DEAL_SIZE"", ""data_source"": ""REAL"", ""direction"": ""DOWN"", ""driver_id"": ""SMPL003|202605|202606|unified_managed_account|DEAL_SIZE|2"", ""group_id"": ""unified_managed_account"", ""text"": ""Average Transaction Value in Unified Managed Account decreased by ($5.8k) as the mean transaction value fell from $5,637.27 to $4,476.24."", ""title"": ""Unified Managed Account ($5.8k)""}, {""cause_id"": ""VOLUME"", ""data_source"": ""REAL"", ""direction"": ""UP"", ""driver_id"": ""SMPL003|202605|202606|unified_managed_account|VOLUME|3"", ""group_id"": ""unified_managed_account"", ""text"": ""Volume in Unified Managed Account increased by $5.6k as transaction count rose from 4 to 5."", ""title"": ""Unified Managed Account $5.6k""}]",PUBLISHED,,DERIVED
