from_id,to_id
SMPL001|202604|202605|structured_products|ONE_TIME|1|v1,SMPL001|202604|202605|structured_products|ONE_TIME|1
SMPL001|202604|202605|alternative_investments|TIMING|1|v1,SMPL001|202604|202605|alternative_investments|TIMING|1
SMPL001|202604|202605|unified_managed_account|LOST_ACCOUNT|1|v1,SMPL001|202604|202605|unified_managed_account|LOST_ACCOUNT|1
SMPL001|202604|202605|unified_managed_account|BILLABLE_DAYS|2|v1,SMPL001|202604|202605|unified_managed_account|BILLABLE_DAYS|2
SMPL001|202604|202605|equities|VOLUME|1|v1,SMPL001|202604|202605|equities|VOLUME|1
SMPL001|202604|202605|jpmcap|BILLABLE_DAYS|1|v1,SMPL001|202604|202605|jpmcap|BILLABLE_DAYS|1
SMPL001|202604|202605|mutual_fund_trails|CLAWBACK|1|v1,SMPL001|202604|202605|mutual_fund_trails|CLAWBACK|1
SMPL001|202604|202605|advisory|BILLABLE_DAYS|1|v1,SMPL001|202604|202605|advisory|BILLABLE_DAYS|1
SMPL001|202604|202605|mutual_fund_trails|BILLABLE_DAYS|2|v1,SMPL001|202604|202605|mutual_fund_trails|BILLABLE_DAYS|2
SMPL001|202604|202605|mutual_fund_trails|MIX|3|v1,SMPL001|202604|202605|mutual_fund_trails|MIX|3
SMPL001|202604|202605|equities|MIX|2|v1,SMPL001|202604|202605|equities|MIX|2
SMPL001|202604|202605|__TOTAL__|MARKET|1|v1,SMPL001|202604|202605|__TOTAL__|MARKET|1
SMPL001|202604|202605|__TOTAL__|NET_FLOW|2|v1,SMPL001|202604|202605|__TOTAL__|NET_FLOW|2
SMPL001|202605|202606|structured_products|ONE_TIME|1|v1,SMPL001|202605|202606|structured_products|ONE_TIME|1
SMPL001|202605|202606|alternative_investments|TIMING|1|v1,SMPL001|202605|202606|alternative_investments|TIMING|1
SMPL001|202605|202606|unified_managed_account|NEW_ACCOUNT|1|v1,SMPL001|202605|202606|unified_managed_account|NEW_ACCOUNT|1
SMPL001|202605|202606|unified_managed_account|BILLABLE_DAYS|2|v1,SMPL001|202605|202606|unified_managed_account|BILLABLE_DAYS|2
SMPL001|202605|202606|equities|VOLUME|1|v1,SMPL001|202605|202606|equities|VOLUME|1
SMPL001|202605|202606|mutual_fund_trails|CLAWBACK|1|v1,SMPL001|202605|202606|mutual_fund_trails|CLAWBACK|1
SMPL001|202605|202606|equities|MIX|2|v1,SMPL001|202605|202606|equities|MIX|2
SMPL001|202605|202606|jpmcap|BILLABLE_DAYS|1|v1,SMPL001|202605|202606|jpmcap|BILLABLE_DAYS|1
SMPL001|202605|202606|advisory|BILLABLE_DAYS|1|v1,SMPL001|202605|202606|advisory|BILLABLE_DAYS|1
SMPL001|202605|202606|mutual_fund_trails|BILLABLE_DAYS|2|v1,SMPL001|202605|202606|mutual_fund_trails|BILLABLE_DAYS|2
SMPL001|202605|202606|mutual_fund_trails|MIX|3|v1,SMPL001|202605|202606|mutual_fund_trails|MIX|3
SMPL001|202605|202606|__TOTAL__|MARKET|1|v1,SMPL001|202605|202606|__TOTAL__|MARKET|1
SMPL001|202605|202606|__TOTAL__|NET_FLOW|2|v1,SMPL001|202605|202606|__TOTAL__|NET_FLOW|2
SMPL002|202604|202605|structured_products|ONE_TIME|1|v1,SMPL002|202604|202605|structured_products|ONE_TIME|1
SMPL002|202604|202605|alternative_investments|TIMING|1|v1,SMPL002|202604|202605|alternative_investments|TIMING|1
SMPL002|202604|202605|unified_managed_account|LOST_ACCOUNT|1|v1,SMPL002|202604|202605|unified_managed_account|LOST_ACCOUNT|1
SMPL002|202604|202605|unified_managed_account|BILLABLE_DAYS|2|v1,SMPL002|202604|202605|unified_managed_account|BILLABLE_DAYS|2
SMPL002|202604|202605|equities|VOLUME|1|v1,SMPL002|202604|202605|equities|VOLUME|1
SMPL002|202604|202605|mutual_fund_trails|CLAWBACK|1|v1,SMPL002|202604|202605|mutual_fund_trails|CLAWBACK|1
SMPL002|202604|202605|jpmcap|BILLABLE_DAYS|1|v1,SMPL002|202604|202605|jpmcap|BILLABLE_DAYS|1
SMPL002|202604|202605|advisory|BILLABLE_DAYS|1|v1,SMPL002|202604|202605|advisory|BILLABLE_DAYS|1
SMPL002|202604|202605|mutual_fund_trails|BILLABLE_DAYS|2|v1,SMPL002|202604|202605|mutual_fund_trails|BILLABLE_DAYS|2
SMPL002|202604|202605|mutual_fund_trails|MIX|3|v1,SMPL002|202604|202605|mutual_fund_trails|MIX|3
SMPL002|202604|202605|equities|MIX|2|v1,SMPL002|202604|202605|equities|MIX|2
SMPL002|202604|202605|unified_managed_account|MIX|3|v1,SMPL002|202604|202605|unified_managed_account|MIX|3
SMPL002|202604|202605|__TOTAL__|MARKET|1|v1,SMPL002|202604|202605|__TOTAL__|MARKET|1
SMPL002|202604|202605|__TOTAL__|NET_FLOW|2|v1,SMPL002|202604|202605|__TOTAL__|NET_FLOW|2
SMPL002|202605|202606|structured_products|ONE_TIME|1|v1,SMPL002|202605|202606|structured_products|ONE_TIME|1
SMPL002|202605|202606|alternative_investments|TIMING|1|v1,SMPL002|202605|202606|alternative_investments|TIMING|1
SMPL002|202605|202606|unified_managed_account|NEW_ACCOUNT|1|v1,SMPL002|202605|202606|unified_managed_account|NEW_ACCOUNT|1
SMPL002|202605|202606|unified_managed_account|FEE_RATE|2|v1,SMPL002|202605|202606|unified_managed_account|FEE_RATE|2
SMPL002|202605|202606|unified_managed_account|BILLABLE_DAYS|3|v1,SMPL002|202605|202606|unified_managed_account|BILLABLE_DAYS|3
SMPL002|202605|202606|equities|VOLUME|1|v1,SMPL002|202605|202606|equities|VOLUME|1
SMPL002|202605|202606|mutual_fund_trails|CLAWBACK|1|v1,SMPL002|202605|202606|mutual_fund_trails|CLAWBACK|1
SMPL002|202605|202606|jpmcap|BILLABLE_DAYS|1|v1,SMPL002|202605|202606|jpmcap|BILLABLE_DAYS|1
SMPL002|202605|202606|advisory|BILLABLE_DAYS|1|v1,SMPL002|202605|202606|advisory|BILLABLE_DAYS|1
SMPL002|202605|202606|mutual_fund_trails|BILLABLE_DAYS|2|v1,SMPL002|202605|202606|mutual_fund_trails|BILLABLE_DAYS|2
SMPL002|202605|202606|mutual_fund_trails|MIX|3|v1,SMPL002|202605|202606|mutual_fund_trails|MIX|3
SMPL002|202605|202606|unified_managed_account|MIX|4|v1,SMPL002|202605|202606|unified_managed_account|MIX|4
SMPL002|202605|202606|equities|MIX|2|v1,SMPL002|202605|202606|equities|MIX|2
SMPL002|202605|202606|__TOTAL__|MARKET|1|v1,SMPL002|202605|202606|__TOTAL__|MARKET|1
SMPL002|202605|202606|__TOTAL__|NET_FLOW|2|v1,SMPL002|202605|202606|__TOTAL__|NET_FLOW|2
SMPL003|202604|202605|structured_products|ONE_TIME|1|v1,SMPL003|202604|202605|structured_products|ONE_TIME|1
SMPL003|202604|202605|alternative_investments|TIMING|1|v1,SMPL003|202604|202605|alternative_investments|TIMING|1
SMPL003|202604|202605|unified_managed_account|LOST_ACCOUNT|1|v1,SMPL003|202604|202605|unified_managed_account|LOST_ACCOUNT|1
SMPL003|202604|202605|annuities|LOST_ACCOUNT|1|v1,SMPL003|202604|202605|annuities|LOST_ACCOUNT|1
SMPL003|202604|202605|unified_managed_account|BILLABLE_DAYS|2|v1,SMPL003|202604|202605|unified_managed_account|BILLABLE_DAYS|2
SMPL003|202604|202605|equities|VOLUME|1|v1,SMPL003|202604|202605|equities|VOLUME|1
SMPL003|202604|202605|mutual_fund_trails|CLAWBACK|1|v1,SMPL003|202604|202605|mutual_fund_trails|CLAWBACK|1
SMPL003|202604|202605|jpmcap|BILLABLE_DAYS|1|v1,SMPL003|202604|202605|jpmcap|BILLABLE_DAYS|1
SMPL003|202604|202605|advisory|BILLABLE_DAYS|1|v1,SMPL003|202604|202605|advisory|BILLABLE_DAYS|1
SMPL003|202604|202605|mutual_fund_trails|BILLABLE_DAYS|2|v1,SMPL003|202604|202605|mutual_fund_trails|BILLABLE_DAYS|2
SMPL003|202604|202605|mutual_fund_trails|MIX|3|v1,SMPL003|202604|202605|mutual_fund_trails|MIX|3
SMPL003|202604|202605|equities|MIX|2|v1,SMPL003|202604|202605|equities|MIX|2
SMPL003|202604|202605|unified_managed_account|MIX|3|v1,SMPL003|202604|202605|unified_managed_account|MIX|3
SMPL003|202604|202605|__TOTAL__|MARKET|1|v1,SMPL003|202604|202605|__TOTAL__|MARKET|1
SMPL003|202604|202605|__TOTAL__|NET_FLOW|2|v1,SMPL003|202604|202605|__TOTAL__|NET_FLOW|2
SMPL003|202605|202606|structured_products|ONE_TIME|1|v1,SMPL003|202605|202606|structured_products|ONE_TIME|1
SMPL003|202605|202606|alternative_investments|TIMING|1|v1,SMPL003|202605|202606|alternative_investments|TIMING|1
SMPL003|202605|202606|unified_managed_account|NEW_ACCOUNT|1|v1,SMPL003|202605|202606|unified_managed_account|NEW_ACCOUNT|1
SMPL003|202605|202606|unified_managed_account|DISCOUNT|2|v1,SMPL003|202605|202606|unified_managed_account|DISCOUNT|2
SMPL003|202605|202606|unified_managed_account|BILLABLE_DAYS|3|v1,SMPL003|202605|202606|unified_managed_account|BILLABLE_DAYS|3
SMPL003|202605|202606|equities|VOLUME|1|v1,SMPL003|202605|202606|equities|VOLUME|1
SMPL003|202605|202606|mutual_fund_trails|CLAWBACK|1|v1,SMPL003|202605|202606|mutual_fund_trails|CLAWBACK|1
SMPL003|202605|202606|jpmcap|BILLABLE_DAYS|1|v1,SMPL003|202605|202606|jpmcap|BILLABLE_DAYS|1
SMPL003|202605|202606|advisory|BILLABLE_DAYS|1|v1,SMPL003|202605|202606|advisory|BILLABLE_DAYS|1
SMPL003|202605|202606|equities|MIX|2|v1,SMPL003|202605|202606|equities|MIX|2
SMPL003|202605|202606|mutual_fund_trails|BILLABLE_DAYS|2|v1,SMPL003|202605|202606|mutual_fund_trails|BILLABLE_DAYS|2
SMPL003|202605|202606|mutual_fund_trails|MIX|3|v1,SMPL003|202605|202606|mutual_fund_trails|MIX|3
SMPL003|202605|202606|unified_managed_account|MIX|4|v1,SMPL003|202605|202606|unified_managed_account|MIX|4
SMPL003|202605|202606|__TOTAL__|MARKET|1|v1,SMPL003|202605|202606|__TOTAL__|MARKET|1
SMPL003|202605|202606|__TOTAL__|NET_FLOW|2|v1,SMPL003|202605|202606|__TOTAL__|NET_FLOW|2
SMPL001|202604|202605|structured_products|ONE_TIME|1|v2,SMPL001|202604|202605|structured_products|ONE_TIME|1
SMPL001|202604|202605|alternative_investments|TIMING|1|v2,SMPL001|202604|202605|alternative_investments|TIMING|1
SMPL001|202604|202605|unified_managed_account|LOST_ACCOUNT|1|v2,SMPL001|202604|202605|unified_managed_account|LOST_ACCOUNT|1
SMPL001|202604|202605|unified_managed_account|BILLABLE_DAYS|2|v2,SMPL001|202604|202605|unified_managed_account|BILLABLE_DAYS|2
SMPL001|202604|202605|equities|VOLUME|1|v2,SMPL001|202604|202605|equities|VOLUME|1
SMPL001|202604|202605|jpmcap|BILLABLE_DAYS|1|v2,SMPL001|202604|202605|jpmcap|BILLABLE_DAYS|1
SMPL001|202604|202605|mutual_fund_trails|CLAWBACK|1|v2,SMPL001|202604|202605|mutual_fund_trails|CLAWBACK|1
SMPL001|202604|202605|advisory|BILLABLE_DAYS|1|v2,SMPL001|202604|202605|advisory|BILLABLE_DAYS|1
SMPL001|202604|202605|mutual_fund_trails|BILLABLE_DAYS|2|v2,SMPL001|202604|202605|mutual_fund_trails|BILLABLE_DAYS|2
SMPL001|202604|202605|mutual_fund_trails|MIX|3|v2,SMPL001|202604|202605|mutual_fund_trails|MIX|3
SMPL001|202604|202605|equities|MIX|2|v2,SMPL001|202604|202605|equities|MIX|2
SMPL001|202604|202605|__TOTAL__|MARKET|1|v2,SMPL001|202604|202605|__TOTAL__|MARKET|1
SMPL001|202604|202605|__TOTAL__|NET_FLOW|2|v2,SMPL001|202604|202605|__TOTAL__|NET_FLOW|2
SMPL001|202605|202606|structured_products|ONE_TIME|1|v2,SMPL001|202605|202606|structured_products|ONE_TIME|1
SMPL001|202605|202606|alternative_investments|TIMING|1|v2,SMPL001|202605|202606|alternative_investments|TIMING|1
SMPL001|202605|202606|unified_managed_account|NEW_ACCOUNT|1|v2,SMPL001|202605|202606|unified_managed_account|NEW_ACCOUNT|1
SMPL001|202605|202606|unified_managed_account|BILLABLE_DAYS|2|v2,SMPL001|202605|202606|unified_managed_account|BILLABLE_DAYS|2
SMPL001|202605|202606|equities|VOLUME|1|v2,SMPL001|202605|202606|equities|VOLUME|1
SMPL001|202605|202606|mutual_fund_trails|CLAWBACK|1|v2,SMPL001|202605|202606|mutual_fund_trails|CLAWBACK|1
SMPL001|202605|202606|equities|MIX|2|v2,SMPL001|202605|202606|equities|MIX|2
SMPL001|202605|202606|jpmcap|BILLABLE_DAYS|1|v2,SMPL001|202605|202606|jpmcap|BILLABLE_DAYS|1
SMPL001|202605|202606|advisory|BILLABLE_DAYS|1|v2,SMPL001|202605|202606|advisory|BILLABLE_DAYS|1
SMPL001|202605|202606|mutual_fund_trails|BILLABLE_DAYS|2|v2,SMPL001|202605|202606|mutual_fund_trails|BILLABLE_DAYS|2
SMPL001|202605|202606|mutual_fund_trails|MIX|3|v2,SMPL001|202605|202606|mutual_fund_trails|MIX|3
SMPL001|202605|202606|__TOTAL__|MARKET|1|v2,SMPL001|202605|202606|__TOTAL__|MARKET|1
SMPL001|202605|202606|__TOTAL__|NET_FLOW|2|v2,SMPL001|202605|202606|__TOTAL__|NET_FLOW|2
SMPL002|202604|202605|structured_products|ONE_TIME|1|v2,SMPL002|202604|202605|structured_products|ONE_TIME|1
SMPL002|202604|202605|alternative_investments|TIMING|1|v2,SMPL002|202604|202605|alternative_investments|TIMING|1
SMPL002|202604|202605|unified_managed_account|LOST_ACCOUNT|1|v2,SMPL002|202604|202605|unified_managed_account|LOST_ACCOUNT|1
SMPL002|202604|202605|unified_managed_account|BILLABLE_DAYS|2|v2,SMPL002|202604|202605|unified_managed_account|BILLABLE_DAYS|2
SMPL002|202604|202605|equities|VOLUME|1|v2,SMPL002|202604|202605|equities|VOLUME|1
SMPL002|202604|202605|mutual_fund_trails|CLAWBACK|1|v2,SMPL002|202604|202605|mutual_fund_trails|CLAWBACK|1
SMPL002|202604|202605|jpmcap|BILLABLE_DAYS|1|v2,SMPL002|202604|202605|jpmcap|BILLABLE_DAYS|1
SMPL002|202604|202605|advisory|BILLABLE_DAYS|1|v2,SMPL002|202604|202605|advisory|BILLABLE_DAYS|1
SMPL002|202604|202605|mutual_fund_trails|BILLABLE_DAYS|2|v2,SMPL002|202604|202605|mutual_fund_trails|BILLABLE_DAYS|2
SMPL002|202604|202605|mutual_fund_trails|MIX|3|v2,SMPL002|202604|202605|mutual_fund_trails|MIX|3
SMPL002|202604|202605|equities|MIX|2|v2,SMPL002|202604|202605|equities|MIX|2
SMPL002|202604|202605|unified_managed_account|MIX|3|v2,SMPL002|202604|202605|unified_managed_account|MIX|3
SMPL002|202604|202605|__TOTAL__|MARKET|1|v2,SMPL002|202604|202605|__TOTAL__|MARKET|1
SMPL002|202604|202605|__TOTAL__|NET_FLOW|2|v2,SMPL002|202604|202605|__TOTAL__|NET_FLOW|2
SMPL002|202605|202606|structured_products|ONE_TIME|1|v2,SMPL002|202605|202606|structured_products|ONE_TIME|1
SMPL002|202605|202606|alternative_investments|TIMING|1|v2,SMPL002|202605|202606|alternative_investments|TIMING|1
SMPL002|202605|202606|unified_managed_account|NEW_ACCOUNT|1|v2,SMPL002|202605|202606|unified_managed_account|NEW_ACCOUNT|1
SMPL002|202605|202606|unified_managed_account|FEE_RATE|2|v2,SMPL002|202605|202606|unified_managed_account|FEE_RATE|2
SMPL002|202605|202606|unified_managed_account|BILLABLE_DAYS|3|v2,SMPL002|202605|202606|unified_managed_account|BILLABLE_DAYS|3
SMPL002|202605|202606|equities|VOLUME|1|v2,SMPL002|202605|202606|equities|VOLUME|1
SMPL002|202605|202606|mutual_fund_trails|CLAWBACK|1|v2,SMPL002|202605|202606|mutual_fund_trails|CLAWBACK|1
SMPL002|202605|202606|jpmcap|BILLABLE_DAYS|1|v2,SMPL002|202605|202606|jpmcap|BILLABLE_DAYS|1
SMPL002|202605|202606|advisory|BILLABLE_DAYS|1|v2,SMPL002|202605|202606|advisory|BILLABLE_DAYS|1
SMPL002|202605|202606|mutual_fund_trails|BILLABLE_DAYS|2|v2,SMPL002|202605|202606|mutual_fund_trails|BILLABLE_DAYS|2
SMPL002|202605|202606|mutual_fund_trails|MIX|3|v2,SMPL002|202605|202606|mutual_fund_trails|MIX|3
SMPL002|202605|202606|unified_managed_account|MIX|4|v2,SMPL002|202605|202606|unified_managed_account|MIX|4
SMPL002|202605|202606|equities|MIX|2|v2,SMPL002|202605|202606|equities|MIX|2
SMPL002|202605|202606|__TOTAL__|MARKET|1|v2,SMPL002|202605|202606|__TOTAL__|MARKET|1
SMPL002|202605|202606|__TOTAL__|NET_FLOW|2|v2,SMPL002|202605|202606|__TOTAL__|NET_FLOW|2
SMPL003|202604|202605|structured_products|ONE_TIME|1|v2,SMPL003|202604|202605|structured_products|ONE_TIME|1
SMPL003|202604|202605|alternative_investments|TIMING|1|v2,SMPL003|202604|202605|alternative_investments|TIMING|1
SMPL003|202604|202605|unified_managed_account|LOST_ACCOUNT|1|v2,SMPL003|202604|202605|unified_managed_account|LOST_ACCOUNT|1
SMPL003|202604|202605|annuities|LOST_ACCOUNT|1|v2,SMPL003|202604|202605|annuities|LOST_ACCOUNT|1
SMPL003|202604|202605|unified_managed_account|BILLABLE_DAYS|2|v2,SMPL003|202604|202605|unified_managed_account|BILLABLE_DAYS|2
SMPL003|202604|202605|equities|VOLUME|1|v2,SMPL003|202604|202605|equities|VOLUME|1
SMPL003|202604|202605|mutual_fund_trails|CLAWBACK|1|v2,SMPL003|202604|202605|mutual_fund_trails|CLAWBACK|1
SMPL003|202604|202605|jpmcap|BILLABLE_DAYS|1|v2,SMPL003|202604|202605|jpmcap|BILLABLE_DAYS|1
SMPL003|202604|202605|advisory|BILLABLE_DAYS|1|v2,SMPL003|202604|202605|advisory|BILLABLE_DAYS|1
SMPL003|202604|202605|mutual_fund_trails|BILLABLE_DAYS|2|v2,SMPL003|202604|202605|mutual_fund_trails|BILLABLE_DAYS|2
SMPL003|202604|202605|mutual_fund_trails|MIX|3|v2,SMPL003|202604|202605|mutual_fund_trails|MIX|3
SMPL003|202604|202605|equities|MIX|2|v2,SMPL003|202604|202605|equities|MIX|2
SMPL003|202604|202605|unified_managed_account|MIX|3|v2,SMPL003|202604|202605|unified_managed_account|MIX|3
SMPL003|202604|202605|__TOTAL__|MARKET|1|v2,SMPL003|202604|202605|__TOTAL__|MARKET|1
SMPL003|202604|202605|__TOTAL__|NET_FLOW|2|v2,SMPL003|202604|202605|__TOTAL__|NET_FLOW|2
SMPL003|202605|202606|structured_products|ONE_TIME|1|v2,SMPL003|202605|202606|structured_products|ONE_TIME|1
SMPL003|202605|202606|alternative_investments|TIMING|1|v2,SMPL003|202605|202606|alternative_investments|TIMING|1
SMPL003|202605|202606|unified_managed_account|NEW_ACCOUNT|1|v2,SMPL003|202605|202606|unified_managed_account|NEW_ACCOUNT|1
SMPL003|202605|202606|unified_managed_account|DISCOUNT|2|v2,SMPL003|202605|202606|unified_managed_account|DISCOUNT|2
SMPL003|202605|202606|unified_managed_account|BILLABLE_DAYS|3|v2,SMPL003|202605|202606|unified_managed_account|BILLABLE_DAYS|3
SMPL003|202605|202606|equities|VOLUME|1|v2,SMPL003|202605|202606|equities|VOLUME|1
SMPL003|202605|202606|mutual_fund_trails|CLAWBACK|1|v2,SMPL003|202605|202606|mutual_fund_trails|CLAWBACK|1
SMPL003|202605|202606|jpmcap|BILLABLE_DAYS|1|v2,SMPL003|202605|202606|jpmcap|BILLABLE_DAYS|1
SMPL003|202605|202606|advisory|BILLABLE_DAYS|1|v2,SMPL003|202605|202606|advisory|BILLABLE_DAYS|1
SMPL003|202605|202606|equities|MIX|2|v2,SMPL003|202605|202606|equities|MIX|2
SMPL003|202605|202606|mutual_fund_trails|BILLABLE_DAYS|2|v2,SMPL003|202605|202606|mutual_fund_trails|BILLABLE_DAYS|2
SMPL003|202605|202606|mutual_fund_trails|MIX|3|v2,SMPL003|202605|202606|mutual_fund_trails|MIX|3
SMPL003|202605|202606|unified_managed_account|MIX|4|v2,SMPL003|202605|202606|unified_managed_account|MIX|4
SMPL003|202605|202606|__TOTAL__|MARKET|1|v2,SMPL003|202605|202606|__TOTAL__|MARKET|1
SMPL003|202605|202606|__TOTAL__|NET_FLOW|2|v2,SMPL003|202605|202606|__TOTAL__|NET_FLOW|2
SMPL001|202604|202605|structured_products|ONE_TIME|1|v3,SMPL001|202604|202605|structured_products|ONE_TIME|1
SMPL001|202604|202605|alternative_investments|TIMING|1|v3,SMPL001|202604|202605|alternative_investments|TIMING|1
SMPL001|202604|202605|unified_managed_account|LOST_ACCOUNT|1|v3,SMPL001|202604|202605|unified_managed_account|LOST_ACCOUNT|1
SMPL001|202604|202605|unified_managed_account|BILLABLE_DAYS|2|v3,SMPL001|202604|202605|unified_managed_account|BILLABLE_DAYS|2
SMPL001|202604|202605|equities|VOLUME|1|v3,SMPL001|202604|202605|equities|VOLUME|1
SMPL001|202604|202605|jpmcap|BILLABLE_DAYS|1|v3,SMPL001|202604|202605|jpmcap|BILLABLE_DAYS|1
SMPL001|202604|202605|mutual_fund_trails|CLAWBACK|1|v3,SMPL001|202604|202605|mutual_fund_trails|CLAWBACK|1
SMPL001|202604|202605|advisory|BILLABLE_DAYS|1|v3,SMPL001|202604|202605|advisory|BILLABLE_DAYS|1
SMPL001|202604|202605|mutual_fund_trails|BILLABLE_DAYS|2|v3,SMPL001|202604|202605|mutual_fund_trails|BILLABLE_DAYS|2
SMPL001|202604|202605|mutual_fund_trails|MIX|3|v3,SMPL001|202604|202605|mutual_fund_trails|MIX|3
SMPL001|202604|202605|equities|MIX|2|v3,SMPL001|202604|202605|equities|MIX|2
SMPL001|202604|202605|__TOTAL__|MARKET|1|v3,SMPL001|202604|202605|__TOTAL__|MARKET|1
SMPL001|202604|202605|__TOTAL__|NET_FLOW|2|v3,SMPL001|202604|202605|__TOTAL__|NET_FLOW|2
SMPL001|202605|202606|structured_products|ONE_TIME|1|v3,SMPL001|202605|202606|structured_products|ONE_TIME|1
SMPL001|202605|202606|alternative_investments|TIMING|1|v3,SMPL001|202605|202606|alternative_investments|TIMING|1
SMPL001|202605|202606|unified_managed_account|NEW_ACCOUNT|1|v3,SMPL001|202605|202606|unified_managed_account|NEW_ACCOUNT|1
SMPL001|202605|202606|unified_managed_account|BILLABLE_DAYS|2|v3,SMPL001|202605|202606|unified_managed_account|BILLABLE_DAYS|2
SMPL001|202605|202606|equities|VOLUME|1|v3,SMPL001|202605|202606|equities|VOLUME|1
SMPL001|202605|202606|mutual_fund_trails|CLAWBACK|1|v3,SMPL001|202605|202606|mutual_fund_trails|CLAWBACK|1
SMPL001|202605|202606|equities|MIX|2|v3,SMPL001|202605|202606|equities|MIX|2
SMPL001|202605|202606|jpmcap|BILLABLE_DAYS|1|v3,SMPL001|202605|202606|jpmcap|BILLABLE_DAYS|1
SMPL001|202605|202606|advisory|BILLABLE_DAYS|1|v3,SMPL001|202605|202606|advisory|BILLABLE_DAYS|1
SMPL001|202605|202606|mutual_fund_trails|BILLABLE_DAYS|2|v3,SMPL001|202605|202606|mutual_fund_trails|BILLABLE_DAYS|2
SMPL001|202605|202606|mutual_fund_trails|MIX|3|v3,SMPL001|202605|202606|mutual_fund_trails|MIX|3
SMPL001|202605|202606|__TOTAL__|MARKET|1|v3,SMPL001|202605|202606|__TOTAL__|MARKET|1
SMPL001|202605|202606|__TOTAL__|NET_FLOW|2|v3,SMPL001|202605|202606|__TOTAL__|NET_FLOW|2
SMPL002|202604|202605|structured_products|ONE_TIME|1|v3,SMPL002|202604|202605|structured_products|ONE_TIME|1
SMPL002|202604|202605|alternative_investments|TIMING|1|v3,SMPL002|202604|202605|alternative_investments|TIMING|1
SMPL002|202604|202605|unified_managed_account|LOST_ACCOUNT|1|v3,SMPL002|202604|202605|unified_managed_account|LOST_ACCOUNT|1
SMPL002|202604|202605|unified_managed_account|BILLABLE_DAYS|2|v3,SMPL002|202604|202605|unified_managed_account|BILLABLE_DAYS|2
SMPL002|202604|202605|equities|VOLUME|1|v3,SMPL002|202604|202605|equities|VOLUME|1
SMPL002|202604|202605|mutual_fund_trails|CLAWBACK|1|v3,SMPL002|202604|202605|mutual_fund_trails|CLAWBACK|1
SMPL002|202604|202605|jpmcap|BILLABLE_DAYS|1|v3,SMPL002|202604|202605|jpmcap|BILLABLE_DAYS|1
SMPL002|202604|202605|advisory|BILLABLE_DAYS|1|v3,SMPL002|202604|202605|advisory|BILLABLE_DAYS|1
SMPL002|202604|202605|mutual_fund_trails|BILLABLE_DAYS|2|v3,SMPL002|202604|202605|mutual_fund_trails|BILLABLE_DAYS|2
SMPL002|202604|202605|mutual_fund_trails|MIX|3|v3,SMPL002|202604|202605|mutual_fund_trails|MIX|3
SMPL002|202604|202605|equities|MIX|2|v3,SMPL002|202604|202605|equities|MIX|2
SMPL002|202604|202605|unified_managed_account|MIX|3|v3,SMPL002|202604|202605|unified_managed_account|MIX|3
SMPL002|202604|202605|__TOTAL__|MARKET|1|v3,SMPL002|202604|202605|__TOTAL__|MARKET|1
SMPL002|202604|202605|__TOTAL__|NET_FLOW|2|v3,SMPL002|202604|202605|__TOTAL__|NET_FLOW|2
SMPL002|202605|202606|structured_products|ONE_TIME|1|v3,SMPL002|202605|202606|structured_products|ONE_TIME|1
SMPL002|202605|202606|alternative_investments|TIMING|1|v3,SMPL002|202605|202606|alternative_investments|TIMING|1
SMPL002|202605|202606|unified_managed_account|NEW_ACCOUNT|1|v3,SMPL002|202605|202606|unified_managed_account|NEW_ACCOUNT|1
SMPL002|202605|202606|unified_managed_account|FEE_RATE|2|v3,SMPL002|202605|202606|unified_managed_account|FEE_RATE|2
SMPL002|202605|202606|unified_managed_account|BILLABLE_DAYS|3|v3,SMPL002|202605|202606|unified_managed_account|BILLABLE_DAYS|3
SMPL002|202605|202606|equities|VOLUME|1|v3,SMPL002|202605|202606|equities|VOLUME|1
SMPL002|202605|202606|mutual_fund_trails|CLAWBACK|1|v3,SMPL002|202605|202606|mutual_fund_trails|CLAWBACK|1
SMPL002|202605|202606|jpmcap|BILLABLE_DAYS|1|v3,SMPL002|202605|202606|jpmcap|BILLABLE_DAYS|1
SMPL002|202605|202606|advisory|BILLABLE_DAYS|1|v3,SMPL002|202605|202606|advisory|BILLABLE_DAYS|1
SMPL002|202605|202606|mutual_fund_trails|BILLABLE_DAYS|2|v3,SMPL002|202605|202606|mutual_fund_trails|BILLABLE_DAYS|2
SMPL002|202605|202606|mutual_fund_trails|MIX|3|v3,SMPL002|202605|202606|mutual_fund_trails|MIX|3
SMPL002|202605|202606|unified_managed_account|MIX|4|v3,SMPL002|202605|202606|unified_managed_account|MIX|4
SMPL002|202605|202606|equities|MIX|2|v3,SMPL002|202605|202606|equities|MIX|2
SMPL002|202605|202606|__TOTAL__|MARKET|1|v3,SMPL002|202605|202606|__TOTAL__|MARKET|1
SMPL002|202605|202606|__TOTAL__|NET_FLOW|2|v3,SMPL002|202605|202606|__TOTAL__|NET_FLOW|2
SMPL003|202604|202605|structured_products|ONE_TIME|1|v3,SMPL003|202604|202605|structured_products|ONE_TIME|1
SMPL003|202604|202605|alternative_investments|TIMING|1|v3,SMPL003|202604|202605|alternative_investments|TIMING|1
SMPL003|202604|202605|unified_managed_account|LOST_ACCOUNT|1|v3,SMPL003|202604|202605|unified_managed_account|LOST_ACCOUNT|1
SMPL003|202604|202605|annuities|LOST_ACCOUNT|1|v3,SMPL003|202604|202605|annuities|LOST_ACCOUNT|1
SMPL003|202604|202605|unified_managed_account|BILLABLE_DAYS|2|v3,SMPL003|202604|202605|unified_managed_account|BILLABLE_DAYS|2
SMPL003|202604|202605|equities|VOLUME|1|v3,SMPL003|202604|202605|equities|VOLUME|1
SMPL003|202604|202605|mutual_fund_trails|CLAWBACK|1|v3,SMPL003|202604|202605|mutual_fund_trails|CLAWBACK|1
SMPL003|202604|202605|jpmcap|BILLABLE_DAYS|1|v3,SMPL003|202604|202605|jpmcap|BILLABLE_DAYS|1
SMPL003|202604|202605|advisory|BILLABLE_DAYS|1|v3,SMPL003|202604|202605|advisory|BILLABLE_DAYS|1
SMPL003|202604|202605|mutual_fund_trails|BILLABLE_DAYS|2|v3,SMPL003|202604|202605|mutual_fund_trails|BILLABLE_DAYS|2
SMPL003|202604|202605|mutual_fund_trails|MIX|3|v3,SMPL003|202604|202605|mutual_fund_trails|MIX|3
SMPL003|202604|202605|equities|MIX|2|v3,SMPL003|202604|202605|equities|MIX|2
SMPL003|202604|202605|unified_managed_account|MIX|3|v3,SMPL003|202604|202605|unified_managed_account|MIX|3
SMPL003|202604|202605|__TOTAL__|MARKET|1|v3,SMPL003|202604|202605|__TOTAL__|MARKET|1
SMPL003|202604|202605|__TOTAL__|NET_FLOW|2|v3,SMPL003|202604|202605|__TOTAL__|NET_FLOW|2
SMPL003|202605|202606|structured_products|ONE_TIME|1|v3,SMPL003|202605|202606|structured_products|ONE_TIME|1
SMPL003|202605|202606|alternative_investments|TIMING|1|v3,SMPL003|202605|202606|alternative_investments|TIMING|1
SMPL003|202605|202606|unified_managed_account|NEW_ACCOUNT|1|v3,SMPL003|202605|202606|unified_managed_account|NEW_ACCOUNT|1
SMPL003|202605|202606|unified_managed_account|DISCOUNT|2|v3,SMPL003|202605|202606|unified_managed_account|DISCOUNT|2
SMPL003|202605|202606|unified_managed_account|BILLABLE_DAYS|3|v3,SMPL003|202605|202606|unified_managed_account|BILLABLE_DAYS|3
SMPL003|202605|202606|equities|VOLUME|1|v3,SMPL003|202605|202606|equities|VOLUME|1
SMPL003|202605|202606|mutual_fund_trails|CLAWBACK|1|v3,SMPL003|202605|202606|mutual_fund_trails|CLAWBACK|1
SMPL003|202605|202606|jpmcap|BILLABLE_DAYS|1|v3,SMPL003|202605|202606|jpmcap|BILLABLE_DAYS|1
SMPL003|202605|202606|advisory|BILLABLE_DAYS|1|v3,SMPL003|202605|202606|advisory|BILLABLE_DAYS|1
SMPL003|202605|202606|equities|MIX|2|v3,SMPL003|202605|202606|equities|MIX|2
SMPL003|202605|202606|mutual_fund_trails|BILLABLE_DAYS|2|v3,SMPL003|202605|202606|mutual_fund_trails|BILLABLE_DAYS|2
SMPL003|202605|202606|mutual_fund_trails|MIX|3|v3,SMPL003|202605|202606|mutual_fund_trails|MIX|3
SMPL003|202605|202606|unified_managed_account|MIX|4|v3,SMPL003|202605|202606|unified_managed_account|MIX|4
SMPL003|202605|202606|__TOTAL__|MARKET|1|v3,SMPL003|202605|202606|__TOTAL__|MARKET|1
SMPL003|202605|202606|__TOTAL__|NET_FLOW|2|v3,SMPL003|202605|202606|__TOTAL__|NET_FLOW|2
SMPL001|202604|202605|structured_products|ONE_TIME|1|v4,SMPL001|202604|202605|structured_products|ONE_TIME|1
SMPL001|202604|202605|alternative_investments|TIMING|1|v4,SMPL001|202604|202605|alternative_investments|TIMING|1
SMPL001|202604|202605|unified_managed_account|LOST_ACCOUNT|1|v4,SMPL001|202604|202605|unified_managed_account|LOST_ACCOUNT|1
SMPL001|202604|202605|unified_managed_account|BILLABLE_DAYS|2|v4,SMPL001|202604|202605|unified_managed_account|BILLABLE_DAYS|2
SMPL001|202604|202605|equities|VOLUME|1|v4,SMPL001|202604|202605|equities|VOLUME|1
SMPL001|202604|202605|jpmcap|BILLABLE_DAYS|1|v4,SMPL001|202604|202605|jpmcap|BILLABLE_DAYS|1
SMPL001|202604|202605|mutual_fund_trails|CLAWBACK|1|v4,SMPL001|202604|202605|mutual_fund_trails|CLAWBACK|1
SMPL001|202604|202605|advisory|BILLABLE_DAYS|1|v4,SMPL001|202604|202605|advisory|BILLABLE_DAYS|1
SMPL001|202604|202605|mutual_fund_trails|BILLABLE_DAYS|2|v4,SMPL001|202604|202605|mutual_fund_trails|BILLABLE_DAYS|2
SMPL001|202604|202605|mutual_fund_trails|MIX|3|v4,SMPL001|202604|202605|mutual_fund_trails|MIX|3
SMPL001|202604|202605|equities|MIX|2|v4,SMPL001|202604|202605|equities|MIX|2
SMPL001|202604|202605|__TOTAL__|MARKET|1|v4,SMPL001|202604|202605|__TOTAL__|MARKET|1
SMPL001|202604|202605|__TOTAL__|NET_FLOW|2|v4,SMPL001|202604|202605|__TOTAL__|NET_FLOW|2
SMPL001|202605|202606|structured_products|ONE_TIME|1|v4,SMPL001|202605|202606|structured_products|ONE_TIME|1
SMPL001|202605|202606|alternative_investments|TIMING|1|v4,SMPL001|202605|202606|alternative_investments|TIMING|1
SMPL001|202605|202606|unified_managed_account|NEW_ACCOUNT|1|v4,SMPL001|202605|202606|unified_managed_account|NEW_ACCOUNT|1
SMPL001|202605|202606|unified_managed_account|BILLABLE_DAYS|2|v4,SMPL001|202605|202606|unified_managed_account|BILLABLE_DAYS|2
SMPL001|202605|202606|equities|VOLUME|1|v4,SMPL001|202605|202606|equities|VOLUME|1
SMPL001|202605|202606|mutual_fund_trails|CLAWBACK|1|v4,SMPL001|202605|202606|mutual_fund_trails|CLAWBACK|1
SMPL001|202605|202606|equities|MIX|2|v4,SMPL001|202605|202606|equities|MIX|2
SMPL001|202605|202606|jpmcap|BILLABLE_DAYS|1|v4,SMPL001|202605|202606|jpmcap|BILLABLE_DAYS|1
SMPL001|202605|202606|advisory|BILLABLE_DAYS|1|v4,SMPL001|202605|202606|advisory|BILLABLE_DAYS|1
SMPL001|202605|202606|mutual_fund_trails|BILLABLE_DAYS|2|v4,SMPL001|202605|202606|mutual_fund_trails|BILLABLE_DAYS|2
SMPL001|202605|202606|mutual_fund_trails|MIX|3|v4,SMPL001|202605|202606|mutual_fund_trails|MIX|3
SMPL001|202605|202606|__TOTAL__|MARKET|1|v4,SMPL001|202605|202606|__TOTAL__|MARKET|1
SMPL001|202605|202606|__TOTAL__|NET_FLOW|2|v4,SMPL001|202605|202606|__TOTAL__|NET_FLOW|2
SMPL002|202604|202605|structured_products|ONE_TIME|1|v4,SMPL002|202604|202605|structured_products|ONE_TIME|1
SMPL002|202604|202605|alternative_investments|TIMING|1|v4,SMPL002|202604|202605|alternative_investments|TIMING|1
SMPL002|202604|202605|unified_managed_account|LOST_ACCOUNT|1|v4,SMPL002|202604|202605|unified_managed_account|LOST_ACCOUNT|1
SMPL002|202604|202605|unified_managed_account|BILLABLE_DAYS|2|v4,SMPL002|202604|202605|unified_managed_account|BILLABLE_DAYS|2
SMPL002|202604|202605|equities|VOLUME|1|v4,SMPL002|202604|202605|equities|VOLUME|1
SMPL002|202604|202605|mutual_fund_trails|CLAWBACK|1|v4,SMPL002|202604|202605|mutual_fund_trails|CLAWBACK|1
SMPL002|202604|202605|jpmcap|BILLABLE_DAYS|1|v4,SMPL002|202604|202605|jpmcap|BILLABLE_DAYS|1
SMPL002|202604|202605|advisory|BILLABLE_DAYS|1|v4,SMPL002|202604|202605|advisory|BILLABLE_DAYS|1
SMPL002|202604|202605|mutual_fund_trails|BILLABLE_DAYS|2|v4,SMPL002|202604|202605|mutual_fund_trails|BILLABLE_DAYS|2
SMPL002|202604|202605|mutual_fund_trails|MIX|3|v4,SMPL002|202604|202605|mutual_fund_trails|MIX|3
SMPL002|202604|202605|equities|MIX|2|v4,SMPL002|202604|202605|equities|MIX|2
SMPL002|202604|202605|unified_managed_account|MIX|3|v4,SMPL002|202604|202605|unified_managed_account|MIX|3
SMPL002|202604|202605|__TOTAL__|MARKET|1|v4,SMPL002|202604|202605|__TOTAL__|MARKET|1
SMPL002|202604|202605|__TOTAL__|NET_FLOW|2|v4,SMPL002|202604|202605|__TOTAL__|NET_FLOW|2
SMPL002|202605|202606|structured_products|ONE_TIME|1|v4,SMPL002|202605|202606|structured_products|ONE_TIME|1
SMPL002|202605|202606|alternative_investments|TIMING|1|v4,SMPL002|202605|202606|alternative_investments|TIMING|1
SMPL002|202605|202606|unified_managed_account|NEW_ACCOUNT|1|v4,SMPL002|202605|202606|unified_managed_account|NEW_ACCOUNT|1
SMPL002|202605|202606|unified_managed_account|FEE_RATE|2|v4,SMPL002|202605|202606|unified_managed_account|FEE_RATE|2
SMPL002|202605|202606|unified_managed_account|BILLABLE_DAYS|3|v4,SMPL002|202605|202606|unified_managed_account|BILLABLE_DAYS|3
SMPL002|202605|202606|equities|VOLUME|1|v4,SMPL002|202605|202606|equities|VOLUME|1
SMPL002|202605|202606|mutual_fund_trails|CLAWBACK|1|v4,SMPL002|202605|202606|mutual_fund_trails|CLAWBACK|1
SMPL002|202605|202606|jpmcap|BILLABLE_DAYS|1|v4,SMPL002|202605|202606|jpmcap|BILLABLE_DAYS|1
SMPL002|202605|202606|advisory|BILLABLE_DAYS|1|v4,SMPL002|202605|202606|advisory|BILLABLE_DAYS|1
SMPL002|202605|202606|mutual_fund_trails|BILLABLE_DAYS|2|v4,SMPL002|202605|202606|mutual_fund_trails|BILLABLE_DAYS|2
SMPL002|202605|202606|mutual_fund_trails|MIX|3|v4,SMPL002|202605|202606|mutual_fund_trails|MIX|3
SMPL002|202605|202606|unified_managed_account|MIX|4|v4,SMPL002|202605|202606|unified_managed_account|MIX|4
SMPL002|202605|202606|equities|MIX|2|v4,SMPL002|202605|202606|equities|MIX|2
SMPL002|202605|202606|__TOTAL__|MARKET|1|v4,SMPL002|202605|202606|__TOTAL__|MARKET|1
SMPL002|202605|202606|__TOTAL__|NET_FLOW|2|v4,SMPL002|202605|202606|__TOTAL__|NET_FLOW|2
SMPL003|202604|202605|structured_products|ONE_TIME|1|v4,SMPL003|202604|202605|structured_products|ONE_TIME|1
SMPL003|202604|202605|alternative_investments|TIMING|1|v4,SMPL003|202604|202605|alternative_investments|TIMING|1
SMPL003|202604|202605|unified_managed_account|LOST_ACCOUNT|1|v4,SMPL003|202604|202605|unified_managed_account|LOST_ACCOUNT|1
SMPL003|202604|202605|annuities|LOST_ACCOUNT|1|v4,SMPL003|202604|202605|annuities|LOST_ACCOUNT|1
SMPL003|202604|202605|unified_managed_account|BILLABLE_DAYS|2|v4,SMPL003|202604|202605|unified_managed_account|BILLABLE_DAYS|2
SMPL003|202604|202605|equities|VOLUME|1|v4,SMPL003|202604|202605|equities|VOLUME|1
SMPL003|202604|202605|mutual_fund_trails|CLAWBACK|1|v4,SMPL003|202604|202605|mutual_fund_trails|CLAWBACK|1
SMPL003|202604|202605|jpmcap|BILLABLE_DAYS|1|v4,SMPL003|202604|202605|jpmcap|BILLABLE_DAYS|1
SMPL003|202604|202605|advisory|BILLABLE_DAYS|1|v4,SMPL003|202604|202605|advisory|BILLABLE_DAYS|1
SMPL003|202604|202605|mutual_fund_trails|BILLABLE_DAYS|2|v4,SMPL003|202604|202605|mutual_fund_trails|BILLABLE_DAYS|2
SMPL003|202604|202605|mutual_fund_trails|MIX|3|v4,SMPL003|202604|202605|mutual_fund_trails|MIX|3
SMPL003|202604|202605|equities|MIX|2|v4,SMPL003|202604|202605|equities|MIX|2
SMPL003|202604|202605|unified_managed_account|MIX|3|v4,SMPL003|202604|202605|unified_managed_account|MIX|3
SMPL003|202604|202605|__TOTAL__|MARKET|1|v4,SMPL003|202604|202605|__TOTAL__|MARKET|1
SMPL003|202604|202605|__TOTAL__|NET_FLOW|2|v4,SMPL003|202604|202605|__TOTAL__|NET_FLOW|2
SMPL003|202605|202606|structured_products|ONE_TIME|1|v4,SMPL003|202605|202606|structured_products|ONE_TIME|1
SMPL003|202605|202606|alternative_investments|TIMING|1|v4,SMPL003|202605|202606|alternative_investments|TIMING|1
SMPL003|202605|202606|unified_managed_account|NEW_ACCOUNT|1|v4,SMPL003|202605|202606|unified_managed_account|NEW_ACCOUNT|1
SMPL003|202605|202606|unified_managed_account|DISCOUNT|2|v4,SMPL003|202605|202606|unified_managed_account|DISCOUNT|2
SMPL003|202605|202606|unified_managed_account|BILLABLE_DAYS|3|v4,SMPL003|202605|202606|unified_managed_account|BILLABLE_DAYS|3
SMPL003|202605|202606|equities|VOLUME|1|v4,SMPL003|202605|202606|equities|VOLUME|1
SMPL003|202605|202606|mutual_fund_trails|CLAWBACK|1|v4,SMPL003|202605|202606|mutual_fund_trails|CLAWBACK|1
SMPL003|202605|202606|jpmcap|BILLABLE_DAYS|1|v4,SMPL003|202605|202606|jpmcap|BILLABLE_DAYS|1
SMPL003|202605|202606|advisory|BILLABLE_DAYS|1|v4,SMPL003|202605|202606|advisory|BILLABLE_DAYS|1
SMPL003|202605|202606|equities|MIX|2|v4,SMPL003|202605|202606|equities|MIX|2
SMPL003|202605|202606|mutual_fund_trails|BILLABLE_DAYS|2|v4,SMPL003|202605|202606|mutual_fund_trails|BILLABLE_DAYS|2
SMPL003|202605|202606|mutual_fund_trails|MIX|3|v4,SMPL003|202605|202606|mutual_fund_trails|MIX|3
SMPL003|202605|202606|unified_managed_account|MIX|4|v4,SMPL003|202605|202606|unified_managed_account|MIX|4
SMPL003|202605|202606|__TOTAL__|MARKET|1|v4,SMPL003|202605|202606|__TOTAL__|MARKET|1
SMPL003|202605|202606|__TOTAL__|NET_FLOW|2|v4,SMPL003|202605|202606|__TOTAL__|NET_FLOW|2
SMPL001|202604|202605|structured_products|ONE_TIME|1|v5,SMPL001|202604|202605|structured_products|ONE_TIME|1
SMPL001|202604|202605|alternative_investments|TIMING|1|v5,SMPL001|202604|202605|alternative_investments|TIMING|1
SMPL001|202604|202605|unified_managed_account|LOST_ACCOUNT|1|v5,SMPL001|202604|202605|unified_managed_account|LOST_ACCOUNT|1
SMPL001|202604|202605|unified_managed_account|BILLABLE_DAYS|2|v5,SMPL001|202604|202605|unified_managed_account|BILLABLE_DAYS|2
SMPL001|202604|202605|equities|VOLUME|1|v5,SMPL001|202604|202605|equities|VOLUME|1
SMPL001|202604|202605|jpmcap|BILLABLE_DAYS|1|v5,SMPL001|202604|202605|jpmcap|BILLABLE_DAYS|1
SMPL001|202604|202605|mutual_fund_trails|CLAWBACK|1|v5,SMPL001|202604|202605|mutual_fund_trails|CLAWBACK|1
SMPL001|202604|202605|advisory|BILLABLE_DAYS|1|v5,SMPL001|202604|202605|advisory|BILLABLE_DAYS|1
SMPL001|202604|202605|mutual_fund_trails|BILLABLE_DAYS|2|v5,SMPL001|202604|202605|mutual_fund_trails|BILLABLE_DAYS|2
SMPL001|202604|202605|mutual_fund_trails|MIX|3|v5,SMPL001|202604|202605|mutual_fund_trails|MIX|3
SMPL001|202604|202605|equities|MIX|2|v5,SMPL001|202604|202605|equities|MIX|2
SMPL001|202604|202605|__TOTAL__|MARKET|1|v5,SMPL001|202604|202605|__TOTAL__|MARKET|1
SMPL001|202604|202605|__TOTAL__|NET_FLOW|2|v5,SMPL001|202604|202605|__TOTAL__|NET_FLOW|2
SMPL001|202605|202606|structured_products|ONE_TIME|1|v5,SMPL001|202605|202606|structured_products|ONE_TIME|1
SMPL001|202605|202606|alternative_investments|TIMING|1|v5,SMPL001|202605|202606|alternative_investments|TIMING|1
SMPL001|202605|202606|unified_managed_account|NEW_ACCOUNT|1|v5,SMPL001|202605|202606|unified_managed_account|NEW_ACCOUNT|1
SMPL001|202605|202606|unified_managed_account|BILLABLE_DAYS|2|v5,SMPL001|202605|202606|unified_managed_account|BILLABLE_DAYS|2
SMPL001|202605|202606|equities|VOLUME|1|v5,SMPL001|202605|202606|equities|VOLUME|1
SMPL001|202605|202606|mutual_fund_trails|CLAWBACK|1|v5,SMPL001|202605|202606|mutual_fund_trails|CLAWBACK|1
SMPL001|202605|202606|equities|MIX|2|v5,SMPL001|202605|202606|equities|MIX|2
SMPL001|202605|202606|jpmcap|BILLABLE_DAYS|1|v5,SMPL001|202605|202606|jpmcap|BILLABLE_DAYS|1
SMPL001|202605|202606|advisory|BILLABLE_DAYS|1|v5,SMPL001|202605|202606|advisory|BILLABLE_DAYS|1
SMPL001|202605|202606|mutual_fund_trails|BILLABLE_DAYS|2|v5,SMPL001|202605|202606|mutual_fund_trails|BILLABLE_DAYS|2
SMPL001|202605|202606|mutual_fund_trails|MIX|3|v5,SMPL001|202605|202606|mutual_fund_trails|MIX|3
SMPL001|202605|202606|__TOTAL__|MARKET|1|v5,SMPL001|202605|202606|__TOTAL__|MARKET|1
SMPL001|202605|202606|__TOTAL__|NET_FLOW|2|v5,SMPL001|202605|202606|__TOTAL__|NET_FLOW|2
SMPL002|202604|202605|structured_products|ONE_TIME|1|v5,SMPL002|202604|202605|structured_products|ONE_TIME|1
SMPL002|202604|202605|alternative_investments|TIMING|1|v5,SMPL002|202604|202605|alternative_investments|TIMING|1
SMPL002|202604|202605|unified_managed_account|LOST_ACCOUNT|1|v5,SMPL002|202604|202605|unified_managed_account|LOST_ACCOUNT|1
SMPL002|202604|202605|unified_managed_account|BILLABLE_DAYS|2|v5,SMPL002|202604|202605|unified_managed_account|BILLABLE_DAYS|2
SMPL002|202604|202605|equities|VOLUME|1|v5,SMPL002|202604|202605|equities|VOLUME|1
SMPL002|202604|202605|mutual_fund_trails|CLAWBACK|1|v5,SMPL002|202604|202605|mutual_fund_trails|CLAWBACK|1
SMPL002|202604|202605|jpmcap|BILLABLE_DAYS|1|v5,SMPL002|202604|202605|jpmcap|BILLABLE_DAYS|1
SMPL002|202604|202605|advisory|BILLABLE_DAYS|1|v5,SMPL002|202604|202605|advisory|BILLABLE_DAYS|1
SMPL002|202604|202605|mutual_fund_trails|BILLABLE_DAYS|2|v5,SMPL002|202604|202605|mutual_fund_trails|BILLABLE_DAYS|2
SMPL002|202604|202605|mutual_fund_trails|MIX|3|v5,SMPL002|202604|202605|mutual_fund_trails|MIX|3
SMPL002|202604|202605|equities|MIX|2|v5,SMPL002|202604|202605|equities|MIX|2
SMPL002|202604|202605|unified_managed_account|MIX|3|v5,SMPL002|202604|202605|unified_managed_account|MIX|3
SMPL002|202604|202605|__TOTAL__|MARKET|1|v5,SMPL002|202604|202605|__TOTAL__|MARKET|1
SMPL002|202604|202605|__TOTAL__|NET_FLOW|2|v5,SMPL002|202604|202605|__TOTAL__|NET_FLOW|2
SMPL002|202605|202606|structured_products|ONE_TIME|1|v5,SMPL002|202605|202606|structured_products|ONE_TIME|1
SMPL002|202605|202606|alternative_investments|TIMING|1|v5,SMPL002|202605|202606|alternative_investments|TIMING|1
SMPL002|202605|202606|unified_managed_account|NEW_ACCOUNT|1|v5,SMPL002|202605|202606|unified_managed_account|NEW_ACCOUNT|1
SMPL002|202605|202606|unified_managed_account|FEE_RATE|2|v5,SMPL002|202605|202606|unified_managed_account|FEE_RATE|2
SMPL002|202605|202606|unified_managed_account|BILLABLE_DAYS|3|v5,SMPL002|202605|202606|unified_managed_account|BILLABLE_DAYS|3
SMPL002|202605|202606|equities|VOLUME|1|v5,SMPL002|202605|202606|equities|VOLUME|1
SMPL002|202605|202606|mutual_fund_trails|CLAWBACK|1|v5,SMPL002|202605|202606|mutual_fund_trails|CLAWBACK|1
SMPL002|202605|202606|jpmcap|BILLABLE_DAYS|1|v5,SMPL002|202605|202606|jpmcap|BILLABLE_DAYS|1
SMPL002|202605|202606|advisory|BILLABLE_DAYS|1|v5,SMPL002|202605|202606|advisory|BILLABLE_DAYS|1
SMPL002|202605|202606|mutual_fund_trails|BILLABLE_DAYS|2|v5,SMPL002|202605|202606|mutual_fund_trails|BILLABLE_DAYS|2
SMPL002|202605|202606|mutual_fund_trails|MIX|3|v5,SMPL002|202605|202606|mutual_fund_trails|MIX|3
SMPL002|202605|202606|unified_managed_account|MIX|4|v5,SMPL002|202605|202606|unified_managed_account|MIX|4
SMPL002|202605|202606|equities|MIX|2|v5,SMPL002|202605|202606|equities|MIX|2
SMPL002|202605|202606|__TOTAL__|MARKET|1|v5,SMPL002|202605|202606|__TOTAL__|MARKET|1
SMPL002|202605|202606|__TOTAL__|NET_FLOW|2|v5,SMPL002|202605|202606|__TOTAL__|NET_FLOW|2
SMPL003|202604|202605|structured_products|ONE_TIME|1|v5,SMPL003|202604|202605|structured_products|ONE_TIME|1
SMPL003|202604|202605|alternative_investments|TIMING|1|v5,SMPL003|202604|202605|alternative_investments|TIMING|1
SMPL003|202604|202605|unified_managed_account|LOST_ACCOUNT|1|v5,SMPL003|202604|202605|unified_managed_account|LOST_ACCOUNT|1
SMPL003|202604|202605|annuities|LOST_ACCOUNT|1|v5,SMPL003|202604|202605|annuities|LOST_ACCOUNT|1
SMPL003|202604|202605|unified_managed_account|BILLABLE_DAYS|2|v5,SMPL003|202604|202605|unified_managed_account|BILLABLE_DAYS|2
SMPL003|202604|202605|equities|VOLUME|1|v5,SMPL003|202604|202605|equities|VOLUME|1
SMPL003|202604|202605|mutual_fund_trails|CLAWBACK|1|v5,SMPL003|202604|202605|mutual_fund_trails|CLAWBACK|1
SMPL003|202604|202605|jpmcap|BILLABLE_DAYS|1|v5,SMPL003|202604|202605|jpmcap|BILLABLE_DAYS|1
SMPL003|202604|202605|advisory|BILLABLE_DAYS|1|v5,SMPL003|202604|202605|advisory|BILLABLE_DAYS|1
SMPL003|202604|202605|mutual_fund_trails|BILLABLE_DAYS|2|v5,SMPL003|202604|202605|mutual_fund_trails|BILLABLE_DAYS|2
SMPL003|202604|202605|mutual_fund_trails|MIX|3|v5,SMPL003|202604|202605|mutual_fund_trails|MIX|3
SMPL003|202604|202605|equities|MIX|2|v5,SMPL003|202604|202605|equities|MIX|2
SMPL003|202604|202605|unified_managed_account|MIX|3|v5,SMPL003|202604|202605|unified_managed_account|MIX|3
SMPL003|202604|202605|__TOTAL__|MARKET|1|v5,SMPL003|202604|202605|__TOTAL__|MARKET|1
SMPL003|202604|202605|__TOTAL__|NET_FLOW|2|v5,SMPL003|202604|202605|__TOTAL__|NET_FLOW|2
SMPL003|202605|202606|structured_products|ONE_TIME|1|v5,SMPL003|202605|202606|structured_products|ONE_TIME|1
SMPL003|202605|202606|alternative_investments|TIMING|1|v5,SMPL003|202605|202606|alternative_investments|TIMING|1
SMPL003|202605|202606|unified_managed_account|NEW_ACCOUNT|1|v5,SMPL003|202605|202606|unified_managed_account|NEW_ACCOUNT|1
SMPL003|202605|202606|unified_managed_account|DISCOUNT|2|v5,SMPL003|202605|202606|unified_managed_account|DISCOUNT|2
SMPL003|202605|202606|unified_managed_account|BILLABLE_DAYS|3|v5,SMPL003|202605|202606|unified_managed_account|BILLABLE_DAYS|3
SMPL003|202605|202606|equities|VOLUME|1|v5,SMPL003|202605|202606|equities|VOLUME|1
SMPL003|202605|202606|mutual_fund_trails|CLAWBACK|1|v5,SMPL003|202605|202606|mutual_fund_trails|CLAWBACK|1
SMPL003|202605|202606|jpmcap|BILLABLE_DAYS|1|v5,SMPL003|202605|202606|jpmcap|BILLABLE_DAYS|1
SMPL003|202605|202606|advisory|BILLABLE_DAYS|1|v5,SMPL003|202605|202606|advisory|BILLABLE_DAYS|1
SMPL003|202605|202606|equities|MIX|2|v5,SMPL003|202605|202606|equities|MIX|2
SMPL003|202605|202606|mutual_fund_trails|BILLABLE_DAYS|2|v5,SMPL003|202605|202606|mutual_fund_trails|BILLABLE_DAYS|2
SMPL003|202605|202606|mutual_fund_trails|MIX|3|v5,SMPL003|202605|202606|mutual_fund_trails|MIX|3
SMPL003|202605|202606|unified_managed_account|MIX|4|v5,SMPL003|202605|202606|unified_managed_account|MIX|4
SMPL003|202605|202606|__TOTAL__|MARKET|1|v5,SMPL003|202605|202606|__TOTAL__|MARKET|1
SMPL003|202605|202606|__TOTAL__|NET_FLOW|2|v5,SMPL003|202605|202606|__TOTAL__|NET_FLOW|2
SMPL001|202604|202605|structured_products|ONE_TIME|1|v6,SMPL001|202604|202605|structured_products|ONE_TIME|1
SMPL001|202604|202605|alternative_investments|TIMING|1|v6,SMPL001|202604|202605|alternative_investments|TIMING|1
SMPL001|202604|202605|unified_managed_account|LOST_ACCOUNT|1|v6,SMPL001|202604|202605|unified_managed_account|LOST_ACCOUNT|1
SMPL001|202604|202605|unified_managed_account|BILLABLE_DAYS|2|v6,SMPL001|202604|202605|unified_managed_account|BILLABLE_DAYS|2
SMPL001|202604|202605|equities|VOLUME|1|v6,SMPL001|202604|202605|equities|VOLUME|1
SMPL001|202604|202605|jpmcap|BILLABLE_DAYS|1|v6,SMPL001|202604|202605|jpmcap|BILLABLE_DAYS|1
SMPL001|202604|202605|mutual_fund_trails|CLAWBACK|1|v6,SMPL001|202604|202605|mutual_fund_trails|CLAWBACK|1
SMPL001|202604|202605|advisory|BILLABLE_DAYS|1|v6,SMPL001|202604|202605|advisory|BILLABLE_DAYS|1
SMPL001|202604|202605|mutual_fund_trails|BILLABLE_DAYS|2|v6,SMPL001|202604|202605|mutual_fund_trails|BILLABLE_DAYS|2
SMPL001|202604|202605|mutual_fund_trails|MIX|3|v6,SMPL001|202604|202605|mutual_fund_trails|MIX|3
SMPL001|202604|202605|equities|MIX|2|v6,SMPL001|202604|202605|equities|MIX|2
SMPL001|202604|202605|__TOTAL__|MARKET|1|v6,SMPL001|202604|202605|__TOTAL__|MARKET|1
SMPL001|202604|202605|__TOTAL__|NET_FLOW|2|v6,SMPL001|202604|202605|__TOTAL__|NET_FLOW|2
SMPL001|202605|202606|structured_products|ONE_TIME|1|v6,SMPL001|202605|202606|structured_products|ONE_TIME|1
SMPL001|202605|202606|alternative_investments|TIMING|1|v6,SMPL001|202605|202606|alternative_investments|TIMING|1
SMPL001|202605|202606|unified_managed_account|ELIGIBILITY|1|v6,SMPL001|202605|202606|unified_managed_account|ELIGIBILITY|1
SMPL001|202605|202606|unified_managed_account|NEW_ACCOUNT|2|v6,SMPL001|202605|202606|unified_managed_account|NEW_ACCOUNT|2
SMPL001|202605|202606|unified_managed_account|BILLABLE_DAYS|3|v6,SMPL001|202605|202606|unified_managed_account|BILLABLE_DAYS|3
SMPL001|202605|202606|equities|VOLUME|1|v6,SMPL001|202605|202606|equities|VOLUME|1
SMPL001|202605|202606|mutual_fund_trails|CLAWBACK|1|v6,SMPL001|202605|202606|mutual_fund_trails|CLAWBACK|1
SMPL001|202605|202606|equities|MIX|2|v6,SMPL001|202605|202606|equities|MIX|2
SMPL001|202605|202606|jpmcap|BILLABLE_DAYS|1|v6,SMPL001|202605|202606|jpmcap|BILLABLE_DAYS|1
SMPL001|202605|202606|advisory|BILLABLE_DAYS|1|v6,SMPL001|202605|202606|advisory|BILLABLE_DAYS|1
SMPL001|202605|202606|mutual_fund_trails|BILLABLE_DAYS|2|v6,SMPL001|202605|202606|mutual_fund_trails|BILLABLE_DAYS|2
SMPL001|202605|202606|mutual_fund_trails|MIX|3|v6,SMPL001|202605|202606|mutual_fund_trails|MIX|3
SMPL001|202605|202606|__TOTAL__|MARKET|1|v6,SMPL001|202605|202606|__TOTAL__|MARKET|1
SMPL001|202605|202606|__TOTAL__|NET_FLOW|2|v6,SMPL001|202605|202606|__TOTAL__|NET_FLOW|2
SMPL002|202604|202605|structured_products|ONE_TIME|1|v6,SMPL002|202604|202605|structured_products|ONE_TIME|1
SMPL002|202604|202605|alternative_investments|TIMING|1|v6,SMPL002|202604|202605|alternative_investments|TIMING|1
SMPL002|202604|202605|unified_managed_account|LOST_ACCOUNT|1|v6,SMPL002|202604|202605|unified_managed_account|LOST_ACCOUNT|1
SMPL002|202604|202605|unified_managed_account|BILLABLE_DAYS|2|v6,SMPL002|202604|202605|unified_managed_account|BILLABLE_DAYS|2
SMPL002|202604|202605|equities|VOLUME|1|v6,SMPL002|202604|202605|equities|VOLUME|1
SMPL002|202604|202605|mutual_fund_trails|CLAWBACK|1|v6,SMPL002|202604|202605|mutual_fund_trails|CLAWBACK|1
SMPL002|202604|202605|jpmcap|BILLABLE_DAYS|1|v6,SMPL002|202604|202605|jpmcap|BILLABLE_DAYS|1
SMPL002|202604|202605|advisory|BILLABLE_DAYS|1|v6,SMPL002|202604|202605|advisory|BILLABLE_DAYS|1
SMPL002|202604|202605|mutual_fund_trails|BILLABLE_DAYS|2|v6,SMPL002|202604|202605|mutual_fund_trails|BILLABLE_DAYS|2
SMPL002|202604|202605|mutual_fund_trails|MIX|3|v6,SMPL002|202604|202605|mutual_fund_trails|MIX|3
SMPL002|202604|202605|equities|MIX|2|v6,SMPL002|202604|202605|equities|MIX|2
SMPL002|202604|202605|unified_managed_account|MIX|3|v6,SMPL002|202604|202605|unified_managed_account|MIX|3
SMPL002|202604|202605|__TOTAL__|MARKET|1|v6,SMPL002|202604|202605|__TOTAL__|MARKET|1
SMPL002|202604|202605|__TOTAL__|NET_FLOW|2|v6,SMPL002|202604|202605|__TOTAL__|NET_FLOW|2
SMPL002|202605|202606|structured_products|ONE_TIME|1|v6,SMPL002|202605|202606|structured_products|ONE_TIME|1
SMPL002|202605|202606|alternative_investments|TIMING|1|v6,SMPL002|202605|202606|alternative_investments|TIMING|1
SMPL002|202605|202606|unified_managed_account|NEW_ACCOUNT|1|v6,SMPL002|202605|202606|unified_managed_account|NEW_ACCOUNT|1
SMPL002|202605|202606|unified_managed_account|FEE_RATE|2|v6,SMPL002|202605|202606|unified_managed_account|FEE_RATE|2
SMPL002|202605|202606|unified_managed_account|BILLABLE_DAYS|3|v6,SMPL002|202605|202606|unified_managed_account|BILLABLE_DAYS|3
SMPL002|202605|202606|equities|VOLUME|1|v6,SMPL002|202605|202606|equities|VOLUME|1
SMPL002|202605|202606|mutual_fund_trails|CLAWBACK|1|v6,SMPL002|202605|202606|mutual_fund_trails|CLAWBACK|1
SMPL002|202605|202606|jpmcap|BILLABLE_DAYS|1|v6,SMPL002|202605|202606|jpmcap|BILLABLE_DAYS|1
SMPL002|202605|202606|advisory|BILLABLE_DAYS|1|v6,SMPL002|202605|202606|advisory|BILLABLE_DAYS|1
SMPL002|202605|202606|mutual_fund_trails|BILLABLE_DAYS|2|v6,SMPL002|202605|202606|mutual_fund_trails|BILLABLE_DAYS|2
SMPL002|202605|202606|mutual_fund_trails|MIX|3|v6,SMPL002|202605|202606|mutual_fund_trails|MIX|3
SMPL002|202605|202606|unified_managed_account|MIX|4|v6,SMPL002|202605|202606|unified_managed_account|MIX|4
SMPL002|202605|202606|equities|MIX|2|v6,SMPL002|202605|202606|equities|MIX|2
SMPL002|202605|202606|__TOTAL__|MARKET|1|v6,SMPL002|202605|202606|__TOTAL__|MARKET|1
SMPL002|202605|202606|__TOTAL__|NET_FLOW|2|v6,SMPL002|202605|202606|__TOTAL__|NET_FLOW|2
SMPL003|202604|202605|structured_products|ONE_TIME|1|v6,SMPL003|202604|202605|structured_products|ONE_TIME|1
SMPL003|202604|202605|alternative_investments|TIMING|1|v6,SMPL003|202604|202605|alternative_investments|TIMING|1
SMPL003|202604|202605|unified_managed_account|LOST_ACCOUNT|1|v6,SMPL003|202604|202605|unified_managed_account|LOST_ACCOUNT|1
SMPL003|202604|202605|annuities|LOST_ACCOUNT|1|v6,SMPL003|202604|202605|annuities|LOST_ACCOUNT|1
SMPL003|202604|202605|unified_managed_account|BILLABLE_DAYS|2|v6,SMPL003|202604|202605|unified_managed_account|BILLABLE_DAYS|2
SMPL003|202604|202605|equities|VOLUME|1|v6,SMPL003|202604|202605|equities|VOLUME|1
SMPL003|202604|202605|mutual_fund_trails|CLAWBACK|1|v6,SMPL003|202604|202605|mutual_fund_trails|CLAWBACK|1
SMPL003|202604|202605|jpmcap|BILLABLE_DAYS|1|v6,SMPL003|202604|202605|jpmcap|BILLABLE_DAYS|1
SMPL003|202604|202605|advisory|BILLABLE_DAYS|1|v6,SMPL003|202604|202605|advisory|BILLABLE_DAYS|1
SMPL003|202604|202605|mutual_fund_trails|BILLABLE_DAYS|2|v6,SMPL003|202604|202605|mutual_fund_trails|BILLABLE_DAYS|2
SMPL003|202604|202605|mutual_fund_trails|MIX|3|v6,SMPL003|202604|202605|mutual_fund_trails|MIX|3
SMPL003|202604|202605|equities|MIX|2|v6,SMPL003|202604|202605|equities|MIX|2
SMPL003|202604|202605|unified_managed_account|MIX|3|v6,SMPL003|202604|202605|unified_managed_account|MIX|3
SMPL003|202604|202605|__TOTAL__|MARKET|1|v6,SMPL003|202604|202605|__TOTAL__|MARKET|1
SMPL003|202604|202605|__TOTAL__|NET_FLOW|2|v6,SMPL003|202604|202605|__TOTAL__|NET_FLOW|2
SMPL003|202605|202606|structured_products|ONE_TIME|1|v6,SMPL003|202605|202606|structured_products|ONE_TIME|1
SMPL003|202605|202606|alternative_investments|TIMING|1|v6,SMPL003|202605|202606|alternative_investments|TIMING|1
SMPL003|202605|202606|unified_managed_account|NEW_ACCOUNT|1|v6,SMPL003|202605|202606|unified_managed_account|NEW_ACCOUNT|1
SMPL003|202605|202606|unified_managed_account|DISCOUNT|2|v6,SMPL003|202605|202606|unified_managed_account|DISCOUNT|2
SMPL003|202605|202606|unified_managed_account|BILLABLE_DAYS|3|v6,SMPL003|202605|202606|unified_managed_account|BILLABLE_DAYS|3
SMPL003|202605|202606|equities|VOLUME|1|v6,SMPL003|202605|202606|equities|VOLUME|1
SMPL003|202605|202606|mutual_fund_trails|CLAWBACK|1|v6,SMPL003|202605|202606|mutual_fund_trails|CLAWBACK|1
SMPL003|202605|202606|jpmcap|BILLABLE_DAYS|1|v6,SMPL003|202605|202606|jpmcap|BILLABLE_DAYS|1
SMPL003|202605|202606|advisory|BILLABLE_DAYS|1|v6,SMPL003|202605|202606|advisory|BILLABLE_DAYS|1
SMPL003|202605|202606|equities|MIX|2|v6,SMPL003|202605|202606|equities|MIX|2
SMPL003|202605|202606|mutual_fund_trails|BILLABLE_DAYS|2|v6,SMPL003|202605|202606|mutual_fund_trails|BILLABLE_DAYS|2
SMPL003|202605|202606|mutual_fund_trails|MIX|3|v6,SMPL003|202605|202606|mutual_fund_trails|MIX|3
SMPL003|202605|202606|unified_managed_account|MIX|4|v6,SMPL003|202605|202606|unified_managed_account|MIX|4
SMPL003|202605|202606|__TOTAL__|MARKET|1|v6,SMPL003|202605|202606|__TOTAL__|MARKET|1
SMPL003|202605|202606|__TOTAL__|NET_FLOW|2|v6,SMPL003|202605|202606|__TOTAL__|NET_FLOW|2
SMPL001|202604|202605|structured_products|ONE_TIME|1|v7,SMPL001|202604|202605|structured_products|ONE_TIME|1
SMPL001|202604|202605|alternative_investments|TIMING|1|v7,SMPL001|202604|202605|alternative_investments|TIMING|1
SMPL001|202604|202605|unified_managed_account|LOST_ACCOUNT|1|v7,SMPL001|202604|202605|unified_managed_account|LOST_ACCOUNT|1
SMPL001|202604|202605|unified_managed_account|BILLABLE_DAYS|2|v7,SMPL001|202604|202605|unified_managed_account|BILLABLE_DAYS|2
SMPL001|202604|202605|equities|VOLUME|1|v7,SMPL001|202604|202605|equities|VOLUME|1
SMPL001|202604|202605|jpmcap|BILLABLE_DAYS|1|v7,SMPL001|202604|202605|jpmcap|BILLABLE_DAYS|1
SMPL001|202604|202605|mutual_fund_trails|CLAWBACK|1|v7,SMPL001|202604|202605|mutual_fund_trails|CLAWBACK|1
SMPL001|202604|202605|advisory|BILLABLE_DAYS|1|v7,SMPL001|202604|202605|advisory|BILLABLE_DAYS|1
SMPL001|202604|202605|mutual_fund_trails|BILLABLE_DAYS|2|v7,SMPL001|202604|202605|mutual_fund_trails|BILLABLE_DAYS|2
SMPL001|202604|202605|mutual_fund_trails|MIX|3|v7,SMPL001|202604|202605|mutual_fund_trails|MIX|3
SMPL001|202604|202605|equities|MIX|2|v7,SMPL001|202604|202605|equities|MIX|2
SMPL001|202604|202605|__TOTAL__|MARKET|1|v7,SMPL001|202604|202605|__TOTAL__|MARKET|1
SMPL001|202604|202605|__TOTAL__|NET_FLOW|2|v7,SMPL001|202604|202605|__TOTAL__|NET_FLOW|2
SMPL001|202605|202606|structured_products|ONE_TIME|1|v7,SMPL001|202605|202606|structured_products|ONE_TIME|1
SMPL001|202605|202606|alternative_investments|TIMING|1|v7,SMPL001|202605|202606|alternative_investments|TIMING|1
SMPL001|202605|202606|unified_managed_account|ELIGIBILITY|1|v7,SMPL001|202605|202606|unified_managed_account|ELIGIBILITY|1
SMPL001|202605|202606|unified_managed_account|NEW_ACCOUNT|2|v7,SMPL001|202605|202606|unified_managed_account|NEW_ACCOUNT|2
SMPL001|202605|202606|unified_managed_account|BILLABLE_DAYS|3|v7,SMPL001|202605|202606|unified_managed_account|BILLABLE_DAYS|3
SMPL001|202605|202606|equities|VOLUME|1|v7,SMPL001|202605|202606|equities|VOLUME|1
SMPL001|202605|202606|mutual_fund_trails|CLAWBACK|1|v7,SMPL001|202605|202606|mutual_fund_trails|CLAWBACK|1
SMPL001|202605|202606|equities|MIX|2|v7,SMPL001|202605|202606|equities|MIX|2
SMPL001|202605|202606|jpmcap|BILLABLE_DAYS|1|v7,SMPL001|202605|202606|jpmcap|BILLABLE_DAYS|1
SMPL001|202605|202606|advisory|BILLABLE_DAYS|1|v7,SMPL001|202605|202606|advisory|BILLABLE_DAYS|1
SMPL001|202605|202606|mutual_fund_trails|BILLABLE_DAYS|2|v7,SMPL001|202605|202606|mutual_fund_trails|BILLABLE_DAYS|2
SMPL001|202605|202606|mutual_fund_trails|MIX|3|v7,SMPL001|202605|202606|mutual_fund_trails|MIX|3
SMPL001|202605|202606|__TOTAL__|MARKET|1|v7,SMPL001|202605|202606|__TOTAL__|MARKET|1
SMPL001|202605|202606|__TOTAL__|NET_FLOW|2|v7,SMPL001|202605|202606|__TOTAL__|NET_FLOW|2
SMPL002|202604|202605|structured_products|ONE_TIME|1|v7,SMPL002|202604|202605|structured_products|ONE_TIME|1
SMPL002|202604|202605|alternative_investments|TIMING|1|v7,SMPL002|202604|202605|alternative_investments|TIMING|1
SMPL002|202604|202605|unified_managed_account|LOST_ACCOUNT|1|v7,SMPL002|202604|202605|unified_managed_account|LOST_ACCOUNT|1
SMPL002|202604|202605|unified_managed_account|BILLABLE_DAYS|2|v7,SMPL002|202604|202605|unified_managed_account|BILLABLE_DAYS|2
SMPL002|202604|202605|equities|VOLUME|1|v7,SMPL002|202604|202605|equities|VOLUME|1
SMPL002|202604|202605|mutual_fund_trails|CLAWBACK|1|v7,SMPL002|202604|202605|mutual_fund_trails|CLAWBACK|1
SMPL002|202604|202605|jpmcap|BILLABLE_DAYS|1|v7,SMPL002|202604|202605|jpmcap|BILLABLE_DAYS|1
SMPL002|202604|202605|advisory|BILLABLE_DAYS|1|v7,SMPL002|202604|202605|advisory|BILLABLE_DAYS|1
SMPL002|202604|202605|mutual_fund_trails|BILLABLE_DAYS|2|v7,SMPL002|202604|202605|mutual_fund_trails|BILLABLE_DAYS|2
SMPL002|202604|202605|mutual_fund_trails|MIX|3|v7,SMPL002|202604|202605|mutual_fund_trails|MIX|3
SMPL002|202604|202605|equities|MIX|2|v7,SMPL002|202604|202605|equities|MIX|2
SMPL002|202604|202605|unified_managed_account|MIX|3|v7,SMPL002|202604|202605|unified_managed_account|MIX|3
SMPL002|202604|202605|__TOTAL__|MARKET|1|v7,SMPL002|202604|202605|__TOTAL__|MARKET|1
SMPL002|202604|202605|__TOTAL__|NET_FLOW|2|v7,SMPL002|202604|202605|__TOTAL__|NET_FLOW|2
SMPL002|202605|202606|structured_products|ONE_TIME|1|v7,SMPL002|202605|202606|structured_products|ONE_TIME|1
SMPL002|202605|202606|alternative_investments|TIMING|1|v7,SMPL002|202605|202606|alternative_investments|TIMING|1
SMPL002|202605|202606|unified_managed_account|NEW_ACCOUNT|1|v7,SMPL002|202605|202606|unified_managed_account|NEW_ACCOUNT|1
SMPL002|202605|202606|unified_managed_account|FEE_RATE|2|v7,SMPL002|202605|202606|unified_managed_account|FEE_RATE|2
SMPL002|202605|202606|unified_managed_account|BILLABLE_DAYS|3|v7,SMPL002|202605|202606|unified_managed_account|BILLABLE_DAYS|3
SMPL002|202605|202606|equities|VOLUME|1|v7,SMPL002|202605|202606|equities|VOLUME|1
SMPL002|202605|202606|mutual_fund_trails|CLAWBACK|1|v7,SMPL002|202605|202606|mutual_fund_trails|CLAWBACK|1
SMPL002|202605|202606|jpmcap|BILLABLE_DAYS|1|v7,SMPL002|202605|202606|jpmcap|BILLABLE_DAYS|1
SMPL002|202605|202606|advisory|BILLABLE_DAYS|1|v7,SMPL002|202605|202606|advisory|BILLABLE_DAYS|1
SMPL002|202605|202606|mutual_fund_trails|BILLABLE_DAYS|2|v7,SMPL002|202605|202606|mutual_fund_trails|BILLABLE_DAYS|2
SMPL002|202605|202606|mutual_fund_trails|MIX|3|v7,SMPL002|202605|202606|mutual_fund_trails|MIX|3
SMPL002|202605|202606|unified_managed_account|MIX|4|v7,SMPL002|202605|202606|unified_managed_account|MIX|4
SMPL002|202605|202606|equities|MIX|2|v7,SMPL002|202605|202606|equities|MIX|2
SMPL002|202605|202606|__TOTAL__|MARKET|1|v7,SMPL002|202605|202606|__TOTAL__|MARKET|1
SMPL002|202605|202606|__TOTAL__|NET_FLOW|2|v7,SMPL002|202605|202606|__TOTAL__|NET_FLOW|2
SMPL003|202604|202605|structured_products|ONE_TIME|1|v7,SMPL003|202604|202605|structured_products|ONE_TIME|1
SMPL003|202604|202605|alternative_investments|TIMING|1|v7,SMPL003|202604|202605|alternative_investments|TIMING|1
SMPL003|202604|202605|unified_managed_account|LOST_ACCOUNT|1|v7,SMPL003|202604|202605|unified_managed_account|LOST_ACCOUNT|1
SMPL003|202604|202605|annuities|LOST_ACCOUNT|1|v7,SMPL003|202604|202605|annuities|LOST_ACCOUNT|1
SMPL003|202604|202605|unified_managed_account|BILLABLE_DAYS|2|v7,SMPL003|202604|202605|unified_managed_account|BILLABLE_DAYS|2
SMPL003|202604|202605|equities|VOLUME|1|v7,SMPL003|202604|202605|equities|VOLUME|1
SMPL003|202604|202605|mutual_fund_trails|CLAWBACK|1|v7,SMPL003|202604|202605|mutual_fund_trails|CLAWBACK|1
SMPL003|202604|202605|jpmcap|BILLABLE_DAYS|1|v7,SMPL003|202604|202605|jpmcap|BILLABLE_DAYS|1
SMPL003|202604|202605|advisory|BILLABLE_DAYS|1|v7,SMPL003|202604|202605|advisory|BILLABLE_DAYS|1
SMPL003|202604|202605|mutual_fund_trails|BILLABLE_DAYS|2|v7,SMPL003|202604|202605|mutual_fund_trails|BILLABLE_DAYS|2
SMPL003|202604|202605|mutual_fund_trails|MIX|3|v7,SMPL003|202604|202605|mutual_fund_trails|MIX|3
SMPL003|202604|202605|equities|MIX|2|v7,SMPL003|202604|202605|equities|MIX|2
SMPL003|202604|202605|unified_managed_account|MIX|3|v7,SMPL003|202604|202605|unified_managed_account|MIX|3
SMPL003|202604|202605|__TOTAL__|MARKET|1|v7,SMPL003|202604|202605|__TOTAL__|MARKET|1
SMPL003|202604|202605|__TOTAL__|NET_FLOW|2|v7,SMPL003|202604|202605|__TOTAL__|NET_FLOW|2
SMPL003|202605|202606|structured_products|ONE_TIME|1|v7,SMPL003|202605|202606|structured_products|ONE_TIME|1
SMPL003|202605|202606|alternative_investments|TIMING|1|v7,SMPL003|202605|202606|alternative_investments|TIMING|1
SMPL003|202605|202606|unified_managed_account|NEW_ACCOUNT|1|v7,SMPL003|202605|202606|unified_managed_account|NEW_ACCOUNT|1
SMPL003|202605|202606|unified_managed_account|DISCOUNT|2|v7,SMPL003|202605|202606|unified_managed_account|DISCOUNT|2
SMPL003|202605|202606|unified_managed_account|BILLABLE_DAYS|3|v7,SMPL003|202605|202606|unified_managed_account|BILLABLE_DAYS|3
SMPL003|202605|202606|equities|VOLUME|1|v7,SMPL003|202605|202606|equities|VOLUME|1
SMPL003|202605|202606|mutual_fund_trails|CLAWBACK|1|v7,SMPL003|202605|202606|mutual_fund_trails|CLAWBACK|1
SMPL003|202605|202606|jpmcap|BILLABLE_DAYS|1|v7,SMPL003|202605|202606|jpmcap|BILLABLE_DAYS|1
SMPL003|202605|202606|advisory|BILLABLE_DAYS|1|v7,SMPL003|202605|202606|advisory|BILLABLE_DAYS|1
SMPL003|202605|202606|equities|MIX|2|v7,SMPL003|202605|202606|equities|MIX|2
SMPL003|202605|202606|mutual_fund_trails|BILLABLE_DAYS|2|v7,SMPL003|202605|202606|mutual_fund_trails|BILLABLE_DAYS|2
SMPL003|202605|202606|mutual_fund_trails|MIX|3|v7,SMPL003|202605|202606|mutual_fund_trails|MIX|3
SMPL003|202605|202606|unified_managed_account|MIX|4|v7,SMPL003|202605|202606|unified_managed_account|MIX|4
SMPL003|202605|202606|__TOTAL__|MARKET|1|v7,SMPL003|202605|202606|__TOTAL__|MARKET|1
SMPL003|202605|202606|__TOTAL__|NET_FLOW|2|v7,SMPL003|202605|202606|__TOTAL__|NET_FLOW|2
SMPL001|202604|202605|structured_products|ONE_TIME|1|v8,SMPL001|202604|202605|structured_products|ONE_TIME|1
SMPL001|202604|202605|alternative_investments|TIMING|1|v8,SMPL001|202604|202605|alternative_investments|TIMING|1
SMPL001|202604|202605|unified_managed_account|LOST_ACCOUNT|1|v8,SMPL001|202604|202605|unified_managed_account|LOST_ACCOUNT|1
SMPL001|202604|202605|unified_managed_account|BILLABLE_DAYS|2|v8,SMPL001|202604|202605|unified_managed_account|BILLABLE_DAYS|2
SMPL001|202604|202605|equities|VOLUME|1|v8,SMPL001|202604|202605|equities|VOLUME|1
SMPL001|202604|202605|jpmcap|BILLABLE_DAYS|1|v8,SMPL001|202604|202605|jpmcap|BILLABLE_DAYS|1
SMPL001|202604|202605|mutual_fund_trails|CLAWBACK|1|v8,SMPL001|202604|202605|mutual_fund_trails|CLAWBACK|1
SMPL001|202604|202605|advisory|BILLABLE_DAYS|1|v8,SMPL001|202604|202605|advisory|BILLABLE_DAYS|1
SMPL001|202604|202605|mutual_fund_trails|BILLABLE_DAYS|2|v8,SMPL001|202604|202605|mutual_fund_trails|BILLABLE_DAYS|2
SMPL001|202604|202605|mutual_fund_trails|MIX|3|v8,SMPL001|202604|202605|mutual_fund_trails|MIX|3
SMPL001|202604|202605|equities|MIX|2|v8,SMPL001|202604|202605|equities|MIX|2
SMPL001|202604|202605|__TOTAL__|MARKET|1|v8,SMPL001|202604|202605|__TOTAL__|MARKET|1
SMPL001|202604|202605|__TOTAL__|NET_FLOW|2|v8,SMPL001|202604|202605|__TOTAL__|NET_FLOW|2
SMPL001|202605|202606|structured_products|ONE_TIME|1|v8,SMPL001|202605|202606|structured_products|ONE_TIME|1
SMPL001|202605|202606|alternative_investments|TIMING|1|v8,SMPL001|202605|202606|alternative_investments|TIMING|1
SMPL001|202605|202606|unified_managed_account|ELIGIBILITY|1|v8,SMPL001|202605|202606|unified_managed_account|ELIGIBILITY|1
SMPL001|202605|202606|unified_managed_account|NEW_ACCOUNT|2|v8,SMPL001|202605|202606|unified_managed_account|NEW_ACCOUNT|2
SMPL001|202605|202606|unified_managed_account|BILLABLE_DAYS|3|v8,SMPL001|202605|202606|unified_managed_account|BILLABLE_DAYS|3
SMPL001|202605|202606|equities|VOLUME|1|v8,SMPL001|202605|202606|equities|VOLUME|1
SMPL001|202605|202606|mutual_fund_trails|CLAWBACK|1|v8,SMPL001|202605|202606|mutual_fund_trails|CLAWBACK|1
SMPL001|202605|202606|equities|MIX|2|v8,SMPL001|202605|202606|equities|MIX|2
SMPL001|202605|202606|jpmcap|BILLABLE_DAYS|1|v8,SMPL001|202605|202606|jpmcap|BILLABLE_DAYS|1
SMPL001|202605|202606|advisory|BILLABLE_DAYS|1|v8,SMPL001|202605|202606|advisory|BILLABLE_DAYS|1
SMPL001|202605|202606|mutual_fund_trails|BILLABLE_DAYS|2|v8,SMPL001|202605|202606|mutual_fund_trails|BILLABLE_DAYS|2
SMPL001|202605|202606|mutual_fund_trails|MIX|3|v8,SMPL001|202605|202606|mutual_fund_trails|MIX|3
SMPL001|202605|202606|__TOTAL__|MARKET|1|v8,SMPL001|202605|202606|__TOTAL__|MARKET|1
SMPL001|202605|202606|__TOTAL__|NET_FLOW|2|v8,SMPL001|202605|202606|__TOTAL__|NET_FLOW|2
SMPL002|202604|202605|structured_products|ONE_TIME|1|v8,SMPL002|202604|202605|structured_products|ONE_TIME|1
SMPL002|202604|202605|alternative_investments|TIMING|1|v8,SMPL002|202604|202605|alternative_investments|TIMING|1
SMPL002|202604|202605|unified_managed_account|LOST_ACCOUNT|1|v8,SMPL002|202604|202605|unified_managed_account|LOST_ACCOUNT|1
SMPL002|202604|202605|unified_managed_account|BILLABLE_DAYS|2|v8,SMPL002|202604|202605|unified_managed_account|BILLABLE_DAYS|2
SMPL002|202604|202605|equities|VOLUME|1|v8,SMPL002|202604|202605|equities|VOLUME|1
SMPL002|202604|202605|mutual_fund_trails|CLAWBACK|1|v8,SMPL002|202604|202605|mutual_fund_trails|CLAWBACK|1
SMPL002|202604|202605|jpmcap|BILLABLE_DAYS|1|v8,SMPL002|202604|202605|jpmcap|BILLABLE_DAYS|1
SMPL002|202604|202605|advisory|BILLABLE_DAYS|1|v8,SMPL002|202604|202605|advisory|BILLABLE_DAYS|1
SMPL002|202604|202605|mutual_fund_trails|BILLABLE_DAYS|2|v8,SMPL002|202604|202605|mutual_fund_trails|BILLABLE_DAYS|2
SMPL002|202604|202605|mutual_fund_trails|MIX|3|v8,SMPL002|202604|202605|mutual_fund_trails|MIX|3
SMPL002|202604|202605|equities|MIX|2|v8,SMPL002|202604|202605|equities|MIX|2
SMPL002|202604|202605|unified_managed_account|MIX|3|v8,SMPL002|202604|202605|unified_managed_account|MIX|3
SMPL002|202604|202605|__TOTAL__|MARKET|1|v8,SMPL002|202604|202605|__TOTAL__|MARKET|1
SMPL002|202604|202605|__TOTAL__|NET_FLOW|2|v8,SMPL002|202604|202605|__TOTAL__|NET_FLOW|2
SMPL002|202605|202606|structured_products|ONE_TIME|1|v8,SMPL002|202605|202606|structured_products|ONE_TIME|1
SMPL002|202605|202606|alternative_investments|TIMING|1|v8,SMPL002|202605|202606|alternative_investments|TIMING|1
SMPL002|202605|202606|unified_managed_account|NEW_ACCOUNT|1|v8,SMPL002|202605|202606|unified_managed_account|NEW_ACCOUNT|1
SMPL002|202605|202606|unified_managed_account|FEE_RATE|2|v8,SMPL002|202605|202606|unified_managed_account|FEE_RATE|2
SMPL002|202605|202606|unified_managed_account|BILLABLE_DAYS|3|v8,SMPL002|202605|202606|unified_managed_account|BILLABLE_DAYS|3
SMPL002|202605|202606|equities|VOLUME|1|v8,SMPL002|202605|202606|equities|VOLUME|1
SMPL002|202605|202606|mutual_fund_trails|CLAWBACK|1|v8,SMPL002|202605|202606|mutual_fund_trails|CLAWBACK|1
SMPL002|202605|202606|jpmcap|BILLABLE_DAYS|1|v8,SMPL002|202605|202606|jpmcap|BILLABLE_DAYS|1
SMPL002|202605|202606|advisory|BILLABLE_DAYS|1|v8,SMPL002|202605|202606|advisory|BILLABLE_DAYS|1
SMPL002|202605|202606|mutual_fund_trails|BILLABLE_DAYS|2|v8,SMPL002|202605|202606|mutual_fund_trails|BILLABLE_DAYS|2
SMPL002|202605|202606|mutual_fund_trails|MIX|3|v8,SMPL002|202605|202606|mutual_fund_trails|MIX|3
SMPL002|202605|202606|unified_managed_account|MIX|4|v8,SMPL002|202605|202606|unified_managed_account|MIX|4
SMPL002|202605|202606|equities|MIX|2|v8,SMPL002|202605|202606|equities|MIX|2
SMPL002|202605|202606|__TOTAL__|MARKET|1|v8,SMPL002|202605|202606|__TOTAL__|MARKET|1
SMPL002|202605|202606|__TOTAL__|NET_FLOW|2|v8,SMPL002|202605|202606|__TOTAL__|NET_FLOW|2
SMPL003|202604|202605|structured_products|ONE_TIME|1|v8,SMPL003|202604|202605|structured_products|ONE_TIME|1
SMPL003|202604|202605|alternative_investments|TIMING|1|v8,SMPL003|202604|202605|alternative_investments|TIMING|1
SMPL003|202604|202605|unified_managed_account|LOST_ACCOUNT|1|v8,SMPL003|202604|202605|unified_managed_account|LOST_ACCOUNT|1
SMPL003|202604|202605|annuities|LOST_ACCOUNT|1|v8,SMPL003|202604|202605|annuities|LOST_ACCOUNT|1
SMPL003|202604|202605|unified_managed_account|BILLABLE_DAYS|2|v8,SMPL003|202604|202605|unified_managed_account|BILLABLE_DAYS|2
SMPL003|202604|202605|unified_managed_account|LATE_PROCESSING|3|v8,SMPL003|202604|202605|unified_managed_account|LATE_PROCESSING|3
SMPL003|202604|202605|mutual_fund_trails|EXCLUDED_CHANGE|1|v8,SMPL003|202604|202605|mutual_fund_trails|EXCLUDED_CHANGE|1
SMPL003|202604|202605|equities|VOLUME|1|v8,SMPL003|202604|202605|equities|VOLUME|1
SMPL003|202604|202605|mutual_fund_trails|CLAWBACK|2|v8,SMPL003|202604|202605|mutual_fund_trails|CLAWBACK|2
SMPL003|202604|202605|jpmcap|BILLABLE_DAYS|1|v8,SMPL003|202604|202605|jpmcap|BILLABLE_DAYS|1
SMPL003|202604|202605|advisory|BILLABLE_DAYS|1|v8,SMPL003|202604|202605|advisory|BILLABLE_DAYS|1
SMPL003|202604|202605|mutual_fund_trails|BILLABLE_DAYS|3|v8,SMPL003|202604|202605|mutual_fund_trails|BILLABLE_DAYS|3
SMPL003|202604|202605|mutual_fund_trails|MIX|4|v8,SMPL003|202604|202605|mutual_fund_trails|MIX|4
SMPL003|202604|202605|equities|MIX|2|v8,SMPL003|202604|202605|equities|MIX|2
SMPL003|202604|202605|unified_managed_account|MIX|4|v8,SMPL003|202604|202605|unified_managed_account|MIX|4
SMPL003|202604|202605|__TOTAL__|MARKET|1|v8,SMPL003|202604|202605|__TOTAL__|MARKET|1
SMPL003|202604|202605|__TOTAL__|NET_FLOW|2|v8,SMPL003|202604|202605|__TOTAL__|NET_FLOW|2
SMPL003|202605|202606|structured_products|ONE_TIME|1|v8,SMPL003|202605|202606|structured_products|ONE_TIME|1
SMPL003|202605|202606|alternative_investments|TIMING|1|v8,SMPL003|202605|202606|alternative_investments|TIMING|1
SMPL003|202605|202606|unified_managed_account|NEW_ACCOUNT|1|v8,SMPL003|202605|202606|unified_managed_account|NEW_ACCOUNT|1
SMPL003|202605|202606|unified_managed_account|DISCOUNT|2|v8,SMPL003|202605|202606|unified_managed_account|DISCOUNT|2
SMPL003|202605|202606|unified_managed_account|BILLABLE_DAYS|3|v8,SMPL003|202605|202606|unified_managed_account|BILLABLE_DAYS|3
SMPL003|202605|202606|equities|VOLUME|1|v8,SMPL003|202605|202606|equities|VOLUME|1
SMPL003|202605|202606|mutual_fund_trails|CLAWBACK|1|v8,SMPL003|202605|202606|mutual_fund_trails|CLAWBACK|1
SMPL003|202605|202606|jpmcap|BILLABLE_DAYS|1|v8,SMPL003|202605|202606|jpmcap|BILLABLE_DAYS|1
SMPL003|202605|202606|advisory|BILLABLE_DAYS|1|v8,SMPL003|202605|202606|advisory|BILLABLE_DAYS|1
SMPL003|202605|202606|equities|MIX|2|v8,SMPL003|202605|202606|equities|MIX|2
SMPL003|202605|202606|mutual_fund_trails|BILLABLE_DAYS|2|v8,SMPL003|202605|202606|mutual_fund_trails|BILLABLE_DAYS|2
SMPL003|202605|202606|mutual_fund_trails|MIX|3|v8,SMPL003|202605|202606|mutual_fund_trails|MIX|3
SMPL003|202605|202606|unified_managed_account|MIX|4|v8,SMPL003|202605|202606|unified_managed_account|MIX|4
SMPL003|202605|202606|__TOTAL__|MARKET|1|v8,SMPL003|202605|202606|__TOTAL__|MARKET|1
SMPL003|202605|202606|__TOTAL__|NET_FLOW|2|v8,SMPL003|202605|202606|__TOTAL__|NET_FLOW|2
SMPL001|202604|202605|structured_products|ONE_TIME|1|v9,SMPL001|202604|202605|structured_products|ONE_TIME|1
SMPL001|202604|202605|alternative_investments|TIMING|1|v9,SMPL001|202604|202605|alternative_investments|TIMING|1
SMPL001|202604|202605|unified_managed_account|LOST_ACCOUNT|1|v9,SMPL001|202604|202605|unified_managed_account|LOST_ACCOUNT|1
SMPL001|202604|202605|unified_managed_account|BILLABLE_DAYS|2|v9,SMPL001|202604|202605|unified_managed_account|BILLABLE_DAYS|2
SMPL001|202604|202605|equities|VOLUME|1|v9,SMPL001|202604|202605|equities|VOLUME|1
SMPL001|202604|202605|jpmcap|BILLABLE_DAYS|1|v9,SMPL001|202604|202605|jpmcap|BILLABLE_DAYS|1
SMPL001|202604|202605|mutual_fund_trails|CLAWBACK|1|v9,SMPL001|202604|202605|mutual_fund_trails|CLAWBACK|1
SMPL001|202604|202605|advisory|BILLABLE_DAYS|1|v9,SMPL001|202604|202605|advisory|BILLABLE_DAYS|1
SMPL001|202604|202605|mutual_fund_trails|BILLABLE_DAYS|2|v9,SMPL001|202604|202605|mutual_fund_trails|BILLABLE_DAYS|2
SMPL001|202604|202605|mutual_fund_trails|MIX|3|v9,SMPL001|202604|202605|mutual_fund_trails|MIX|3
SMPL001|202604|202605|equities|MIX|2|v9,SMPL001|202604|202605|equities|MIX|2
SMPL001|202604|202605|__TOTAL__|MARKET|1|v9,SMPL001|202604|202605|__TOTAL__|MARKET|1
SMPL001|202604|202605|__TOTAL__|NET_FLOW|2|v9,SMPL001|202604|202605|__TOTAL__|NET_FLOW|2
SMPL001|202605|202606|structured_products|ONE_TIME|1|v9,SMPL001|202605|202606|structured_products|ONE_TIME|1
SMPL001|202605|202606|alternative_investments|TIMING|1|v9,SMPL001|202605|202606|alternative_investments|TIMING|1
SMPL001|202605|202606|unified_managed_account|ELIGIBILITY|1|v9,SMPL001|202605|202606|unified_managed_account|ELIGIBILITY|1
SMPL001|202605|202606|unified_managed_account|NEW_ACCOUNT|2|v9,SMPL001|202605|202606|unified_managed_account|NEW_ACCOUNT|2
SMPL001|202605|202606|unified_managed_account|BILLABLE_DAYS|3|v9,SMPL001|202605|202606|unified_managed_account|BILLABLE_DAYS|3
SMPL001|202605|202606|equities|VOLUME|1|v9,SMPL001|202605|202606|equities|VOLUME|1
SMPL001|202605|202606|mutual_fund_trails|CLAWBACK|1|v9,SMPL001|202605|202606|mutual_fund_trails|CLAWBACK|1
SMPL001|202605|202606|equities|MIX|2|v9,SMPL001|202605|202606|equities|MIX|2
SMPL001|202605|202606|jpmcap|BILLABLE_DAYS|1|v9,SMPL001|202605|202606|jpmcap|BILLABLE_DAYS|1
SMPL001|202605|202606|advisory|BILLABLE_DAYS|1|v9,SMPL001|202605|202606|advisory|BILLABLE_DAYS|1
SMPL001|202605|202606|mutual_fund_trails|BILLABLE_DAYS|2|v9,SMPL001|202605|202606|mutual_fund_trails|BILLABLE_DAYS|2
SMPL001|202605|202606|mutual_fund_trails|MIX|3|v9,SMPL001|202605|202606|mutual_fund_trails|MIX|3
SMPL001|202605|202606|__TOTAL__|MARKET|1|v9,SMPL001|202605|202606|__TOTAL__|MARKET|1
SMPL001|202605|202606|__TOTAL__|NET_FLOW|2|v9,SMPL001|202605|202606|__TOTAL__|NET_FLOW|2
SMPL002|202604|202605|structured_products|ONE_TIME|1|v9,SMPL002|202604|202605|structured_products|ONE_TIME|1
SMPL002|202604|202605|alternative_investments|TIMING|1|v9,SMPL002|202604|202605|alternative_investments|TIMING|1
SMPL002|202604|202605|unified_managed_account|LOST_ACCOUNT|1|v9,SMPL002|202604|202605|unified_managed_account|LOST_ACCOUNT|1
SMPL002|202604|202605|unified_managed_account|BILLABLE_DAYS|2|v9,SMPL002|202604|202605|unified_managed_account|BILLABLE_DAYS|2
SMPL002|202604|202605|equities|VOLUME|1|v9,SMPL002|202604|202605|equities|VOLUME|1
SMPL002|202604|202605|mutual_fund_trails|CLAWBACK|1|v9,SMPL002|202604|202605|mutual_fund_trails|CLAWBACK|1
SMPL002|202604|202605|jpmcap|BILLABLE_DAYS|1|v9,SMPL002|202604|202605|jpmcap|BILLABLE_DAYS|1
SMPL002|202604|202605|advisory|BILLABLE_DAYS|1|v9,SMPL002|202604|202605|advisory|BILLABLE_DAYS|1
SMPL002|202604|202605|mutual_fund_trails|BILLABLE_DAYS|2|v9,SMPL002|202604|202605|mutual_fund_trails|BILLABLE_DAYS|2
SMPL002|202604|202605|mutual_fund_trails|MIX|3|v9,SMPL002|202604|202605|mutual_fund_trails|MIX|3
SMPL002|202604|202605|equities|MIX|2|v9,SMPL002|202604|202605|equities|MIX|2
SMPL002|202604|202605|unified_managed_account|MIX|3|v9,SMPL002|202604|202605|unified_managed_account|MIX|3
SMPL002|202604|202605|__TOTAL__|MARKET|1|v9,SMPL002|202604|202605|__TOTAL__|MARKET|1
SMPL002|202604|202605|__TOTAL__|NET_FLOW|2|v9,SMPL002|202604|202605|__TOTAL__|NET_FLOW|2
SMPL002|202605|202606|structured_products|ONE_TIME|1|v9,SMPL002|202605|202606|structured_products|ONE_TIME|1
SMPL002|202605|202606|alternative_investments|TIMING|1|v9,SMPL002|202605|202606|alternative_investments|TIMING|1
SMPL002|202605|202606|unified_managed_account|NEW_ACCOUNT|1|v9,SMPL002|202605|202606|unified_managed_account|NEW_ACCOUNT|1
SMPL002|202605|202606|unified_managed_account|FEE_RATE|2|v9,SMPL002|202605|202606|unified_managed_account|FEE_RATE|2
SMPL002|202605|202606|unified_managed_account|BILLABLE_DAYS|3|v9,SMPL002|202605|202606|unified_managed_account|BILLABLE_DAYS|3
SMPL002|202605|202606|equities|VOLUME|1|v9,SMPL002|202605|202606|equities|VOLUME|1
SMPL002|202605|202606|mutual_fund_trails|CLAWBACK|1|v9,SMPL002|202605|202606|mutual_fund_trails|CLAWBACK|1
SMPL002|202605|202606|jpmcap|BILLABLE_DAYS|1|v9,SMPL002|202605|202606|jpmcap|BILLABLE_DAYS|1
SMPL002|202605|202606|advisory|BILLABLE_DAYS|1|v9,SMPL002|202605|202606|advisory|BILLABLE_DAYS|1
SMPL002|202605|202606|mutual_fund_trails|BILLABLE_DAYS|2|v9,SMPL002|202605|202606|mutual_fund_trails|BILLABLE_DAYS|2
SMPL002|202605|202606|mutual_fund_trails|MIX|3|v9,SMPL002|202605|202606|mutual_fund_trails|MIX|3
SMPL002|202605|202606|unified_managed_account|MIX|4|v9,SMPL002|202605|202606|unified_managed_account|MIX|4
SMPL002|202605|202606|equities|MIX|2|v9,SMPL002|202605|202606|equities|MIX|2
SMPL002|202605|202606|__TOTAL__|MARKET|1|v9,SMPL002|202605|202606|__TOTAL__|MARKET|1
SMPL002|202605|202606|__TOTAL__|NET_FLOW|2|v9,SMPL002|202605|202606|__TOTAL__|NET_FLOW|2
SMPL003|202604|202605|structured_products|ONE_TIME|1|v9,SMPL003|202604|202605|structured_products|ONE_TIME|1
SMPL003|202604|202605|alternative_investments|TIMING|1|v9,SMPL003|202604|202605|alternative_investments|TIMING|1
SMPL003|202604|202605|unified_managed_account|LOST_ACCOUNT|1|v9,SMPL003|202604|202605|unified_managed_account|LOST_ACCOUNT|1
SMPL003|202604|202605|annuities|LOST_ACCOUNT|1|v9,SMPL003|202604|202605|annuities|LOST_ACCOUNT|1
SMPL003|202604|202605|unified_managed_account|BILLABLE_DAYS|2|v9,SMPL003|202604|202605|unified_managed_account|BILLABLE_DAYS|2
SMPL003|202604|202605|unified_managed_account|LATE_PROCESSING|3|v9,SMPL003|202604|202605|unified_managed_account|LATE_PROCESSING|3
SMPL003|202604|202605|mutual_fund_trails|EXCLUDED_CHANGE|1|v9,SMPL003|202604|202605|mutual_fund_trails|EXCLUDED_CHANGE|1
SMPL003|202604|202605|equities|VOLUME|1|v9,SMPL003|202604|202605|equities|VOLUME|1
SMPL003|202604|202605|mutual_fund_trails|CLAWBACK|2|v9,SMPL003|202604|202605|mutual_fund_trails|CLAWBACK|2
SMPL003|202604|202605|jpmcap|BILLABLE_DAYS|1|v9,SMPL003|202604|202605|jpmcap|BILLABLE_DAYS|1
SMPL003|202604|202605|advisory|BILLABLE_DAYS|1|v9,SMPL003|202604|202605|advisory|BILLABLE_DAYS|1
SMPL003|202604|202605|mutual_fund_trails|BILLABLE_DAYS|3|v9,SMPL003|202604|202605|mutual_fund_trails|BILLABLE_DAYS|3
SMPL003|202604|202605|mutual_fund_trails|MIX|4|v9,SMPL003|202604|202605|mutual_fund_trails|MIX|4
SMPL003|202604|202605|equities|MIX|2|v9,SMPL003|202604|202605|equities|MIX|2
SMPL003|202604|202605|unified_managed_account|MIX|4|v9,SMPL003|202604|202605|unified_managed_account|MIX|4
SMPL003|202604|202605|__TOTAL__|MARKET|1|v9,SMPL003|202604|202605|__TOTAL__|MARKET|1
SMPL003|202604|202605|__TOTAL__|NET_FLOW|2|v9,SMPL003|202604|202605|__TOTAL__|NET_FLOW|2
SMPL003|202605|202606|structured_products|ONE_TIME|1|v9,SMPL003|202605|202606|structured_products|ONE_TIME|1
SMPL003|202605|202606|alternative_investments|TIMING|1|v9,SMPL003|202605|202606|alternative_investments|TIMING|1
SMPL003|202605|202606|unified_managed_account|NEW_ACCOUNT|1|v9,SMPL003|202605|202606|unified_managed_account|NEW_ACCOUNT|1
SMPL003|202605|202606|unified_managed_account|DISCOUNT|2|v9,SMPL003|202605|202606|unified_managed_account|DISCOUNT|2
SMPL003|202605|202606|unified_managed_account|BILLABLE_DAYS|3|v9,SMPL003|202605|202606|unified_managed_account|BILLABLE_DAYS|3
SMPL003|202605|202606|equities|VOLUME|1|v9,SMPL003|202605|202606|equities|VOLUME|1
SMPL003|202605|202606|mutual_fund_trails|CLAWBACK|1|v9,SMPL003|202605|202606|mutual_fund_trails|CLAWBACK|1
SMPL003|202605|202606|jpmcap|BILLABLE_DAYS|1|v9,SMPL003|202605|202606|jpmcap|BILLABLE_DAYS|1
SMPL003|202605|202606|advisory|BILLABLE_DAYS|1|v9,SMPL003|202605|202606|advisory|BILLABLE_DAYS|1
SMPL003|202605|202606|equities|MIX|2|v9,SMPL003|202605|202606|equities|MIX|2
SMPL003|202605|202606|mutual_fund_trails|BILLABLE_DAYS|2|v9,SMPL003|202605|202606|mutual_fund_trails|BILLABLE_DAYS|2
SMPL003|202605|202606|mutual_fund_trails|MIX|3|v9,SMPL003|202605|202606|mutual_fund_trails|MIX|3
SMPL003|202605|202606|unified_managed_account|MIX|4|v9,SMPL003|202605|202606|unified_managed_account|MIX|4
SMPL003|202605|202606|__TOTAL__|MARKET|1|v9,SMPL003|202605|202606|__TOTAL__|MARKET|1
SMPL003|202605|202606|__TOTAL__|NET_FLOW|2|v9,SMPL003|202605|202606|__TOTAL__|NET_FLOW|2
SMPL001|202604|202605|structured_products|ONE_TIME|1|v10,SMPL001|202604|202605|structured_products|ONE_TIME|1
SMPL001|202604|202605|alternative_investments|TIMING|1|v10,SMPL001|202604|202605|alternative_investments|TIMING|1
SMPL001|202604|202605|unified_managed_account|LOST_ACCOUNT|1|v10,SMPL001|202604|202605|unified_managed_account|LOST_ACCOUNT|1
SMPL001|202604|202605|unified_managed_account|BILLABLE_DAYS|2|v10,SMPL001|202604|202605|unified_managed_account|BILLABLE_DAYS|2
SMPL001|202604|202605|equities|VOLUME|1|v10,SMPL001|202604|202605|equities|VOLUME|1
SMPL001|202604|202605|jpmcap|BILLABLE_DAYS|1|v10,SMPL001|202604|202605|jpmcap|BILLABLE_DAYS|1
SMPL001|202604|202605|mutual_fund_trails|CLAWBACK|1|v10,SMPL001|202604|202605|mutual_fund_trails|CLAWBACK|1
SMPL001|202604|202605|advisory|BILLABLE_DAYS|1|v10,SMPL001|202604|202605|advisory|BILLABLE_DAYS|1
SMPL001|202604|202605|mutual_fund_trails|BILLABLE_DAYS|2|v10,SMPL001|202604|202605|mutual_fund_trails|BILLABLE_DAYS|2
SMPL001|202604|202605|mutual_fund_trails|MIX|3|v10,SMPL001|202604|202605|mutual_fund_trails|MIX|3
SMPL001|202604|202605|equities|MIX|2|v10,SMPL001|202604|202605|equities|MIX|2
SMPL001|202604|202605|__TOTAL__|MARKET|1|v10,SMPL001|202604|202605|__TOTAL__|MARKET|1
SMPL001|202604|202605|__TOTAL__|NET_FLOW|2|v10,SMPL001|202604|202605|__TOTAL__|NET_FLOW|2
SMPL001|202605|202606|structured_products|ONE_TIME|1|v10,SMPL001|202605|202606|structured_products|ONE_TIME|1
SMPL001|202605|202606|alternative_investments|TIMING|1|v10,SMPL001|202605|202606|alternative_investments|TIMING|1
SMPL001|202605|202606|unified_managed_account|ELIGIBILITY|1|v10,SMPL001|202605|202606|unified_managed_account|ELIGIBILITY|1
SMPL001|202605|202606|unified_managed_account|NEW_ACCOUNT|2|v10,SMPL001|202605|202606|unified_managed_account|NEW_ACCOUNT|2
SMPL001|202605|202606|unified_managed_account|BILLABLE_DAYS|3|v10,SMPL001|202605|202606|unified_managed_account|BILLABLE_DAYS|3
SMPL001|202605|202606|equities|VOLUME|1|v10,SMPL001|202605|202606|equities|VOLUME|1
SMPL001|202605|202606|mutual_fund_trails|CLAWBACK|1|v10,SMPL001|202605|202606|mutual_fund_trails|CLAWBACK|1
SMPL001|202605|202606|equities|MIX|2|v10,SMPL001|202605|202606|equities|MIX|2
SMPL001|202605|202606|jpmcap|BILLABLE_DAYS|1|v10,SMPL001|202605|202606|jpmcap|BILLABLE_DAYS|1
SMPL001|202605|202606|advisory|BILLABLE_DAYS|1|v10,SMPL001|202605|202606|advisory|BILLABLE_DAYS|1
SMPL001|202605|202606|mutual_fund_trails|BILLABLE_DAYS|2|v10,SMPL001|202605|202606|mutual_fund_trails|BILLABLE_DAYS|2
SMPL001|202605|202606|mutual_fund_trails|MIX|3|v10,SMPL001|202605|202606|mutual_fund_trails|MIX|3
SMPL001|202605|202606|__TOTAL__|MARKET|1|v10,SMPL001|202605|202606|__TOTAL__|MARKET|1
SMPL001|202605|202606|__TOTAL__|NET_FLOW|2|v10,SMPL001|202605|202606|__TOTAL__|NET_FLOW|2
SMPL002|202604|202605|structured_products|ONE_TIME|1|v10,SMPL002|202604|202605|structured_products|ONE_TIME|1
SMPL002|202604|202605|alternative_investments|TIMING|1|v10,SMPL002|202604|202605|alternative_investments|TIMING|1
SMPL002|202604|202605|unified_managed_account|LOST_ACCOUNT|1|v10,SMPL002|202604|202605|unified_managed_account|LOST_ACCOUNT|1
SMPL002|202604|202605|unified_managed_account|BILLABLE_DAYS|2|v10,SMPL002|202604|202605|unified_managed_account|BILLABLE_DAYS|2
SMPL002|202604|202605|equities|VOLUME|1|v10,SMPL002|202604|202605|equities|VOLUME|1
SMPL002|202604|202605|mutual_fund_trails|CLAWBACK|1|v10,SMPL002|202604|202605|mutual_fund_trails|CLAWBACK|1
SMPL002|202604|202605|jpmcap|BILLABLE_DAYS|1|v10,SMPL002|202604|202605|jpmcap|BILLABLE_DAYS|1
SMPL002|202604|202605|advisory|BILLABLE_DAYS|1|v10,SMPL002|202604|202605|advisory|BILLABLE_DAYS|1
SMPL002|202604|202605|mutual_fund_trails|BILLABLE_DAYS|2|v10,SMPL002|202604|202605|mutual_fund_trails|BILLABLE_DAYS|2
SMPL002|202604|202605|mutual_fund_trails|MIX|3|v10,SMPL002|202604|202605|mutual_fund_trails|MIX|3
SMPL002|202604|202605|equities|MIX|2|v10,SMPL002|202604|202605|equities|MIX|2
SMPL002|202604|202605|unified_managed_account|MIX|3|v10,SMPL002|202604|202605|unified_managed_account|MIX|3
SMPL002|202604|202605|__TOTAL__|MARKET|1|v10,SMPL002|202604|202605|__TOTAL__|MARKET|1
SMPL002|202604|202605|__TOTAL__|NET_FLOW|2|v10,SMPL002|202604|202605|__TOTAL__|NET_FLOW|2
SMPL002|202605|202606|structured_products|ONE_TIME|1|v10,SMPL002|202605|202606|structured_products|ONE_TIME|1
SMPL002|202605|202606|alternative_investments|TIMING|1|v10,SMPL002|202605|202606|alternative_investments|TIMING|1
SMPL002|202605|202606|unified_managed_account|NEW_ACCOUNT|1|v10,SMPL002|202605|202606|unified_managed_account|NEW_ACCOUNT|1
SMPL002|202605|202606|unified_managed_account|FEE_RATE|2|v10,SMPL002|202605|202606|unified_managed_account|FEE_RATE|2
SMPL002|202605|202606|unified_managed_account|BILLABLE_DAYS|3|v10,SMPL002|202605|202606|unified_managed_account|BILLABLE_DAYS|3
SMPL002|202605|202606|equities|VOLUME|1|v10,SMPL002|202605|202606|equities|VOLUME|1
SMPL002|202605|202606|mutual_fund_trails|CLAWBACK|1|v10,SMPL002|202605|202606|mutual_fund_trails|CLAWBACK|1
SMPL002|202605|202606|jpmcap|BILLABLE_DAYS|1|v10,SMPL002|202605|202606|jpmcap|BILLABLE_DAYS|1
SMPL002|202605|202606|advisory|BILLABLE_DAYS|1|v10,SMPL002|202605|202606|advisory|BILLABLE_DAYS|1
SMPL002|202605|202606|mutual_fund_trails|BILLABLE_DAYS|2|v10,SMPL002|202605|202606|mutual_fund_trails|BILLABLE_DAYS|2
SMPL002|202605|202606|mutual_fund_trails|MIX|3|v10,SMPL002|202605|202606|mutual_fund_trails|MIX|3
SMPL002|202605|202606|unified_managed_account|MIX|4|v10,SMPL002|202605|202606|unified_managed_account|MIX|4
SMPL002|202605|202606|equities|MIX|2|v10,SMPL002|202605|202606|equities|MIX|2
SMPL002|202605|202606|__TOTAL__|MARKET|1|v10,SMPL002|202605|202606|__TOTAL__|MARKET|1
SMPL002|202605|202606|__TOTAL__|NET_FLOW|2|v10,SMPL002|202605|202606|__TOTAL__|NET_FLOW|2
SMPL003|202604|202605|structured_products|ONE_TIME|1|v10,SMPL003|202604|202605|structured_products|ONE_TIME|1
SMPL003|202604|202605|alternative_investments|TIMING|1|v10,SMPL003|202604|202605|alternative_investments|TIMING|1
SMPL003|202604|202605|unified_managed_account|LOST_ACCOUNT|1|v10,SMPL003|202604|202605|unified_managed_account|LOST_ACCOUNT|1
SMPL003|202604|202605|annuities|LOST_ACCOUNT|1|v10,SMPL003|202604|202605|annuities|LOST_ACCOUNT|1
SMPL003|202604|202605|unified_managed_account|BILLABLE_DAYS|2|v10,SMPL003|202604|202605|unified_managed_account|BILLABLE_DAYS|2
SMPL003|202604|202605|unified_managed_account|LATE_PROCESSING|3|v10,SMPL003|202604|202605|unified_managed_account|LATE_PROCESSING|3
SMPL003|202604|202605|mutual_fund_trails|EXCLUDED_CHANGE|1|v10,SMPL003|202604|202605|mutual_fund_trails|EXCLUDED_CHANGE|1
SMPL003|202604|202605|equities|VOLUME|1|v10,SMPL003|202604|202605|equities|VOLUME|1
SMPL003|202604|202605|mutual_fund_trails|CLAWBACK|2|v10,SMPL003|202604|202605|mutual_fund_trails|CLAWBACK|2
SMPL003|202604|202605|jpmcap|BILLABLE_DAYS|1|v10,SMPL003|202604|202605|jpmcap|BILLABLE_DAYS|1
SMPL003|202604|202605|advisory|BILLABLE_DAYS|1|v10,SMPL003|202604|202605|advisory|BILLABLE_DAYS|1
SMPL003|202604|202605|mutual_fund_trails|BILLABLE_DAYS|3|v10,SMPL003|202604|202605|mutual_fund_trails|BILLABLE_DAYS|3
SMPL003|202604|202605|mutual_fund_trails|MIX|4|v10,SMPL003|202604|202605|mutual_fund_trails|MIX|4
SMPL003|202604|202605|equities|MIX|2|v10,SMPL003|202604|202605|equities|MIX|2
SMPL003|202604|202605|unified_managed_account|MIX|4|v10,SMPL003|202604|202605|unified_managed_account|MIX|4
SMPL003|202604|202605|__TOTAL__|MARKET|1|v10,SMPL003|202604|202605|__TOTAL__|MARKET|1
SMPL003|202604|202605|__TOTAL__|NET_FLOW|2|v10,SMPL003|202604|202605|__TOTAL__|NET_FLOW|2
SMPL003|202605|202606|structured_products|ONE_TIME|1|v10,SMPL003|202605|202606|structured_products|ONE_TIME|1
SMPL003|202605|202606|alternative_investments|TIMING|1|v10,SMPL003|202605|202606|alternative_investments|TIMING|1
SMPL003|202605|202606|unified_managed_account|NEW_ACCOUNT|1|v10,SMPL003|202605|202606|unified_managed_account|NEW_ACCOUNT|1
SMPL003|202605|202606|unified_managed_account|DISCOUNT|2|v10,SMPL003|202605|202606|unified_managed_account|DISCOUNT|2
SMPL003|202605|202606|unified_managed_account|BILLABLE_DAYS|3|v10,SMPL003|202605|202606|unified_managed_account|BILLABLE_DAYS|3
SMPL003|202605|202606|equities|VOLUME|1|v10,SMPL003|202605|202606|equities|VOLUME|1
SMPL003|202605|202606|mutual_fund_trails|CLAWBACK|1|v10,SMPL003|202605|202606|mutual_fund_trails|CLAWBACK|1
SMPL003|202605|202606|jpmcap|BILLABLE_DAYS|1|v10,SMPL003|202605|202606|jpmcap|BILLABLE_DAYS|1
SMPL003|202605|202606|advisory|BILLABLE_DAYS|1|v10,SMPL003|202605|202606|advisory|BILLABLE_DAYS|1
SMPL003|202605|202606|equities|MIX|2|v10,SMPL003|202605|202606|equities|MIX|2
SMPL003|202605|202606|mutual_fund_trails|BILLABLE_DAYS|2|v10,SMPL003|202605|202606|mutual_fund_trails|BILLABLE_DAYS|2
SMPL003|202605|202606|mutual_fund_trails|MIX|3|v10,SMPL003|202605|202606|mutual_fund_trails|MIX|3
SMPL003|202605|202606|unified_managed_account|MIX|4|v10,SMPL003|202605|202606|unified_managed_account|MIX|4
SMPL003|202605|202606|__TOTAL__|MARKET|1|v10,SMPL003|202605|202606|__TOTAL__|MARKET|1
SMPL003|202605|202606|__TOTAL__|NET_FLOW|2|v10,SMPL003|202605|202606|__TOTAL__|NET_FLOW|2
SMPL001|202604|202605|structured_products|ONE_TIME|1|v11,SMPL001|202604|202605|structured_products|ONE_TIME|1
SMPL001|202604|202605|alternative_investments|TIMING|1|v11,SMPL001|202604|202605|alternative_investments|TIMING|1
SMPL001|202604|202605|unified_managed_account|BASELINE_LIMITED|1|v11,SMPL001|202604|202605|unified_managed_account|BASELINE_LIMITED|1
SMPL001|202604|202605|unified_managed_account|BILLABLE_DAYS|2|v11,SMPL001|202604|202605|unified_managed_account|BILLABLE_DAYS|2
SMPL001|202604|202605|equities|VOLUME|1|v11,SMPL001|202604|202605|equities|VOLUME|1
SMPL001|202604|202605|jpmcap|BILLABLE_DAYS|1|v11,SMPL001|202604|202605|jpmcap|BILLABLE_DAYS|1
SMPL001|202604|202605|mutual_fund_trails|CLAWBACK|1|v11,SMPL001|202604|202605|mutual_fund_trails|CLAWBACK|1
SMPL001|202604|202605|advisory|BILLABLE_DAYS|1|v11,SMPL001|202604|202605|advisory|BILLABLE_DAYS|1
SMPL001|202604|202605|mutual_fund_trails|BILLABLE_DAYS|2|v11,SMPL001|202604|202605|mutual_fund_trails|BILLABLE_DAYS|2
SMPL001|202604|202605|mutual_fund_trails|MIX|3|v11,SMPL001|202604|202605|mutual_fund_trails|MIX|3
SMPL001|202604|202605|equities|MIX|2|v11,SMPL001|202604|202605|equities|MIX|2
SMPL001|202604|202605|__TOTAL__|MARKET|1|v11,SMPL001|202604|202605|__TOTAL__|MARKET|1
SMPL001|202604|202605|__TOTAL__|NET_FLOW|2|v11,SMPL001|202604|202605|__TOTAL__|NET_FLOW|2
SMPL001|202605|202606|structured_products|ONE_TIME|1|v11,SMPL001|202605|202606|structured_products|ONE_TIME|1
SMPL001|202605|202606|alternative_investments|TIMING|1|v11,SMPL001|202605|202606|alternative_investments|TIMING|1
SMPL001|202605|202606|unified_managed_account|ELIGIBILITY|1|v11,SMPL001|202605|202606|unified_managed_account|ELIGIBILITY|1
SMPL001|202605|202606|unified_managed_account|NEW_ACCOUNT|2|v11,SMPL001|202605|202606|unified_managed_account|NEW_ACCOUNT|2
SMPL001|202605|202606|unified_managed_account|BILLABLE_DAYS|3|v11,SMPL001|202605|202606|unified_managed_account|BILLABLE_DAYS|3
SMPL001|202605|202606|equities|VOLUME|1|v11,SMPL001|202605|202606|equities|VOLUME|1
SMPL001|202605|202606|mutual_fund_trails|CLAWBACK|1|v11,SMPL001|202605|202606|mutual_fund_trails|CLAWBACK|1
SMPL001|202605|202606|equities|MIX|2|v11,SMPL001|202605|202606|equities|MIX|2
SMPL001|202605|202606|jpmcap|BILLABLE_DAYS|1|v11,SMPL001|202605|202606|jpmcap|BILLABLE_DAYS|1
SMPL001|202605|202606|advisory|BILLABLE_DAYS|1|v11,SMPL001|202605|202606|advisory|BILLABLE_DAYS|1
SMPL001|202605|202606|mutual_fund_trails|BILLABLE_DAYS|2|v11,SMPL001|202605|202606|mutual_fund_trails|BILLABLE_DAYS|2
SMPL001|202605|202606|mutual_fund_trails|MIX|3|v11,SMPL001|202605|202606|mutual_fund_trails|MIX|3
SMPL001|202605|202606|__TOTAL__|MARKET|1|v11,SMPL001|202605|202606|__TOTAL__|MARKET|1
SMPL001|202605|202606|__TOTAL__|NET_FLOW|2|v11,SMPL001|202605|202606|__TOTAL__|NET_FLOW|2
SMPL002|202604|202605|structured_products|ONE_TIME|1|v11,SMPL002|202604|202605|structured_products|ONE_TIME|1
SMPL002|202604|202605|alternative_investments|TIMING|1|v11,SMPL002|202604|202605|alternative_investments|TIMING|1
SMPL002|202604|202605|unified_managed_account|BASELINE_LIMITED|1|v11,SMPL002|202604|202605|unified_managed_account|BASELINE_LIMITED|1
SMPL002|202604|202605|unified_managed_account|BILLABLE_DAYS|2|v11,SMPL002|202604|202605|unified_managed_account|BILLABLE_DAYS|2
SMPL002|202604|202605|equities|VOLUME|1|v11,SMPL002|202604|202605|equities|VOLUME|1
SMPL002|202604|202605|mutual_fund_trails|CLAWBACK|1|v11,SMPL002|202604|202605|mutual_fund_trails|CLAWBACK|1
SMPL002|202604|202605|jpmcap|BILLABLE_DAYS|1|v11,SMPL002|202604|202605|jpmcap|BILLABLE_DAYS|1
SMPL002|202604|202605|advisory|BILLABLE_DAYS|1|v11,SMPL002|202604|202605|advisory|BILLABLE_DAYS|1
SMPL002|202604|202605|mutual_fund_trails|BILLABLE_DAYS|2|v11,SMPL002|202604|202605|mutual_fund_trails|BILLABLE_DAYS|2
SMPL002|202604|202605|mutual_fund_trails|MIX|3|v11,SMPL002|202604|202605|mutual_fund_trails|MIX|3
SMPL002|202604|202605|equities|MIX|2|v11,SMPL002|202604|202605|equities|MIX|2
SMPL002|202604|202605|unified_managed_account|MIX|3|v11,SMPL002|202604|202605|unified_managed_account|MIX|3
SMPL002|202604|202605|__TOTAL__|MARKET|1|v11,SMPL002|202604|202605|__TOTAL__|MARKET|1
SMPL002|202604|202605|__TOTAL__|NET_FLOW|2|v11,SMPL002|202604|202605|__TOTAL__|NET_FLOW|2
SMPL002|202605|202606|structured_products|ONE_TIME|1|v11,SMPL002|202605|202606|structured_products|ONE_TIME|1
SMPL002|202605|202606|alternative_investments|TIMING|1|v11,SMPL002|202605|202606|alternative_investments|TIMING|1
SMPL002|202605|202606|unified_managed_account|NEW_ACCOUNT|1|v11,SMPL002|202605|202606|unified_managed_account|NEW_ACCOUNT|1
SMPL002|202605|202606|unified_managed_account|FEE_RATE|2|v11,SMPL002|202605|202606|unified_managed_account|FEE_RATE|2
SMPL002|202605|202606|unified_managed_account|BILLABLE_DAYS|3|v11,SMPL002|202605|202606|unified_managed_account|BILLABLE_DAYS|3
SMPL002|202605|202606|equities|VOLUME|1|v11,SMPL002|202605|202606|equities|VOLUME|1
SMPL002|202605|202606|mutual_fund_trails|CLAWBACK|1|v11,SMPL002|202605|202606|mutual_fund_trails|CLAWBACK|1
SMPL002|202605|202606|jpmcap|BILLABLE_DAYS|1|v11,SMPL002|202605|202606|jpmcap|BILLABLE_DAYS|1
SMPL002|202605|202606|advisory|BILLABLE_DAYS|1|v11,SMPL002|202605|202606|advisory|BILLABLE_DAYS|1
SMPL002|202605|202606|mutual_fund_trails|BILLABLE_DAYS|2|v11,SMPL002|202605|202606|mutual_fund_trails|BILLABLE_DAYS|2
SMPL002|202605|202606|mutual_fund_trails|MIX|3|v11,SMPL002|202605|202606|mutual_fund_trails|MIX|3
SMPL002|202605|202606|unified_managed_account|MIX|4|v11,SMPL002|202605|202606|unified_managed_account|MIX|4
SMPL002|202605|202606|equities|MIX|2|v11,SMPL002|202605|202606|equities|MIX|2
SMPL002|202605|202606|__TOTAL__|MARKET|1|v11,SMPL002|202605|202606|__TOTAL__|MARKET|1
SMPL002|202605|202606|__TOTAL__|NET_FLOW|2|v11,SMPL002|202605|202606|__TOTAL__|NET_FLOW|2
SMPL003|202604|202605|structured_products|ONE_TIME|1|v11,SMPL003|202604|202605|structured_products|ONE_TIME|1
SMPL003|202604|202605|alternative_investments|TIMING|1|v11,SMPL003|202604|202605|alternative_investments|TIMING|1
SMPL003|202604|202605|unified_managed_account|BASELINE_LIMITED|1|v11,SMPL003|202604|202605|unified_managed_account|BASELINE_LIMITED|1
SMPL003|202604|202605|annuities|BASELINE_LIMITED|1|v11,SMPL003|202604|202605|annuities|BASELINE_LIMITED|1
SMPL003|202604|202605|unified_managed_account|BILLABLE_DAYS|2|v11,SMPL003|202604|202605|unified_managed_account|BILLABLE_DAYS|2
SMPL003|202604|202605|unified_managed_account|LATE_PROCESSING|3|v11,SMPL003|202604|202605|unified_managed_account|LATE_PROCESSING|3
SMPL003|202604|202605|mutual_fund_trails|EXCLUDED_CHANGE|1|v11,SMPL003|202604|202605|mutual_fund_trails|EXCLUDED_CHANGE|1
SMPL003|202604|202605|equities|VOLUME|1|v11,SMPL003|202604|202605|equities|VOLUME|1
SMPL003|202604|202605|mutual_fund_trails|CLAWBACK|2|v11,SMPL003|202604|202605|mutual_fund_trails|CLAWBACK|2
SMPL003|202604|202605|jpmcap|BILLABLE_DAYS|1|v11,SMPL003|202604|202605|jpmcap|BILLABLE_DAYS|1
SMPL003|202604|202605|advisory|BILLABLE_DAYS|1|v11,SMPL003|202604|202605|advisory|BILLABLE_DAYS|1
SMPL003|202604|202605|mutual_fund_trails|BILLABLE_DAYS|3|v11,SMPL003|202604|202605|mutual_fund_trails|BILLABLE_DAYS|3
SMPL003|202604|202605|mutual_fund_trails|MIX|4|v11,SMPL003|202604|202605|mutual_fund_trails|MIX|4
SMPL003|202604|202605|equities|MIX|2|v11,SMPL003|202604|202605|equities|MIX|2
SMPL003|202604|202605|unified_managed_account|MIX|4|v11,SMPL003|202604|202605|unified_managed_account|MIX|4
SMPL003|202604|202605|__TOTAL__|MARKET|1|v11,SMPL003|202604|202605|__TOTAL__|MARKET|1
SMPL003|202604|202605|__TOTAL__|NET_FLOW|2|v11,SMPL003|202604|202605|__TOTAL__|NET_FLOW|2
SMPL003|202605|202606|structured_products|ONE_TIME|1|v11,SMPL003|202605|202606|structured_products|ONE_TIME|1
SMPL003|202605|202606|alternative_investments|TIMING|1|v11,SMPL003|202605|202606|alternative_investments|TIMING|1
SMPL003|202605|202606|unified_managed_account|NEW_ACCOUNT|1|v11,SMPL003|202605|202606|unified_managed_account|NEW_ACCOUNT|1
SMPL003|202605|202606|unified_managed_account|DISCOUNT|2|v11,SMPL003|202605|202606|unified_managed_account|DISCOUNT|2
SMPL003|202605|202606|unified_managed_account|BILLABLE_DAYS|3|v11,SMPL003|202605|202606|unified_managed_account|BILLABLE_DAYS|3
SMPL003|202605|202606|equities|VOLUME|1|v11,SMPL003|202605|202606|equities|VOLUME|1
SMPL003|202605|202606|mutual_fund_trails|CLAWBACK|1|v11,SMPL003|202605|202606|mutual_fund_trails|CLAWBACK|1
SMPL003|202605|202606|jpmcap|BILLABLE_DAYS|1|v11,SMPL003|202605|202606|jpmcap|BILLABLE_DAYS|1
SMPL003|202605|202606|advisory|BILLABLE_DAYS|1|v11,SMPL003|202605|202606|advisory|BILLABLE_DAYS|1
SMPL003|202605|202606|equities|MIX|2|v11,SMPL003|202605|202606|equities|MIX|2
SMPL003|202605|202606|mutual_fund_trails|BILLABLE_DAYS|2|v11,SMPL003|202605|202606|mutual_fund_trails|BILLABLE_DAYS|2
SMPL003|202605|202606|mutual_fund_trails|MIX|3|v11,SMPL003|202605|202606|mutual_fund_trails|MIX|3
SMPL003|202605|202606|unified_managed_account|MIX|4|v11,SMPL003|202605|202606|unified_managed_account|MIX|4
SMPL003|202605|202606|__TOTAL__|MARKET|1|v11,SMPL003|202605|202606|__TOTAL__|MARKET|1
SMPL003|202605|202606|__TOTAL__|NET_FLOW|2|v11,SMPL003|202605|202606|__TOTAL__|NET_FLOW|2
SMPL001|202604|202605|structured_products|ONE_TIME|1|v12,SMPL001|202604|202605|structured_products|ONE_TIME|1
SMPL001|202604|202605|alternative_investments|TIMING|1|v12,SMPL001|202604|202605|alternative_investments|TIMING|1
SMPL001|202604|202605|unified_managed_account|BILLABLE_DAYS|1|v12,SMPL001|202604|202605|unified_managed_account|BILLABLE_DAYS|1
SMPL001|202604|202605|equities|VOLUME|1|v12,SMPL001|202604|202605|equities|VOLUME|1
SMPL001|202604|202605|jpmcap|BILLABLE_DAYS|1|v12,SMPL001|202604|202605|jpmcap|BILLABLE_DAYS|1
SMPL001|202604|202605|mutual_fund_trails|CLAWBACK|1|v12,SMPL001|202604|202605|mutual_fund_trails|CLAWBACK|1
SMPL001|202604|202605|advisory|BILLABLE_DAYS|1|v12,SMPL001|202604|202605|advisory|BILLABLE_DAYS|1
SMPL001|202604|202605|mutual_fund_trails|BILLABLE_DAYS|2|v12,SMPL001|202604|202605|mutual_fund_trails|BILLABLE_DAYS|2
SMPL001|202604|202605|mutual_fund_trails|MIX|3|v12,SMPL001|202604|202605|mutual_fund_trails|MIX|3
SMPL001|202604|202605|equities|MIX|2|v12,SMPL001|202604|202605|equities|MIX|2
SMPL001|202604|202605|__TOTAL__|MARKET|1|v12,SMPL001|202604|202605|__TOTAL__|MARKET|1
SMPL001|202604|202605|__TOTAL__|NET_FLOW|2|v12,SMPL001|202604|202605|__TOTAL__|NET_FLOW|2
SMPL001|202605|202606|structured_products|ONE_TIME|1|v12,SMPL001|202605|202606|structured_products|ONE_TIME|1
SMPL001|202605|202606|alternative_investments|TIMING|1|v12,SMPL001|202605|202606|alternative_investments|TIMING|1
SMPL001|202605|202606|unified_managed_account|ELIGIBILITY|1|v12,SMPL001|202605|202606|unified_managed_account|ELIGIBILITY|1
SMPL001|202605|202606|unified_managed_account|LOST_ACCOUNT|2|v12,SMPL001|202605|202606|unified_managed_account|LOST_ACCOUNT|2
SMPL001|202605|202606|unified_managed_account|NEW_ACCOUNT|3|v12,SMPL001|202605|202606|unified_managed_account|NEW_ACCOUNT|3
SMPL001|202605|202606|unified_managed_account|BILLABLE_DAYS|4|v12,SMPL001|202605|202606|unified_managed_account|BILLABLE_DAYS|4
SMPL001|202605|202606|equities|VOLUME|1|v12,SMPL001|202605|202606|equities|VOLUME|1
SMPL001|202605|202606|mutual_fund_trails|CLAWBACK|1|v12,SMPL001|202605|202606|mutual_fund_trails|CLAWBACK|1
SMPL001|202605|202606|equities|MIX|2|v12,SMPL001|202605|202606|equities|MIX|2
SMPL001|202605|202606|jpmcap|BILLABLE_DAYS|1|v12,SMPL001|202605|202606|jpmcap|BILLABLE_DAYS|1
SMPL001|202605|202606|advisory|BILLABLE_DAYS|1|v12,SMPL001|202605|202606|advisory|BILLABLE_DAYS|1
SMPL001|202605|202606|mutual_fund_trails|BILLABLE_DAYS|2|v12,SMPL001|202605|202606|mutual_fund_trails|BILLABLE_DAYS|2
SMPL001|202605|202606|mutual_fund_trails|MIX|3|v12,SMPL001|202605|202606|mutual_fund_trails|MIX|3
SMPL001|202605|202606|__TOTAL__|MARKET|1|v12,SMPL001|202605|202606|__TOTAL__|MARKET|1
SMPL001|202605|202606|__TOTAL__|NET_FLOW|2|v12,SMPL001|202605|202606|__TOTAL__|NET_FLOW|2
SMPL002|202604|202605|structured_products|ONE_TIME|1|v12,SMPL002|202604|202605|structured_products|ONE_TIME|1
SMPL002|202604|202605|alternative_investments|TIMING|1|v12,SMPL002|202604|202605|alternative_investments|TIMING|1
SMPL002|202604|202605|unified_managed_account|BILLABLE_DAYS|1|v12,SMPL002|202604|202605|unified_managed_account|BILLABLE_DAYS|1
SMPL002|202604|202605|equities|VOLUME|1|v12,SMPL002|202604|202605|equities|VOLUME|1
SMPL002|202604|202605|mutual_fund_trails|CLAWBACK|1|v12,SMPL002|202604|202605|mutual_fund_trails|CLAWBACK|1
SMPL002|202604|202605|jpmcap|BILLABLE_DAYS|1|v12,SMPL002|202604|202605|jpmcap|BILLABLE_DAYS|1
SMPL002|202604|202605|advisory|BILLABLE_DAYS|1|v12,SMPL002|202604|202605|advisory|BILLABLE_DAYS|1
SMPL002|202604|202605|mutual_fund_trails|BILLABLE_DAYS|2|v12,SMPL002|202604|202605|mutual_fund_trails|BILLABLE_DAYS|2
SMPL002|202604|202605|mutual_fund_trails|MIX|3|v12,SMPL002|202604|202605|mutual_fund_trails|MIX|3
SMPL002|202604|202605|equities|MIX|2|v12,SMPL002|202604|202605|equities|MIX|2
SMPL002|202604|202605|unified_managed_account|MIX|2|v12,SMPL002|202604|202605|unified_managed_account|MIX|2
SMPL002|202604|202605|__TOTAL__|MARKET|1|v12,SMPL002|202604|202605|__TOTAL__|MARKET|1
SMPL002|202604|202605|__TOTAL__|NET_FLOW|2|v12,SMPL002|202604|202605|__TOTAL__|NET_FLOW|2
SMPL002|202605|202606|structured_products|ONE_TIME|1|v12,SMPL002|202605|202606|structured_products|ONE_TIME|1
SMPL002|202605|202606|alternative_investments|TIMING|1|v12,SMPL002|202605|202606|alternative_investments|TIMING|1
SMPL002|202605|202606|unified_managed_account|LOST_ACCOUNT|1|v12,SMPL002|202605|202606|unified_managed_account|LOST_ACCOUNT|1
SMPL002|202605|202606|unified_managed_account|NEW_ACCOUNT|2|v12,SMPL002|202605|202606|unified_managed_account|NEW_ACCOUNT|2
SMPL002|202605|202606|unified_managed_account|FEE_RATE|3|v12,SMPL002|202605|202606|unified_managed_account|FEE_RATE|3
SMPL002|202605|202606|unified_managed_account|BILLABLE_DAYS|4|v12,SMPL002|202605|202606|unified_managed_account|BILLABLE_DAYS|4
SMPL002|202605|202606|equities|VOLUME|1|v12,SMPL002|202605|202606|equities|VOLUME|1
SMPL002|202605|202606|mutual_fund_trails|CLAWBACK|1|v12,SMPL002|202605|202606|mutual_fund_trails|CLAWBACK|1
SMPL002|202605|202606|jpmcap|BILLABLE_DAYS|1|v12,SMPL002|202605|202606|jpmcap|BILLABLE_DAYS|1
SMPL002|202605|202606|advisory|BILLABLE_DAYS|1|v12,SMPL002|202605|202606|advisory|BILLABLE_DAYS|1
SMPL002|202605|202606|mutual_fund_trails|BILLABLE_DAYS|2|v12,SMPL002|202605|202606|mutual_fund_trails|BILLABLE_DAYS|2
SMPL002|202605|202606|mutual_fund_trails|MIX|3|v12,SMPL002|202605|202606|mutual_fund_trails|MIX|3
SMPL002|202605|202606|unified_managed_account|MIX|5|v12,SMPL002|202605|202606|unified_managed_account|MIX|5
SMPL002|202605|202606|equities|MIX|2|v12,SMPL002|202605|202606|equities|MIX|2
SMPL002|202605|202606|__TOTAL__|MARKET|1|v12,SMPL002|202605|202606|__TOTAL__|MARKET|1
SMPL002|202605|202606|__TOTAL__|NET_FLOW|2|v12,SMPL002|202605|202606|__TOTAL__|NET_FLOW|2
SMPL003|202604|202605|structured_products|ONE_TIME|1|v12,SMPL003|202604|202605|structured_products|ONE_TIME|1
SMPL003|202604|202605|alternative_investments|TIMING|1|v12,SMPL003|202604|202605|alternative_investments|TIMING|1
SMPL003|202604|202605|annuities|ONE_TIME|1|v12,SMPL003|202604|202605|annuities|ONE_TIME|1
SMPL003|202604|202605|unified_managed_account|BILLABLE_DAYS|1|v12,SMPL003|202604|202605|unified_managed_account|BILLABLE_DAYS|1
SMPL003|202604|202605|unified_managed_account|LATE_PROCESSING|2|v12,SMPL003|202604|202605|unified_managed_account|LATE_PROCESSING|2
SMPL003|202604|202605|mutual_fund_trails|EXCLUDED_CHANGE|1|v12,SMPL003|202604|202605|mutual_fund_trails|EXCLUDED_CHANGE|1
SMPL003|202604|202605|equities|VOLUME|1|v12,SMPL003|202604|202605|equities|VOLUME|1
SMPL003|202604|202605|mutual_fund_trails|CLAWBACK|2|v12,SMPL003|202604|202605|mutual_fund_trails|CLAWBACK|2
SMPL003|202604|202605|jpmcap|BILLABLE_DAYS|1|v12,SMPL003|202604|202605|jpmcap|BILLABLE_DAYS|1
SMPL003|202604|202605|advisory|BILLABLE_DAYS|1|v12,SMPL003|202604|202605|advisory|BILLABLE_DAYS|1
SMPL003|202604|202605|mutual_fund_trails|BILLABLE_DAYS|3|v12,SMPL003|202604|202605|mutual_fund_trails|BILLABLE_DAYS|3
SMPL003|202604|202605|mutual_fund_trails|MIX|4|v12,SMPL003|202604|202605|mutual_fund_trails|MIX|4
SMPL003|202604|202605|equities|MIX|2|v12,SMPL003|202604|202605|equities|MIX|2
SMPL003|202604|202605|unified_managed_account|MIX|3|v12,SMPL003|202604|202605|unified_managed_account|MIX|3
SMPL003|202604|202605|__TOTAL__|MARKET|1|v12,SMPL003|202604|202605|__TOTAL__|MARKET|1
SMPL003|202604|202605|__TOTAL__|NET_FLOW|2|v12,SMPL003|202604|202605|__TOTAL__|NET_FLOW|2
SMPL003|202605|202606|structured_products|ONE_TIME|1|v12,SMPL003|202605|202606|structured_products|ONE_TIME|1
SMPL003|202605|202606|alternative_investments|TIMING|1|v12,SMPL003|202605|202606|alternative_investments|TIMING|1
SMPL003|202605|202606|unified_managed_account|LOST_ACCOUNT|1|v12,SMPL003|202605|202606|unified_managed_account|LOST_ACCOUNT|1
SMPL003|202605|202606|unified_managed_account|NEW_ACCOUNT|2|v12,SMPL003|202605|202606|unified_managed_account|NEW_ACCOUNT|2
SMPL003|202605|202606|unified_managed_account|DISCOUNT|3|v12,SMPL003|202605|202606|unified_managed_account|DISCOUNT|3
SMPL003|202605|202606|unified_managed_account|BILLABLE_DAYS|4|v12,SMPL003|202605|202606|unified_managed_account|BILLABLE_DAYS|4
SMPL003|202605|202606|equities|VOLUME|1|v12,SMPL003|202605|202606|equities|VOLUME|1
SMPL003|202605|202606|mutual_fund_trails|CLAWBACK|1|v12,SMPL003|202605|202606|mutual_fund_trails|CLAWBACK|1
SMPL003|202605|202606|jpmcap|BILLABLE_DAYS|1|v12,SMPL003|202605|202606|jpmcap|BILLABLE_DAYS|1
SMPL003|202605|202606|advisory|BILLABLE_DAYS|1|v12,SMPL003|202605|202606|advisory|BILLABLE_DAYS|1
SMPL003|202605|202606|equities|MIX|2|v12,SMPL003|202605|202606|equities|MIX|2
SMPL003|202605|202606|mutual_fund_trails|BILLABLE_DAYS|2|v12,SMPL003|202605|202606|mutual_fund_trails|BILLABLE_DAYS|2
SMPL003|202605|202606|mutual_fund_trails|MIX|3|v12,SMPL003|202605|202606|mutual_fund_trails|MIX|3
SMPL003|202605|202606|unified_managed_account|MIX|5|v12,SMPL003|202605|202606|unified_managed_account|MIX|5
SMPL003|202605|202606|__TOTAL__|MARKET|1|v12,SMPL003|202605|202606|__TOTAL__|MARKET|1
SMPL003|202605|202606|__TOTAL__|NET_FLOW|2|v12,SMPL003|202605|202606|__TOTAL__|NET_FLOW|2
SMPL001|202604|202605|structured_products|ONE_TIME|1|v13,SMPL001|202604|202605|structured_products|ONE_TIME|1
SMPL001|202604|202605|alternative_investments|TIMING|1|v13,SMPL001|202604|202605|alternative_investments|TIMING|1
SMPL001|202604|202605|unified_managed_account|BASELINE_LIMITED|1|v13,SMPL001|202604|202605|unified_managed_account|BASELINE_LIMITED|1
SMPL001|202604|202605|unified_managed_account|BILLABLE_DAYS|2|v13,SMPL001|202604|202605|unified_managed_account|BILLABLE_DAYS|2
SMPL001|202604|202605|equities|VOLUME|1|v13,SMPL001|202604|202605|equities|VOLUME|1
SMPL001|202604|202605|jpmcap|BILLABLE_DAYS|1|v13,SMPL001|202604|202605|jpmcap|BILLABLE_DAYS|1
SMPL001|202604|202605|mutual_fund_trails|CLAWBACK|1|v13,SMPL001|202604|202605|mutual_fund_trails|CLAWBACK|1
SMPL001|202604|202605|advisory|BILLABLE_DAYS|1|v13,SMPL001|202604|202605|advisory|BILLABLE_DAYS|1
SMPL001|202604|202605|mutual_fund_trails|BILLABLE_DAYS|2|v13,SMPL001|202604|202605|mutual_fund_trails|BILLABLE_DAYS|2
SMPL001|202604|202605|mutual_fund_trails|MIX|3|v13,SMPL001|202604|202605|mutual_fund_trails|MIX|3
SMPL001|202604|202605|equities|MIX|2|v13,SMPL001|202604|202605|equities|MIX|2
SMPL001|202604|202605|__TOTAL__|MARKET|1|v13,SMPL001|202604|202605|__TOTAL__|MARKET|1
SMPL001|202604|202605|__TOTAL__|NET_FLOW|2|v13,SMPL001|202604|202605|__TOTAL__|NET_FLOW|2
SMPL001|202605|202606|structured_products|ONE_TIME|1|v13,SMPL001|202605|202606|structured_products|ONE_TIME|1
SMPL001|202605|202606|alternative_investments|TIMING|1|v13,SMPL001|202605|202606|alternative_investments|TIMING|1
SMPL001|202605|202606|unified_managed_account|ELIGIBILITY|1|v13,SMPL001|202605|202606|unified_managed_account|ELIGIBILITY|1
SMPL001|202605|202606|unified_managed_account|LOST_ACCOUNT|2|v13,SMPL001|202605|202606|unified_managed_account|LOST_ACCOUNT|2
SMPL001|202605|202606|unified_managed_account|NEW_ACCOUNT|3|v13,SMPL001|202605|202606|unified_managed_account|NEW_ACCOUNT|3
SMPL001|202605|202606|unified_managed_account|BILLABLE_DAYS|4|v13,SMPL001|202605|202606|unified_managed_account|BILLABLE_DAYS|4
SMPL001|202605|202606|equities|VOLUME|1|v13,SMPL001|202605|202606|equities|VOLUME|1
SMPL001|202605|202606|mutual_fund_trails|CLAWBACK|1|v13,SMPL001|202605|202606|mutual_fund_trails|CLAWBACK|1
SMPL001|202605|202606|equities|MIX|2|v13,SMPL001|202605|202606|equities|MIX|2
SMPL001|202605|202606|jpmcap|BILLABLE_DAYS|1|v13,SMPL001|202605|202606|jpmcap|BILLABLE_DAYS|1
SMPL001|202605|202606|advisory|BILLABLE_DAYS|1|v13,SMPL001|202605|202606|advisory|BILLABLE_DAYS|1
SMPL001|202605|202606|mutual_fund_trails|BILLABLE_DAYS|2|v13,SMPL001|202605|202606|mutual_fund_trails|BILLABLE_DAYS|2
SMPL001|202605|202606|mutual_fund_trails|MIX|3|v13,SMPL001|202605|202606|mutual_fund_trails|MIX|3
SMPL001|202605|202606|__TOTAL__|MARKET|1|v13,SMPL001|202605|202606|__TOTAL__|MARKET|1
SMPL001|202605|202606|__TOTAL__|NET_FLOW|2|v13,SMPL001|202605|202606|__TOTAL__|NET_FLOW|2
SMPL002|202604|202605|structured_products|ONE_TIME|1|v13,SMPL002|202604|202605|structured_products|ONE_TIME|1
SMPL002|202604|202605|alternative_investments|TIMING|1|v13,SMPL002|202604|202605|alternative_investments|TIMING|1
SMPL002|202604|202605|unified_managed_account|MIX|1|v13,SMPL002|202604|202605|unified_managed_account|MIX|1
SMPL002|202604|202605|unified_managed_account|BILLABLE_DAYS|2|v13,SMPL002|202604|202605|unified_managed_account|BILLABLE_DAYS|2
SMPL002|202604|202605|equities|VOLUME|1|v13,SMPL002|202604|202605|equities|VOLUME|1
SMPL002|202604|202605|mutual_fund_trails|CLAWBACK|1|v13,SMPL002|202604|202605|mutual_fund_trails|CLAWBACK|1
SMPL002|202604|202605|jpmcap|BILLABLE_DAYS|1|v13,SMPL002|202604|202605|jpmcap|BILLABLE_DAYS|1
SMPL002|202604|202605|advisory|BILLABLE_DAYS|1|v13,SMPL002|202604|202605|advisory|BILLABLE_DAYS|1
SMPL002|202604|202605|mutual_fund_trails|BILLABLE_DAYS|2|v13,SMPL002|202604|202605|mutual_fund_trails|BILLABLE_DAYS|2
SMPL002|202604|202605|mutual_fund_trails|MIX|3|v13,SMPL002|202604|202605|mutual_fund_trails|MIX|3
SMPL002|202604|202605|equities|MIX|2|v13,SMPL002|202604|202605|equities|MIX|2
SMPL002|202604|202605|__TOTAL__|MARKET|1|v13,SMPL002|202604|202605|__TOTAL__|MARKET|1
SMPL002|202604|202605|__TOTAL__|NET_FLOW|2|v13,SMPL002|202604|202605|__TOTAL__|NET_FLOW|2
SMPL002|202605|202606|structured_products|ONE_TIME|1|v13,SMPL002|202605|202606|structured_products|ONE_TIME|1
SMPL002|202605|202606|alternative_investments|TIMING|1|v13,SMPL002|202605|202606|alternative_investments|TIMING|1
SMPL002|202605|202606|unified_managed_account|LOST_ACCOUNT|1|v13,SMPL002|202605|202606|unified_managed_account|LOST_ACCOUNT|1
SMPL002|202605|202606|unified_managed_account|NEW_ACCOUNT|2|v13,SMPL002|202605|202606|unified_managed_account|NEW_ACCOUNT|2
SMPL002|202605|202606|unified_managed_account|FEE_RATE|3|v13,SMPL002|202605|202606|unified_managed_account|FEE_RATE|3
SMPL002|202605|202606|unified_managed_account|BILLABLE_DAYS|4|v13,SMPL002|202605|202606|unified_managed_account|BILLABLE_DAYS|4
SMPL002|202605|202606|equities|VOLUME|1|v13,SMPL002|202605|202606|equities|VOLUME|1
SMPL002|202605|202606|mutual_fund_trails|CLAWBACK|1|v13,SMPL002|202605|202606|mutual_fund_trails|CLAWBACK|1
SMPL002|202605|202606|jpmcap|BILLABLE_DAYS|1|v13,SMPL002|202605|202606|jpmcap|BILLABLE_DAYS|1
SMPL002|202605|202606|advisory|BILLABLE_DAYS|1|v13,SMPL002|202605|202606|advisory|BILLABLE_DAYS|1
SMPL002|202605|202606|mutual_fund_trails|BILLABLE_DAYS|2|v13,SMPL002|202605|202606|mutual_fund_trails|BILLABLE_DAYS|2
SMPL002|202605|202606|mutual_fund_trails|MIX|3|v13,SMPL002|202605|202606|mutual_fund_trails|MIX|3
SMPL002|202605|202606|unified_managed_account|MIX|5|v13,SMPL002|202605|202606|unified_managed_account|MIX|5
SMPL002|202605|202606|equities|MIX|2|v13,SMPL002|202605|202606|equities|MIX|2
SMPL002|202605|202606|__TOTAL__|MARKET|1|v13,SMPL002|202605|202606|__TOTAL__|MARKET|1
SMPL002|202605|202606|__TOTAL__|NET_FLOW|2|v13,SMPL002|202605|202606|__TOTAL__|NET_FLOW|2
SMPL003|202604|202605|structured_products|ONE_TIME|1|v13,SMPL003|202604|202605|structured_products|ONE_TIME|1
SMPL003|202604|202605|alternative_investments|TIMING|1|v13,SMPL003|202604|202605|alternative_investments|TIMING|1
SMPL003|202604|202605|annuities|ONE_TIME|1|v13,SMPL003|202604|202605|annuities|ONE_TIME|1
SMPL003|202604|202605|unified_managed_account|BASELINE_LIMITED|1|v13,SMPL003|202604|202605|unified_managed_account|BASELINE_LIMITED|1
SMPL003|202604|202605|unified_managed_account|BILLABLE_DAYS|2|v13,SMPL003|202604|202605|unified_managed_account|BILLABLE_DAYS|2
SMPL003|202604|202605|unified_managed_account|LATE_PROCESSING|3|v13,SMPL003|202604|202605|unified_managed_account|LATE_PROCESSING|3
SMPL003|202604|202605|mutual_fund_trails|EXCLUDED_CHANGE|1|v13,SMPL003|202604|202605|mutual_fund_trails|EXCLUDED_CHANGE|1
SMPL003|202604|202605|equities|VOLUME|1|v13,SMPL003|202604|202605|equities|VOLUME|1
SMPL003|202604|202605|mutual_fund_trails|CLAWBACK|2|v13,SMPL003|202604|202605|mutual_fund_trails|CLAWBACK|2
SMPL003|202604|202605|jpmcap|BILLABLE_DAYS|1|v13,SMPL003|202604|202605|jpmcap|BILLABLE_DAYS|1
SMPL003|202604|202605|advisory|BILLABLE_DAYS|1|v13,SMPL003|202604|202605|advisory|BILLABLE_DAYS|1
SMPL003|202604|202605|mutual_fund_trails|BILLABLE_DAYS|3|v13,SMPL003|202604|202605|mutual_fund_trails|BILLABLE_DAYS|3
SMPL003|202604|202605|mutual_fund_trails|MIX|4|v13,SMPL003|202604|202605|mutual_fund_trails|MIX|4
SMPL003|202604|202605|equities|MIX|2|v13,SMPL003|202604|202605|equities|MIX|2
SMPL003|202604|202605|unified_managed_account|MIX|4|v13,SMPL003|202604|202605|unified_managed_account|MIX|4
SMPL003|202604|202605|__TOTAL__|MARKET|1|v13,SMPL003|202604|202605|__TOTAL__|MARKET|1
SMPL003|202604|202605|__TOTAL__|NET_FLOW|2|v13,SMPL003|202604|202605|__TOTAL__|NET_FLOW|2
SMPL003|202605|202606|structured_products|ONE_TIME|1|v13,SMPL003|202605|202606|structured_products|ONE_TIME|1
SMPL003|202605|202606|alternative_investments|TIMING|1|v13,SMPL003|202605|202606|alternative_investments|TIMING|1
SMPL003|202605|202606|unified_managed_account|LOST_ACCOUNT|1|v13,SMPL003|202605|202606|unified_managed_account|LOST_ACCOUNT|1
SMPL003|202605|202606|unified_managed_account|NEW_ACCOUNT|2|v13,SMPL003|202605|202606|unified_managed_account|NEW_ACCOUNT|2
SMPL003|202605|202606|unified_managed_account|DISCOUNT|3|v13,SMPL003|202605|202606|unified_managed_account|DISCOUNT|3
SMPL003|202605|202606|unified_managed_account|BILLABLE_DAYS|4|v13,SMPL003|202605|202606|unified_managed_account|BILLABLE_DAYS|4
SMPL003|202605|202606|equities|VOLUME|1|v13,SMPL003|202605|202606|equities|VOLUME|1
SMPL003|202605|202606|mutual_fund_trails|CLAWBACK|1|v13,SMPL003|202605|202606|mutual_fund_trails|CLAWBACK|1
SMPL003|202605|202606|jpmcap|BILLABLE_DAYS|1|v13,SMPL003|202605|202606|jpmcap|BILLABLE_DAYS|1
SMPL003|202605|202606|advisory|BILLABLE_DAYS|1|v13,SMPL003|202605|202606|advisory|BILLABLE_DAYS|1
SMPL003|202605|202606|equities|MIX|2|v13,SMPL003|202605|202606|equities|MIX|2
SMPL003|202605|202606|mutual_fund_trails|BILLABLE_DAYS|2|v13,SMPL003|202605|202606|mutual_fund_trails|BILLABLE_DAYS|2
SMPL003|202605|202606|mutual_fund_trails|MIX|3|v13,SMPL003|202605|202606|mutual_fund_trails|MIX|3
SMPL003|202605|202606|unified_managed_account|MIX|5|v13,SMPL003|202605|202606|unified_managed_account|MIX|5
SMPL003|202605|202606|__TOTAL__|MARKET|1|v13,SMPL003|202605|202606|__TOTAL__|MARKET|1
SMPL003|202605|202606|__TOTAL__|NET_FLOW|2|v13,SMPL003|202605|202606|__TOTAL__|NET_FLOW|2
SMPL001|202604|202605|structured_products|ONE_TIME|1|v14,SMPL001|202604|202605|structured_products|ONE_TIME|1
SMPL001|202604|202605|alternative_investments|TIMING|1|v14,SMPL001|202604|202605|alternative_investments|TIMING|1
SMPL001|202604|202605|unified_managed_account|LOST_ACCOUNT|1|v14,SMPL001|202604|202605|unified_managed_account|LOST_ACCOUNT|1
SMPL001|202604|202605|unified_managed_account|BILLABLE_DAYS|2|v14,SMPL001|202604|202605|unified_managed_account|BILLABLE_DAYS|2
SMPL001|202604|202605|unified_managed_account|MIX|3|v14,SMPL001|202604|202605|unified_managed_account|MIX|3
SMPL001|202604|202605|equities|VOLUME|1|v14,SMPL001|202604|202605|equities|VOLUME|1
SMPL001|202604|202605|jpmcap|BILLABLE_DAYS|1|v14,SMPL001|202604|202605|jpmcap|BILLABLE_DAYS|1
SMPL001|202604|202605|mutual_fund_trails|CLAWBACK|1|v14,SMPL001|202604|202605|mutual_fund_trails|CLAWBACK|1
SMPL001|202604|202605|advisory|BILLABLE_DAYS|1|v14,SMPL001|202604|202605|advisory|BILLABLE_DAYS|1
SMPL001|202604|202605|mutual_fund_trails|BILLABLE_DAYS|2|v14,SMPL001|202604|202605|mutual_fund_trails|BILLABLE_DAYS|2
SMPL001|202604|202605|mutual_fund_trails|MIX|3|v14,SMPL001|202604|202605|mutual_fund_trails|MIX|3
SMPL001|202604|202605|equities|MIX|2|v14,SMPL001|202604|202605|equities|MIX|2
SMPL001|202604|202605|__TOTAL__|MARKET|1|v14,SMPL001|202604|202605|__TOTAL__|MARKET|1
SMPL001|202604|202605|__TOTAL__|NET_FLOW|2|v14,SMPL001|202604|202605|__TOTAL__|NET_FLOW|2
SMPL001|202605|202606|structured_products|ONE_TIME|1|v14,SMPL001|202605|202606|structured_products|ONE_TIME|1
SMPL001|202605|202606|alternative_investments|TIMING|1|v14,SMPL001|202605|202606|alternative_investments|TIMING|1
SMPL001|202605|202606|unified_managed_account|ELIGIBILITY|1|v14,SMPL001|202605|202606|unified_managed_account|ELIGIBILITY|1
SMPL001|202605|202606|unified_managed_account|BASELINE_LIMITED|2|v14,SMPL001|202605|202606|unified_managed_account|BASELINE_LIMITED|2
SMPL001|202605|202606|unified_managed_account|NEW_ACCOUNT|3|v14,SMPL001|202605|202606|unified_managed_account|NEW_ACCOUNT|3
SMPL001|202605|202606|unified_managed_account|BILLABLE_DAYS|4|v14,SMPL001|202605|202606|unified_managed_account|BILLABLE_DAYS|4
SMPL001|202605|202606|equities|VOLUME|1|v14,SMPL001|202605|202606|equities|VOLUME|1
SMPL001|202605|202606|unified_managed_account|MIX|5|v14,SMPL001|202605|202606|unified_managed_account|MIX|5
SMPL001|202605|202606|mutual_fund_trails|CLAWBACK|1|v14,SMPL001|202605|202606|mutual_fund_trails|CLAWBACK|1
SMPL001|202605|202606|equities|MIX|2|v14,SMPL001|202605|202606|equities|MIX|2
SMPL001|202605|202606|jpmcap|BILLABLE_DAYS|1|v14,SMPL001|202605|202606|jpmcap|BILLABLE_DAYS|1
SMPL001|202605|202606|advisory|BILLABLE_DAYS|1|v14,SMPL001|202605|202606|advisory|BILLABLE_DAYS|1
SMPL001|202605|202606|mutual_fund_trails|BILLABLE_DAYS|2|v14,SMPL001|202605|202606|mutual_fund_trails|BILLABLE_DAYS|2
SMPL001|202605|202606|mutual_fund_trails|MIX|3|v14,SMPL001|202605|202606|mutual_fund_trails|MIX|3
SMPL001|202605|202606|__TOTAL__|MARKET|1|v14,SMPL001|202605|202606|__TOTAL__|MARKET|1
SMPL001|202605|202606|__TOTAL__|NET_FLOW|2|v14,SMPL001|202605|202606|__TOTAL__|NET_FLOW|2
SMPL002|202604|202605|structured_products|ONE_TIME|1|v14,SMPL002|202604|202605|structured_products|ONE_TIME|1
SMPL002|202604|202605|alternative_investments|TIMING|1|v14,SMPL002|202604|202605|alternative_investments|TIMING|1
SMPL002|202604|202605|unified_managed_account|MIX|1|v14,SMPL002|202604|202605|unified_managed_account|MIX|1
SMPL002|202604|202605|unified_managed_account|BILLABLE_DAYS|2|v14,SMPL002|202604|202605|unified_managed_account|BILLABLE_DAYS|2
SMPL002|202604|202605|equities|VOLUME|1|v14,SMPL002|202604|202605|equities|VOLUME|1
SMPL002|202604|202605|mutual_fund_trails|CLAWBACK|1|v14,SMPL002|202604|202605|mutual_fund_trails|CLAWBACK|1
SMPL002|202604|202605|jpmcap|BILLABLE_DAYS|1|v14,SMPL002|202604|202605|jpmcap|BILLABLE_DAYS|1
SMPL002|202604|202605|advisory|BILLABLE_DAYS|1|v14,SMPL002|202604|202605|advisory|BILLABLE_DAYS|1
SMPL002|202604|202605|mutual_fund_trails|BILLABLE_DAYS|2|v14,SMPL002|202604|202605|mutual_fund_trails|BILLABLE_DAYS|2
SMPL002|202604|202605|mutual_fund_trails|MIX|3|v14,SMPL002|202604|202605|mutual_fund_trails|MIX|3
SMPL002|202604|202605|equities|MIX|2|v14,SMPL002|202604|202605|equities|MIX|2
SMPL002|202604|202605|__TOTAL__|MARKET|1|v14,SMPL002|202604|202605|__TOTAL__|MARKET|1
SMPL002|202604|202605|__TOTAL__|NET_FLOW|2|v14,SMPL002|202604|202605|__TOTAL__|NET_FLOW|2
SMPL002|202605|202606|structured_products|ONE_TIME|1|v14,SMPL002|202605|202606|structured_products|ONE_TIME|1
SMPL002|202605|202606|alternative_investments|TIMING|1|v14,SMPL002|202605|202606|alternative_investments|TIMING|1
SMPL002|202605|202606|unified_managed_account|BASELINE_LIMITED|1|v14,SMPL002|202605|202606|unified_managed_account|BASELINE_LIMITED|1
SMPL002|202605|202606|unified_managed_account|NEW_ACCOUNT|2|v14,SMPL002|202605|202606|unified_managed_account|NEW_ACCOUNT|2
SMPL002|202605|202606|unified_managed_account|FEE_RATE|3|v14,SMPL002|202605|202606|unified_managed_account|FEE_RATE|3
SMPL002|202605|202606|unified_managed_account|BILLABLE_DAYS|4|v14,SMPL002|202605|202606|unified_managed_account|BILLABLE_DAYS|4
SMPL002|202605|202606|equities|VOLUME|1|v14,SMPL002|202605|202606|equities|VOLUME|1
SMPL002|202605|202606|unified_managed_account|MIX|5|v14,SMPL002|202605|202606|unified_managed_account|MIX|5
SMPL002|202605|202606|mutual_fund_trails|CLAWBACK|1|v14,SMPL002|202605|202606|mutual_fund_trails|CLAWBACK|1
SMPL002|202605|202606|jpmcap|BILLABLE_DAYS|1|v14,SMPL002|202605|202606|jpmcap|BILLABLE_DAYS|1
SMPL002|202605|202606|advisory|BILLABLE_DAYS|1|v14,SMPL002|202605|202606|advisory|BILLABLE_DAYS|1
SMPL002|202605|202606|mutual_fund_trails|BILLABLE_DAYS|2|v14,SMPL002|202605|202606|mutual_fund_trails|BILLABLE_DAYS|2
SMPL002|202605|202606|mutual_fund_trails|MIX|3|v14,SMPL002|202605|202606|mutual_fund_trails|MIX|3
SMPL002|202605|202606|equities|MIX|2|v14,SMPL002|202605|202606|equities|MIX|2
SMPL002|202605|202606|__TOTAL__|MARKET|1|v14,SMPL002|202605|202606|__TOTAL__|MARKET|1
SMPL002|202605|202606|__TOTAL__|NET_FLOW|2|v14,SMPL002|202605|202606|__TOTAL__|NET_FLOW|2
SMPL003|202604|202605|structured_products|ONE_TIME|1|v14,SMPL003|202604|202605|structured_products|ONE_TIME|1
SMPL003|202604|202605|alternative_investments|TIMING|1|v14,SMPL003|202604|202605|alternative_investments|TIMING|1
SMPL003|202604|202605|annuities|ONE_TIME|1|v14,SMPL003|202604|202605|annuities|ONE_TIME|1
SMPL003|202604|202605|unified_managed_account|LOST_ACCOUNT|1|v14,SMPL003|202604|202605|unified_managed_account|LOST_ACCOUNT|1
SMPL003|202604|202605|unified_managed_account|BILLABLE_DAYS|2|v14,SMPL003|202604|202605|unified_managed_account|BILLABLE_DAYS|2
SMPL003|202604|202605|unified_managed_account|LATE_PROCESSING|3|v14,SMPL003|202604|202605|unified_managed_account|LATE_PROCESSING|3
SMPL003|202604|202605|unified_managed_account|MIX|4|v14,SMPL003|202604|202605|unified_managed_account|MIX|4
SMPL003|202604|202605|mutual_fund_trails|EXCLUDED_CHANGE|1|v14,SMPL003|202604|202605|mutual_fund_trails|EXCLUDED_CHANGE|1
SMPL003|202604|202605|equities|VOLUME|1|v14,SMPL003|202604|202605|equities|VOLUME|1
SMPL003|202604|202605|mutual_fund_trails|CLAWBACK|2|v14,SMPL003|202604|202605|mutual_fund_trails|CLAWBACK|2
SMPL003|202604|202605|jpmcap|BILLABLE_DAYS|1|v14,SMPL003|202604|202605|jpmcap|BILLABLE_DAYS|1
SMPL003|202604|202605|advisory|BILLABLE_DAYS|1|v14,SMPL003|202604|202605|advisory|BILLABLE_DAYS|1
SMPL003|202604|202605|mutual_fund_trails|BILLABLE_DAYS|3|v14,SMPL003|202604|202605|mutual_fund_trails|BILLABLE_DAYS|3
SMPL003|202604|202605|mutual_fund_trails|MIX|4|v14,SMPL003|202604|202605|mutual_fund_trails|MIX|4
SMPL003|202604|202605|equities|MIX|2|v14,SMPL003|202604|202605|equities|MIX|2
SMPL003|202604|202605|__TOTAL__|MARKET|1|v14,SMPL003|202604|202605|__TOTAL__|MARKET|1
SMPL003|202604|202605|__TOTAL__|NET_FLOW|2|v14,SMPL003|202604|202605|__TOTAL__|NET_FLOW|2
SMPL003|202605|202606|structured_products|ONE_TIME|1|v14,SMPL003|202605|202606|structured_products|ONE_TIME|1
SMPL003|202605|202606|alternative_investments|TIMING|1|v14,SMPL003|202605|202606|alternative_investments|TIMING|1
SMPL003|202605|202606|unified_managed_account|BASELINE_LIMITED|1|v14,SMPL003|202605|202606|unified_managed_account|BASELINE_LIMITED|1
SMPL003|202605|202606|unified_managed_account|NEW_ACCOUNT|2|v14,SMPL003|202605|202606|unified_managed_account|NEW_ACCOUNT|2
SMPL003|202605|202606|unified_managed_account|DISCOUNT|3|v14,SMPL003|202605|202606|unified_managed_account|DISCOUNT|3
SMPL003|202605|202606|unified_managed_account|BILLABLE_DAYS|4|v14,SMPL003|202605|202606|unified_managed_account|BILLABLE_DAYS|4
SMPL003|202605|202606|equities|VOLUME|1|v14,SMPL003|202605|202606|equities|VOLUME|1
SMPL003|202605|202606|mutual_fund_trails|CLAWBACK|1|v14,SMPL003|202605|202606|mutual_fund_trails|CLAWBACK|1
SMPL003|202605|202606|unified_managed_account|MIX|5|v14,SMPL003|202605|202606|unified_managed_account|MIX|5
SMPL003|202605|202606|jpmcap|BILLABLE_DAYS|1|v14,SMPL003|202605|202606|jpmcap|BILLABLE_DAYS|1
SMPL003|202605|202606|advisory|BILLABLE_DAYS|1|v14,SMPL003|202605|202606|advisory|BILLABLE_DAYS|1
SMPL003|202605|202606|equities|MIX|2|v14,SMPL003|202605|202606|equities|MIX|2
SMPL003|202605|202606|mutual_fund_trails|BILLABLE_DAYS|2|v14,SMPL003|202605|202606|mutual_fund_trails|BILLABLE_DAYS|2
SMPL003|202605|202606|mutual_fund_trails|MIX|3|v14,SMPL003|202605|202606|mutual_fund_trails|MIX|3
SMPL003|202605|202606|__TOTAL__|MARKET|1|v14,SMPL003|202605|202606|__TOTAL__|MARKET|1
SMPL003|202605|202606|__TOTAL__|NET_FLOW|2|v14,SMPL003|202605|202606|__TOTAL__|NET_FLOW|2
SMPL001|202604|202605|structured_products|ONE_TIME|1|v15,SMPL001|202604|202605|structured_products|ONE_TIME|1
SMPL001|202604|202605|alternative_investments|TIMING|1|v15,SMPL001|202604|202605|alternative_investments|TIMING|1
SMPL001|202604|202605|unified_managed_account|VOLUME|1|v15,SMPL001|202604|202605|unified_managed_account|VOLUME|1
SMPL001|202604|202605|unified_managed_account|DEAL_SIZE|2|v15,SMPL001|202604|202605|unified_managed_account|DEAL_SIZE|2
SMPL001|202604|202605|unified_managed_account|LOST_ACCOUNT|3|v15,SMPL001|202604|202605|unified_managed_account|LOST_ACCOUNT|3
SMPL001|202604|202605|unified_managed_account|BILLABLE_DAYS|4|v15,SMPL001|202604|202605|unified_managed_account|BILLABLE_DAYS|4
SMPL001|202604|202605|unified_managed_account|MIX|5|v15,SMPL001|202604|202605|unified_managed_account|MIX|5
SMPL001|202604|202605|equities|VOLUME|1|v15,SMPL001|202604|202605|equities|VOLUME|1
SMPL001|202604|202605|jpmcap|BILLABLE_DAYS|1|v15,SMPL001|202604|202605|jpmcap|BILLABLE_DAYS|1
SMPL001|202604|202605|jpmcap|DEAL_SIZE|2|v15,SMPL001|202604|202605|jpmcap|DEAL_SIZE|2
SMPL001|202604|202605|jpmcap|MIX|3|v15,SMPL001|202604|202605|jpmcap|MIX|3
SMPL001|202604|202605|mutual_fund_trails|CLAWBACK|1|v15,SMPL001|202604|202605|mutual_fund_trails|CLAWBACK|1
SMPL001|202604|202605|advisory|BILLABLE_DAYS|1|v15,SMPL001|202604|202605|advisory|BILLABLE_DAYS|1
SMPL001|202604|202605|advisory|DEAL_SIZE|2|v15,SMPL001|202604|202605|advisory|DEAL_SIZE|2
SMPL001|202604|202605|advisory|MIX|3|v15,SMPL001|202604|202605|advisory|MIX|3
SMPL001|202604|202605|mutual_fund_trails|BILLABLE_DAYS|2|v15,SMPL001|202604|202605|mutual_fund_trails|BILLABLE_DAYS|2
SMPL001|202604|202605|mutual_fund_trails|MIX|3|v15,SMPL001|202604|202605|mutual_fund_trails|MIX|3
SMPL001|202604|202605|equities|DEAL_SIZE|2|v15,SMPL001|202604|202605|equities|DEAL_SIZE|2
SMPL001|202604|202605|__TOTAL__|MARKET|1|v15,SMPL001|202604|202605|__TOTAL__|MARKET|1
SMPL001|202604|202605|__TOTAL__|NET_FLOW|2|v15,SMPL001|202604|202605|__TOTAL__|NET_FLOW|2
SMPL001|202605|202606|structured_products|ONE_TIME|1|v15,SMPL001|202605|202606|structured_products|ONE_TIME|1
SMPL001|202605|202606|alternative_investments|TIMING|1|v15,SMPL001|202605|202606|alternative_investments|TIMING|1
SMPL001|202605|202606|unified_managed_account|ELIGIBILITY|1|v15,SMPL001|202605|202606|unified_managed_account|ELIGIBILITY|1
SMPL001|202605|202606|unified_managed_account|BASELINE_LIMITED|2|v15,SMPL001|202605|202606|unified_managed_account|BASELINE_LIMITED|2
SMPL001|202605|202606|unified_managed_account|MIX|3|v15,SMPL001|202605|202606|unified_managed_account|MIX|3
SMPL001|202605|202606|unified_managed_account|DEAL_SIZE|4|v15,SMPL001|202605|202606|unified_managed_account|DEAL_SIZE|4
SMPL001|202605|202606|unified_managed_account|NEW_ACCOUNT|5|v15,SMPL001|202605|202606|unified_managed_account|NEW_ACCOUNT|5
SMPL001|202605|202606|unified_managed_account|BILLABLE_DAYS|6|v15,SMPL001|202605|202606|unified_managed_account|BILLABLE_DAYS|6
SMPL001|202605|202606|equities|VOLUME|1|v15,SMPL001|202605|202606|equities|VOLUME|1
SMPL001|202605|202606|mutual_fund_trails|CLAWBACK|1|v15,SMPL001|202605|202606|mutual_fund_trails|CLAWBACK|1
SMPL001|202605|202606|equities|DEAL_SIZE|2|v15,SMPL001|202605|202606|equities|DEAL_SIZE|2
SMPL001|202605|202606|jpmcap|BILLABLE_DAYS|1|v15,SMPL001|202605|202606|jpmcap|BILLABLE_DAYS|1
SMPL001|202605|202606|jpmcap|DEAL_SIZE|2|v15,SMPL001|202605|202606|jpmcap|DEAL_SIZE|2
SMPL001|202605|202606|jpmcap|MIX|3|v15,SMPL001|202605|202606|jpmcap|MIX|3
SMPL001|202605|202606|advisory|BILLABLE_DAYS|1|v15,SMPL001|202605|202606|advisory|BILLABLE_DAYS|1
SMPL001|202605|202606|advisory|DEAL_SIZE|2|v15,SMPL001|202605|202606|advisory|DEAL_SIZE|2
SMPL001|202605|202606|advisory|MIX|3|v15,SMPL001|202605|202606|advisory|MIX|3
SMPL001|202605|202606|mutual_fund_trails|BILLABLE_DAYS|2|v15,SMPL001|202605|202606|mutual_fund_trails|BILLABLE_DAYS|2
SMPL001|202605|202606|mutual_fund_trails|MIX|3|v15,SMPL001|202605|202606|mutual_fund_trails|MIX|3
SMPL001|202605|202606|__TOTAL__|MARKET|1|v15,SMPL001|202605|202606|__TOTAL__|MARKET|1
SMPL001|202605|202606|__TOTAL__|NET_FLOW|2|v15,SMPL001|202605|202606|__TOTAL__|NET_FLOW|2
SMPL002|202604|202605|structured_products|ONE_TIME|1|v15,SMPL002|202604|202605|structured_products|ONE_TIME|1
SMPL002|202604|202605|unified_managed_account|VOLUME|1|v15,SMPL002|202604|202605|unified_managed_account|VOLUME|1
SMPL002|202604|202605|alternative_investments|TIMING|1|v15,SMPL002|202604|202605|alternative_investments|TIMING|1
SMPL002|202604|202605|unified_managed_account|DEAL_SIZE|2|v15,SMPL002|202604|202605|unified_managed_account|DEAL_SIZE|2
SMPL002|202604|202605|unified_managed_account|BILLABLE_DAYS|3|v15,SMPL002|202604|202605|unified_managed_account|BILLABLE_DAYS|3
SMPL002|202604|202605|unified_managed_account|MIX|4|v15,SMPL002|202604|202605|unified_managed_account|MIX|4
SMPL002|202604|202605|equities|VOLUME|1|v15,SMPL002|202604|202605|equities|VOLUME|1
SMPL002|202604|202605|mutual_fund_trails|CLAWBACK|1|v15,SMPL002|202604|202605|mutual_fund_trails|CLAWBACK|1
SMPL002|202604|202605|jpmcap|BILLABLE_DAYS|1|v15,SMPL002|202604|202605|jpmcap|BILLABLE_DAYS|1
SMPL002|202604|202605|jpmcap|DEAL_SIZE|2|v15,SMPL002|202604|202605|jpmcap|DEAL_SIZE|2
SMPL002|202604|202605|jpmcap|MIX|3|v15,SMPL002|202604|202605|jpmcap|MIX|3
SMPL002|202604|202605|advisory|BILLABLE_DAYS|1|v15,SMPL002|202604|202605|advisory|BILLABLE_DAYS|1
SMPL002|202604|202605|advisory|DEAL_SIZE|2|v15,SMPL002|202604|202605|advisory|DEAL_SIZE|2
SMPL002|202604|202605|advisory|MIX|3|v15,SMPL002|202604|202605|advisory|MIX|3
SMPL002|202604|202605|mutual_fund_trails|BILLABLE_DAYS|2|v15,SMPL002|202604|202605|mutual_fund_trails|BILLABLE_DAYS|2
SMPL002|202604|202605|mutual_fund_trails|MIX|3|v15,SMPL002|202604|202605|mutual_fund_trails|MIX|3
SMPL002|202604|202605|equities|DEAL_SIZE|2|v15,SMPL002|202604|202605|equities|DEAL_SIZE|2
SMPL002|202604|202605|__TOTAL__|MARKET|1|v15,SMPL002|202604|202605|__TOTAL__|MARKET|1
SMPL002|202604|202605|__TOTAL__|NET_FLOW|2|v15,SMPL002|202604|202605|__TOTAL__|NET_FLOW|2
SMPL002|202605|202606|structured_products|ONE_TIME|1|v15,SMPL002|202605|202606|structured_products|ONE_TIME|1
SMPL002|202605|202606|alternative_investments|TIMING|1|v15,SMPL002|202605|202606|alternative_investments|TIMING|1
SMPL002|202605|202606|unified_managed_account|BASELINE_LIMITED|1|v15,SMPL002|202605|202606|unified_managed_account|BASELINE_LIMITED|1
SMPL002|202605|202606|unified_managed_account|VOLUME|2|v15,SMPL002|202605|202606|unified_managed_account|VOLUME|2
SMPL002|202605|202606|unified_managed_account|NEW_ACCOUNT|3|v15,SMPL002|202605|202606|unified_managed_account|NEW_ACCOUNT|3
SMPL002|202605|202606|unified_managed_account|DEAL_SIZE|4|v15,SMPL002|202605|202606|unified_managed_account|DEAL_SIZE|4
SMPL002|202605|202606|unified_managed_account|MIX|5|v15,SMPL002|202605|202606|unified_managed_account|MIX|5
SMPL002|202605|202606|unified_managed_account|FEE_RATE|6|v15,SMPL002|202605|202606|unified_managed_account|FEE_RATE|6
SMPL002|202605|202606|unified_managed_account|BILLABLE_DAYS|7|v15,SMPL002|202605|202606|unified_managed_account|BILLABLE_DAYS|7
SMPL002|202605|202606|equities|VOLUME|1|v15,SMPL002|202605|202606|equities|VOLUME|1
SMPL002|202605|202606|mutual_fund_trails|CLAWBACK|1|v15,SMPL002|202605|202606|mutual_fund_trails|CLAWBACK|1
SMPL002|202605|202606|jpmcap|BILLABLE_DAYS|1|v15,SMPL002|202605|202606|jpmcap|BILLABLE_DAYS|1
SMPL002|202605|202606|jpmcap|DEAL_SIZE|2|v15,SMPL002|202605|202606|jpmcap|DEAL_SIZE|2
SMPL002|202605|202606|jpmcap|MIX|3|v15,SMPL002|202605|202606|jpmcap|MIX|3
SMPL002|202605|202606|advisory|BILLABLE_DAYS|1|v15,SMPL002|202605|202606|advisory|BILLABLE_DAYS|1
SMPL002|202605|202606|advisory|DEAL_SIZE|2|v15,SMPL002|202605|202606|advisory|DEAL_SIZE|2
SMPL002|202605|202606|advisory|MIX|3|v15,SMPL002|202605|202606|advisory|MIX|3
SMPL002|202605|202606|mutual_fund_trails|BILLABLE_DAYS|2|v15,SMPL002|202605|202606|mutual_fund_trails|BILLABLE_DAYS|2
SMPL002|202605|202606|mutual_fund_trails|MIX|3|v15,SMPL002|202605|202606|mutual_fund_trails|MIX|3
SMPL002|202605|202606|equities|DEAL_SIZE|2|v15,SMPL002|202605|202606|equities|DEAL_SIZE|2
SMPL002|202605|202606|__TOTAL__|MARKET|1|v15,SMPL002|202605|202606|__TOTAL__|MARKET|1
SMPL002|202605|202606|__TOTAL__|NET_FLOW|2|v15,SMPL002|202605|202606|__TOTAL__|NET_FLOW|2
SMPL003|202604|202605|structured_products|ONE_TIME|1|v15,SMPL003|202604|202605|structured_products|ONE_TIME|1
SMPL003|202604|202605|alternative_investments|TIMING|1|v15,SMPL003|202604|202605|alternative_investments|TIMING|1
SMPL003|202604|202605|annuities|ONE_TIME|1|v15,SMPL003|202604|202605|annuities|ONE_TIME|1
SMPL003|202604|202605|unified_managed_account|LOST_ACCOUNT|1|v15,SMPL003|202604|202605|unified_managed_account|LOST_ACCOUNT|1
SMPL003|202604|202605|mutual_fund_trails|VOLUME|1|v15,SMPL003|202604|202605|mutual_fund_trails|VOLUME|1
SMPL003|202604|202605|unified_managed_account|BILLABLE_DAYS|2|v15,SMPL003|202604|202605|unified_managed_account|BILLABLE_DAYS|2
SMPL003|202604|202605|unified_managed_account|DEAL_SIZE|3|v15,SMPL003|202604|202605|unified_managed_account|DEAL_SIZE|3
SMPL003|202604|202605|mutual_fund_trails|DEAL_SIZE|2|v15,SMPL003|202604|202605|mutual_fund_trails|DEAL_SIZE|2
SMPL003|202604|202605|unified_managed_account|LATE_PROCESSING|4|v15,SMPL003|202604|202605|unified_managed_account|LATE_PROCESSING|4
SMPL003|202604|202605|mutual_fund_trails|MIX|3|v15,SMPL003|202604|202605|mutual_fund_trails|MIX|3
SMPL003|202604|202605|unified_managed_account|MIX|5|v15,SMPL003|202604|202605|unified_managed_account|MIX|5
SMPL003|202604|202605|mutual_fund_trails|EXCLUDED_CHANGE|4|v15,SMPL003|202604|202605|mutual_fund_trails|EXCLUDED_CHANGE|4
SMPL003|202604|202605|equities|VOLUME|1|v15,SMPL003|202604|202605|equities|VOLUME|1
SMPL003|202604|202605|mutual_fund_trails|CLAWBACK|5|v15,SMPL003|202604|202605|mutual_fund_trails|CLAWBACK|5
SMPL003|202604|202605|jpmcap|BILLABLE_DAYS|1|v15,SMPL003|202604|202605|jpmcap|BILLABLE_DAYS|1
SMPL003|202604|202605|jpmcap|DEAL_SIZE|2|v15,SMPL003|202604|202605|jpmcap|DEAL_SIZE|2
SMPL003|202604|202605|jpmcap|MIX|3|v15,SMPL003|202604|202605|jpmcap|MIX|3
SMPL003|202604|202605|advisory|BILLABLE_DAYS|1|v15,SMPL003|202604|202605|advisory|BILLABLE_DAYS|1
SMPL003|202604|202605|advisory|DEAL_SIZE|2|v15,SMPL003|202604|202605|advisory|DEAL_SIZE|2
SMPL003|202604|202605|advisory|MIX|3|v15,SMPL003|202604|202605|advisory|MIX|3
SMPL003|202604|202605|mutual_fund_trails|BILLABLE_DAYS|6|v15,SMPL003|202604|202605|mutual_fund_trails|BILLABLE_DAYS|6
SMPL003|202604|202605|equities|DEAL_SIZE|2|v15,SMPL003|202604|202605|equities|DEAL_SIZE|2
SMPL003|202604|202605|__TOTAL__|MARKET|1|v15,SMPL003|202604|202605|__TOTAL__|MARKET|1
SMPL003|202604|202605|__TOTAL__|NET_FLOW|2|v15,SMPL003|202604|202605|__TOTAL__|NET_FLOW|2
SMPL003|202605|202606|structured_products|ONE_TIME|1|v15,SMPL003|202605|202606|structured_products|ONE_TIME|1
SMPL003|202605|202606|alternative_investments|TIMING|1|v15,SMPL003|202605|202606|alternative_investments|TIMING|1
SMPL003|202605|202606|unified_managed_account|BASELINE_LIMITED|1|v15,SMPL003|202605|202606|unified_managed_account|BASELINE_LIMITED|1
SMPL003|202605|202606|unified_managed_account|DEAL_SIZE|2|v15,SMPL003|202605|202606|unified_managed_account|DEAL_SIZE|2
SMPL003|202605|202606|unified_managed_account|VOLUME|3|v15,SMPL003|202605|202606|unified_managed_account|VOLUME|3
SMPL003|202605|202606|unified_managed_account|NEW_ACCOUNT|4|v15,SMPL003|202605|202606|unified_managed_account|NEW_ACCOUNT|4
SMPL003|202605|202606|unified_managed_account|DISCOUNT|5|v15,SMPL003|202605|202606|unified_managed_account|DISCOUNT|5
SMPL003|202605|202606|unified_managed_account|BILLABLE_DAYS|6|v15,SMPL003|202605|202606|unified_managed_account|BILLABLE_DAYS|6
SMPL003|202605|202606|equities|VOLUME|1|v15,SMPL003|202605|202606|equities|VOLUME|1
SMPL003|202605|202606|unified_managed_account|MIX|7|v15,SMPL003|202605|202606|unified_managed_account|MIX|7
SMPL003|202605|202606|mutual_fund_trails|CLAWBACK|1|v15,SMPL003|202605|202606|mutual_fund_trails|CLAWBACK|1
SMPL003|202605|202606|jpmcap|BILLABLE_DAYS|1|v15,SMPL003|202605|202606|jpmcap|BILLABLE_DAYS|1
SMPL003|202605|202606|jpmcap|DEAL_SIZE|2|v15,SMPL003|202605|202606|jpmcap|DEAL_SIZE|2
SMPL003|202605|202606|jpmcap|MIX|3|v15,SMPL003|202605|202606|jpmcap|MIX|3
SMPL003|202605|202606|advisory|BILLABLE_DAYS|1|v15,SMPL003|202605|202606|advisory|BILLABLE_DAYS|1
SMPL003|202605|202606|advisory|DEAL_SIZE|2|v15,SMPL003|202605|202606|advisory|DEAL_SIZE|2
SMPL003|202605|202606|advisory|MIX|3|v15,SMPL003|202605|202606|advisory|MIX|3
SMPL003|202605|202606|equities|DEAL_SIZE|2|v15,SMPL003|202605|202606|equities|DEAL_SIZE|2
SMPL003|202605|202606|mutual_fund_trails|BILLABLE_DAYS|2|v15,SMPL003|202605|202606|mutual_fund_trails|BILLABLE_DAYS|2
SMPL003|202605|202606|mutual_fund_trails|MIX|3|v15,SMPL003|202605|202606|mutual_fund_trails|MIX|3
SMPL003|202605|202606|__TOTAL__|MARKET|1|v15,SMPL003|202605|202606|__TOTAL__|MARKET|1
SMPL003|202605|202606|__TOTAL__|NET_FLOW|2|v15,SMPL003|202605|202606|__TOTAL__|NET_FLOW|2
SMPL001|202604|202605|structured_products|ONE_TIME|1|v16,SMPL001|202604|202605|structured_products|ONE_TIME|1
SMPL001|202604|202605|alternative_investments|TIMING|1|v16,SMPL001|202604|202605|alternative_investments|TIMING|1
SMPL001|202604|202605|unified_managed_account|VOLUME|1|v16,SMPL001|202604|202605|unified_managed_account|VOLUME|1
SMPL001|202604|202605|unified_managed_account|DEAL_SIZE|2|v16,SMPL001|202604|202605|unified_managed_account|DEAL_SIZE|2
SMPL001|202604|202605|unified_managed_account|LOST_ACCOUNT|3|v16,SMPL001|202604|202605|unified_managed_account|LOST_ACCOUNT|3
SMPL001|202604|202605|unified_managed_account|BILLABLE_DAYS|4|v16,SMPL001|202604|202605|unified_managed_account|BILLABLE_DAYS|4
SMPL001|202604|202605|unified_managed_account|MIX|5|v16,SMPL001|202604|202605|unified_managed_account|MIX|5
SMPL001|202604|202605|equities|VOLUME|1|v16,SMPL001|202604|202605|equities|VOLUME|1
SMPL001|202604|202605|jpmcap|BILLABLE_DAYS|1|v16,SMPL001|202604|202605|jpmcap|BILLABLE_DAYS|1
SMPL001|202604|202605|jpmcap|DEAL_SIZE|2|v16,SMPL001|202604|202605|jpmcap|DEAL_SIZE|2
SMPL001|202604|202605|jpmcap|MIX|3|v16,SMPL001|202604|202605|jpmcap|MIX|3
SMPL001|202604|202605|mutual_fund_trails|CLAWBACK|1|v16,SMPL001|202604|202605|mutual_fund_trails|CLAWBACK|1
SMPL001|202604|202605|advisory|BILLABLE_DAYS|1|v16,SMPL001|202604|202605|advisory|BILLABLE_DAYS|1
SMPL001|202604|202605|advisory|DEAL_SIZE|2|v16,SMPL001|202604|202605|advisory|DEAL_SIZE|2
SMPL001|202604|202605|advisory|MIX|3|v16,SMPL001|202604|202605|advisory|MIX|3
SMPL001|202604|202605|mutual_fund_trails|BILLABLE_DAYS|2|v16,SMPL001|202604|202605|mutual_fund_trails|BILLABLE_DAYS|2
SMPL001|202604|202605|mutual_fund_trails|MIX|3|v16,SMPL001|202604|202605|mutual_fund_trails|MIX|3
SMPL001|202604|202605|equities|DEAL_SIZE|2|v16,SMPL001|202604|202605|equities|DEAL_SIZE|2
SMPL001|202604|202605|__TOTAL__|MARKET|1|v16,SMPL001|202604|202605|__TOTAL__|MARKET|1
SMPL001|202604|202605|__TOTAL__|NET_FLOW|2|v16,SMPL001|202604|202605|__TOTAL__|NET_FLOW|2
SMPL001|202605|202606|structured_products|ONE_TIME|1|v16,SMPL001|202605|202606|structured_products|ONE_TIME|1
SMPL001|202605|202606|alternative_investments|TIMING|1|v16,SMPL001|202605|202606|alternative_investments|TIMING|1
SMPL001|202605|202606|unified_managed_account|ELIGIBILITY|1|v16,SMPL001|202605|202606|unified_managed_account|ELIGIBILITY|1
SMPL001|202605|202606|unified_managed_account|BASELINE_LIMITED|2|v16,SMPL001|202605|202606|unified_managed_account|BASELINE_LIMITED|2
SMPL001|202605|202606|unified_managed_account|MIX|3|v16,SMPL001|202605|202606|unified_managed_account|MIX|3
SMPL001|202605|202606|unified_managed_account|DEAL_SIZE|4|v16,SMPL001|202605|202606|unified_managed_account|DEAL_SIZE|4
SMPL001|202605|202606|unified_managed_account|NEW_ACCOUNT|5|v16,SMPL001|202605|202606|unified_managed_account|NEW_ACCOUNT|5
SMPL001|202605|202606|unified_managed_account|BILLABLE_DAYS|6|v16,SMPL001|202605|202606|unified_managed_account|BILLABLE_DAYS|6
SMPL001|202605|202606|equities|VOLUME|1|v16,SMPL001|202605|202606|equities|VOLUME|1
SMPL001|202605|202606|mutual_fund_trails|CLAWBACK|1|v16,SMPL001|202605|202606|mutual_fund_trails|CLAWBACK|1
SMPL001|202605|202606|equities|DEAL_SIZE|2|v16,SMPL001|202605|202606|equities|DEAL_SIZE|2
SMPL001|202605|202606|jpmcap|BILLABLE_DAYS|1|v16,SMPL001|202605|202606|jpmcap|BILLABLE_DAYS|1
SMPL001|202605|202606|jpmcap|DEAL_SIZE|2|v16,SMPL001|202605|202606|jpmcap|DEAL_SIZE|2
SMPL001|202605|202606|jpmcap|MIX|3|v16,SMPL001|202605|202606|jpmcap|MIX|3
SMPL001|202605|202606|advisory|BILLABLE_DAYS|1|v16,SMPL001|202605|202606|advisory|BILLABLE_DAYS|1
SMPL001|202605|202606|advisory|DEAL_SIZE|2|v16,SMPL001|202605|202606|advisory|DEAL_SIZE|2
SMPL001|202605|202606|advisory|MIX|3|v16,SMPL001|202605|202606|advisory|MIX|3
SMPL001|202605|202606|mutual_fund_trails|BILLABLE_DAYS|2|v16,SMPL001|202605|202606|mutual_fund_trails|BILLABLE_DAYS|2
SMPL001|202605|202606|mutual_fund_trails|MIX|3|v16,SMPL001|202605|202606|mutual_fund_trails|MIX|3
SMPL001|202605|202606|__TOTAL__|MARKET|1|v16,SMPL001|202605|202606|__TOTAL__|MARKET|1
SMPL001|202605|202606|__TOTAL__|NET_FLOW|2|v16,SMPL001|202605|202606|__TOTAL__|NET_FLOW|2
SMPL002|202604|202605|structured_products|ONE_TIME|1|v16,SMPL002|202604|202605|structured_products|ONE_TIME|1
SMPL002|202604|202605|unified_managed_account|VOLUME|1|v16,SMPL002|202604|202605|unified_managed_account|VOLUME|1
SMPL002|202604|202605|alternative_investments|TIMING|1|v16,SMPL002|202604|202605|alternative_investments|TIMING|1
SMPL002|202604|202605|unified_managed_account|DEAL_SIZE|2|v16,SMPL002|202604|202605|unified_managed_account|DEAL_SIZE|2
SMPL002|202604|202605|unified_managed_account|BILLABLE_DAYS|3|v16,SMPL002|202604|202605|unified_managed_account|BILLABLE_DAYS|3
SMPL002|202604|202605|unified_managed_account|MIX|4|v16,SMPL002|202604|202605|unified_managed_account|MIX|4
SMPL002|202604|202605|equities|VOLUME|1|v16,SMPL002|202604|202605|equities|VOLUME|1
SMPL002|202604|202605|mutual_fund_trails|CLAWBACK|1|v16,SMPL002|202604|202605|mutual_fund_trails|CLAWBACK|1
SMPL002|202604|202605|jpmcap|BILLABLE_DAYS|1|v16,SMPL002|202604|202605|jpmcap|BILLABLE_DAYS|1
SMPL002|202604|202605|jpmcap|DEAL_SIZE|2|v16,SMPL002|202604|202605|jpmcap|DEAL_SIZE|2
SMPL002|202604|202605|jpmcap|MIX|3|v16,SMPL002|202604|202605|jpmcap|MIX|3
SMPL002|202604|202605|advisory|BILLABLE_DAYS|1|v16,SMPL002|202604|202605|advisory|BILLABLE_DAYS|1
SMPL002|202604|202605|advisory|DEAL_SIZE|2|v16,SMPL002|202604|202605|advisory|DEAL_SIZE|2
SMPL002|202604|202605|advisory|MIX|3|v16,SMPL002|202604|202605|advisory|MIX|3
SMPL002|202604|202605|mutual_fund_trails|BILLABLE_DAYS|2|v16,SMPL002|202604|202605|mutual_fund_trails|BILLABLE_DAYS|2
SMPL002|202604|202605|mutual_fund_trails|MIX|3|v16,SMPL002|202604|202605|mutual_fund_trails|MIX|3
SMPL002|202604|202605|equities|DEAL_SIZE|2|v16,SMPL002|202604|202605|equities|DEAL_SIZE|2
SMPL002|202604|202605|__TOTAL__|MARKET|1|v16,SMPL002|202604|202605|__TOTAL__|MARKET|1
SMPL002|202604|202605|__TOTAL__|NET_FLOW|2|v16,SMPL002|202604|202605|__TOTAL__|NET_FLOW|2
SMPL002|202605|202606|structured_products|ONE_TIME|1|v16,SMPL002|202605|202606|structured_products|ONE_TIME|1
SMPL002|202605|202606|alternative_investments|TIMING|1|v16,SMPL002|202605|202606|alternative_investments|TIMING|1
SMPL002|202605|202606|unified_managed_account|BASELINE_LIMITED|1|v16,SMPL002|202605|202606|unified_managed_account|BASELINE_LIMITED|1
SMPL002|202605|202606|unified_managed_account|VOLUME|2|v16,SMPL002|202605|202606|unified_managed_account|VOLUME|2
SMPL002|202605|202606|unified_managed_account|NEW_ACCOUNT|3|v16,SMPL002|202605|202606|unified_managed_account|NEW_ACCOUNT|3
SMPL002|202605|202606|unified_managed_account|DEAL_SIZE|4|v16,SMPL002|202605|202606|unified_managed_account|DEAL_SIZE|4
SMPL002|202605|202606|unified_managed_account|MIX|5|v16,SMPL002|202605|202606|unified_managed_account|MIX|5
SMPL002|202605|202606|unified_managed_account|FEE_RATE|6|v16,SMPL002|202605|202606|unified_managed_account|FEE_RATE|6
SMPL002|202605|202606|unified_managed_account|BILLABLE_DAYS|7|v16,SMPL002|202605|202606|unified_managed_account|BILLABLE_DAYS|7
SMPL002|202605|202606|equities|VOLUME|1|v16,SMPL002|202605|202606|equities|VOLUME|1
SMPL002|202605|202606|mutual_fund_trails|CLAWBACK|1|v16,SMPL002|202605|202606|mutual_fund_trails|CLAWBACK|1
SMPL002|202605|202606|jpmcap|BILLABLE_DAYS|1|v16,SMPL002|202605|202606|jpmcap|BILLABLE_DAYS|1
SMPL002|202605|202606|jpmcap|DEAL_SIZE|2|v16,SMPL002|202605|202606|jpmcap|DEAL_SIZE|2
SMPL002|202605|202606|jpmcap|MIX|3|v16,SMPL002|202605|202606|jpmcap|MIX|3
SMPL002|202605|202606|advisory|BILLABLE_DAYS|1|v16,SMPL002|202605|202606|advisory|BILLABLE_DAYS|1
SMPL002|202605|202606|advisory|DEAL_SIZE|2|v16,SMPL002|202605|202606|advisory|DEAL_SIZE|2
SMPL002|202605|202606|advisory|MIX|3|v16,SMPL002|202605|202606|advisory|MIX|3
SMPL002|202605|202606|mutual_fund_trails|BILLABLE_DAYS|2|v16,SMPL002|202605|202606|mutual_fund_trails|BILLABLE_DAYS|2
SMPL002|202605|202606|mutual_fund_trails|MIX|3|v16,SMPL002|202605|202606|mutual_fund_trails|MIX|3
SMPL002|202605|202606|equities|DEAL_SIZE|2|v16,SMPL002|202605|202606|equities|DEAL_SIZE|2
SMPL002|202605|202606|__TOTAL__|MARKET|1|v16,SMPL002|202605|202606|__TOTAL__|MARKET|1
SMPL002|202605|202606|__TOTAL__|NET_FLOW|2|v16,SMPL002|202605|202606|__TOTAL__|NET_FLOW|2
SMPL003|202604|202605|structured_products|ONE_TIME|1|v16,SMPL003|202604|202605|structured_products|ONE_TIME|1
SMPL003|202604|202605|alternative_investments|TIMING|1|v16,SMPL003|202604|202605|alternative_investments|TIMING|1
SMPL003|202604|202605|annuities|ONE_TIME|1|v16,SMPL003|202604|202605|annuities|ONE_TIME|1
SMPL003|202604|202605|unified_managed_account|LOST_ACCOUNT|1|v16,SMPL003|202604|202605|unified_managed_account|LOST_ACCOUNT|1
SMPL003|202604|202605|mutual_fund_trails|VOLUME|1|v16,SMPL003|202604|202605|mutual_fund_trails|VOLUME|1
SMPL003|202604|202605|unified_managed_account|BILLABLE_DAYS|2|v16,SMPL003|202604|202605|unified_managed_account|BILLABLE_DAYS|2
SMPL003|202604|202605|unified_managed_account|DEAL_SIZE|3|v16,SMPL003|202604|202605|unified_managed_account|DEAL_SIZE|3
SMPL003|202604|202605|mutual_fund_trails|DEAL_SIZE|2|v16,SMPL003|202604|202605|mutual_fund_trails|DEAL_SIZE|2
SMPL003|202604|202605|unified_managed_account|LATE_PROCESSING|4|v16,SMPL003|202604|202605|unified_managed_account|LATE_PROCESSING|4
SMPL003|202604|202605|mutual_fund_trails|MIX|3|v16,SMPL003|202604|202605|mutual_fund_trails|MIX|3
SMPL003|202604|202605|unified_managed_account|MIX|5|v16,SMPL003|202604|202605|unified_managed_account|MIX|5
SMPL003|202604|202605|mutual_fund_trails|EXCLUDED_CHANGE|4|v16,SMPL003|202604|202605|mutual_fund_trails|EXCLUDED_CHANGE|4
SMPL003|202604|202605|equities|VOLUME|1|v16,SMPL003|202604|202605|equities|VOLUME|1
SMPL003|202604|202605|mutual_fund_trails|CLAWBACK|5|v16,SMPL003|202604|202605|mutual_fund_trails|CLAWBACK|5
SMPL003|202604|202605|jpmcap|BILLABLE_DAYS|1|v16,SMPL003|202604|202605|jpmcap|BILLABLE_DAYS|1
SMPL003|202604|202605|jpmcap|DEAL_SIZE|2|v16,SMPL003|202604|202605|jpmcap|DEAL_SIZE|2
SMPL003|202604|202605|jpmcap|MIX|3|v16,SMPL003|202604|202605|jpmcap|MIX|3
SMPL003|202604|202605|advisory|BILLABLE_DAYS|1|v16,SMPL003|202604|202605|advisory|BILLABLE_DAYS|1
SMPL003|202604|202605|advisory|DEAL_SIZE|2|v16,SMPL003|202604|202605|advisory|DEAL_SIZE|2
SMPL003|202604|202605|advisory|MIX|3|v16,SMPL003|202604|202605|advisory|MIX|3
SMPL003|202604|202605|mutual_fund_trails|BILLABLE_DAYS|6|v16,SMPL003|202604|202605|mutual_fund_trails|BILLABLE_DAYS|6
SMPL003|202604|202605|equities|DEAL_SIZE|2|v16,SMPL003|202604|202605|equities|DEAL_SIZE|2
SMPL003|202604|202605|__TOTAL__|MARKET|1|v16,SMPL003|202604|202605|__TOTAL__|MARKET|1
SMPL003|202604|202605|__TOTAL__|NET_FLOW|2|v16,SMPL003|202604|202605|__TOTAL__|NET_FLOW|2
SMPL003|202605|202606|structured_products|ONE_TIME|1|v16,SMPL003|202605|202606|structured_products|ONE_TIME|1
SMPL003|202605|202606|alternative_investments|TIMING|1|v16,SMPL003|202605|202606|alternative_investments|TIMING|1
SMPL003|202605|202606|unified_managed_account|BASELINE_LIMITED|1|v16,SMPL003|202605|202606|unified_managed_account|BASELINE_LIMITED|1
SMPL003|202605|202606|unified_managed_account|DEAL_SIZE|2|v16,SMPL003|202605|202606|unified_managed_account|DEAL_SIZE|2
SMPL003|202605|202606|unified_managed_account|VOLUME|3|v16,SMPL003|202605|202606|unified_managed_account|VOLUME|3
SMPL003|202605|202606|unified_managed_account|NEW_ACCOUNT|4|v16,SMPL003|202605|202606|unified_managed_account|NEW_ACCOUNT|4
SMPL003|202605|202606|unified_managed_account|DISCOUNT|5|v16,SMPL003|202605|202606|unified_managed_account|DISCOUNT|5
SMPL003|202605|202606|unified_managed_account|BILLABLE_DAYS|6|v16,SMPL003|202605|202606|unified_managed_account|BILLABLE_DAYS|6
SMPL003|202605|202606|equities|VOLUME|1|v16,SMPL003|202605|202606|equities|VOLUME|1
SMPL003|202605|202606|unified_managed_account|MIX|7|v16,SMPL003|202605|202606|unified_managed_account|MIX|7
SMPL003|202605|202606|mutual_fund_trails|CLAWBACK|1|v16,SMPL003|202605|202606|mutual_fund_trails|CLAWBACK|1
SMPL003|202605|202606|jpmcap|BILLABLE_DAYS|1|v16,SMPL003|202605|202606|jpmcap|BILLABLE_DAYS|1
SMPL003|202605|202606|jpmcap|DEAL_SIZE|2|v16,SMPL003|202605|202606|jpmcap|DEAL_SIZE|2
SMPL003|202605|202606|jpmcap|MIX|3|v16,SMPL003|202605|202606|jpmcap|MIX|3
SMPL003|202605|202606|advisory|BILLABLE_DAYS|1|v16,SMPL003|202605|202606|advisory|BILLABLE_DAYS|1
SMPL003|202605|202606|advisory|DEAL_SIZE|2|v16,SMPL003|202605|202606|advisory|DEAL_SIZE|2
SMPL003|202605|202606|advisory|MIX|3|v16,SMPL003|202605|202606|advisory|MIX|3
SMPL003|202605|202606|equities|DEAL_SIZE|2|v16,SMPL003|202605|202606|equities|DEAL_SIZE|2
SMPL003|202605|202606|mutual_fund_trails|BILLABLE_DAYS|2|v16,SMPL003|202605|202606|mutual_fund_trails|BILLABLE_DAYS|2
SMPL003|202605|202606|mutual_fund_trails|MIX|3|v16,SMPL003|202605|202606|mutual_fund_trails|MIX|3
SMPL003|202605|202606|__TOTAL__|MARKET|1|v16,SMPL003|202605|202606|__TOTAL__|MARKET|1
SMPL003|202605|202606|__TOTAL__|NET_FLOW|2|v16,SMPL003|202605|202606|__TOTAL__|NET_FLOW|2
SMPL001|202604|202605|structured_products|ONE_TIME|1|v17,SMPL001|202604|202605|structured_products|ONE_TIME|1
SMPL001|202604|202605|alternative_investments|TIMING|1|v17,SMPL001|202604|202605|alternative_investments|TIMING|1
SMPL001|202604|202605|unified_managed_account|VOLUME|1|v17,SMPL001|202604|202605|unified_managed_account|VOLUME|1
SMPL001|202604|202605|unified_managed_account|DEAL_SIZE|2|v17,SMPL001|202604|202605|unified_managed_account|DEAL_SIZE|2
SMPL001|202604|202605|unified_managed_account|LOST_ACCOUNT|3|v17,SMPL001|202604|202605|unified_managed_account|LOST_ACCOUNT|3
SMPL001|202604|202605|unified_managed_account|BILLABLE_DAYS|4|v17,SMPL001|202604|202605|unified_managed_account|BILLABLE_DAYS|4
SMPL001|202604|202605|unified_managed_account|MIX|5|v17,SMPL001|202604|202605|unified_managed_account|MIX|5
SMPL001|202604|202605|equities|VOLUME|1|v17,SMPL001|202604|202605|equities|VOLUME|1
SMPL001|202604|202605|jpmcap|BILLABLE_DAYS|1|v17,SMPL001|202604|202605|jpmcap|BILLABLE_DAYS|1
SMPL001|202604|202605|jpmcap|DEAL_SIZE|2|v17,SMPL001|202604|202605|jpmcap|DEAL_SIZE|2
SMPL001|202604|202605|jpmcap|MIX|3|v17,SMPL001|202604|202605|jpmcap|MIX|3
SMPL001|202604|202605|mutual_fund_trails|CLAWBACK|1|v17,SMPL001|202604|202605|mutual_fund_trails|CLAWBACK|1
SMPL001|202604|202605|advisory|BILLABLE_DAYS|1|v17,SMPL001|202604|202605|advisory|BILLABLE_DAYS|1
SMPL001|202604|202605|advisory|DEAL_SIZE|2|v17,SMPL001|202604|202605|advisory|DEAL_SIZE|2
SMPL001|202604|202605|advisory|MIX|3|v17,SMPL001|202604|202605|advisory|MIX|3
SMPL001|202604|202605|mutual_fund_trails|BILLABLE_DAYS|2|v17,SMPL001|202604|202605|mutual_fund_trails|BILLABLE_DAYS|2
SMPL001|202604|202605|mutual_fund_trails|MIX|3|v17,SMPL001|202604|202605|mutual_fund_trails|MIX|3
SMPL001|202604|202605|equities|DEAL_SIZE|2|v17,SMPL001|202604|202605|equities|DEAL_SIZE|2
SMPL001|202604|202605|__TOTAL__|MARKET|1|v17,SMPL001|202604|202605|__TOTAL__|MARKET|1
SMPL001|202604|202605|__TOTAL__|NET_FLOW|2|v17,SMPL001|202604|202605|__TOTAL__|NET_FLOW|2
SMPL001|202605|202606|structured_products|ONE_TIME|1|v17,SMPL001|202605|202606|structured_products|ONE_TIME|1
SMPL001|202605|202606|alternative_investments|TIMING|1|v17,SMPL001|202605|202606|alternative_investments|TIMING|1
SMPL001|202605|202606|unified_managed_account|ELIGIBILITY|1|v17,SMPL001|202605|202606|unified_managed_account|ELIGIBILITY|1
SMPL001|202605|202606|unified_managed_account|BASELINE_LIMITED|2|v17,SMPL001|202605|202606|unified_managed_account|BASELINE_LIMITED|2
SMPL001|202605|202606|unified_managed_account|MIX|3|v17,SMPL001|202605|202606|unified_managed_account|MIX|3
SMPL001|202605|202606|unified_managed_account|DEAL_SIZE|4|v17,SMPL001|202605|202606|unified_managed_account|DEAL_SIZE|4
SMPL001|202605|202606|unified_managed_account|NEW_ACCOUNT|5|v17,SMPL001|202605|202606|unified_managed_account|NEW_ACCOUNT|5
SMPL001|202605|202606|unified_managed_account|BILLABLE_DAYS|6|v17,SMPL001|202605|202606|unified_managed_account|BILLABLE_DAYS|6
SMPL001|202605|202606|equities|VOLUME|1|v17,SMPL001|202605|202606|equities|VOLUME|1
SMPL001|202605|202606|mutual_fund_trails|CLAWBACK|1|v17,SMPL001|202605|202606|mutual_fund_trails|CLAWBACK|1
SMPL001|202605|202606|equities|DEAL_SIZE|2|v17,SMPL001|202605|202606|equities|DEAL_SIZE|2
SMPL001|202605|202606|jpmcap|BILLABLE_DAYS|1|v17,SMPL001|202605|202606|jpmcap|BILLABLE_DAYS|1
SMPL001|202605|202606|jpmcap|DEAL_SIZE|2|v17,SMPL001|202605|202606|jpmcap|DEAL_SIZE|2
SMPL001|202605|202606|jpmcap|MIX|3|v17,SMPL001|202605|202606|jpmcap|MIX|3
SMPL001|202605|202606|advisory|BILLABLE_DAYS|1|v17,SMPL001|202605|202606|advisory|BILLABLE_DAYS|1
SMPL001|202605|202606|advisory|DEAL_SIZE|2|v17,SMPL001|202605|202606|advisory|DEAL_SIZE|2
SMPL001|202605|202606|advisory|MIX|3|v17,SMPL001|202605|202606|advisory|MIX|3
SMPL001|202605|202606|mutual_fund_trails|BILLABLE_DAYS|2|v17,SMPL001|202605|202606|mutual_fund_trails|BILLABLE_DAYS|2
SMPL001|202605|202606|mutual_fund_trails|MIX|3|v17,SMPL001|202605|202606|mutual_fund_trails|MIX|3
SMPL001|202605|202606|__TOTAL__|MARKET|1|v17,SMPL001|202605|202606|__TOTAL__|MARKET|1
SMPL001|202605|202606|__TOTAL__|NET_FLOW|2|v17,SMPL001|202605|202606|__TOTAL__|NET_FLOW|2
SMPL002|202604|202605|structured_products|ONE_TIME|1|v17,SMPL002|202604|202605|structured_products|ONE_TIME|1
SMPL002|202604|202605|unified_managed_account|VOLUME|1|v17,SMPL002|202604|202605|unified_managed_account|VOLUME|1
SMPL002|202604|202605|alternative_investments|TIMING|1|v17,SMPL002|202604|202605|alternative_investments|TIMING|1
SMPL002|202604|202605|unified_managed_account|DEAL_SIZE|2|v17,SMPL002|202604|202605|unified_managed_account|DEAL_SIZE|2
SMPL002|202604|202605|unified_managed_account|BILLABLE_DAYS|3|v17,SMPL002|202604|202605|unified_managed_account|BILLABLE_DAYS|3
SMPL002|202604|202605|unified_managed_account|MIX|4|v17,SMPL002|202604|202605|unified_managed_account|MIX|4
SMPL002|202604|202605|equities|VOLUME|1|v17,SMPL002|202604|202605|equities|VOLUME|1
SMPL002|202604|202605|mutual_fund_trails|CLAWBACK|1|v17,SMPL002|202604|202605|mutual_fund_trails|CLAWBACK|1
SMPL002|202604|202605|jpmcap|BILLABLE_DAYS|1|v17,SMPL002|202604|202605|jpmcap|BILLABLE_DAYS|1
SMPL002|202604|202605|jpmcap|DEAL_SIZE|2|v17,SMPL002|202604|202605|jpmcap|DEAL_SIZE|2
SMPL002|202604|202605|jpmcap|MIX|3|v17,SMPL002|202604|202605|jpmcap|MIX|3
SMPL002|202604|202605|advisory|BILLABLE_DAYS|1|v17,SMPL002|202604|202605|advisory|BILLABLE_DAYS|1
SMPL002|202604|202605|advisory|DEAL_SIZE|2|v17,SMPL002|202604|202605|advisory|DEAL_SIZE|2
SMPL002|202604|202605|advisory|MIX|3|v17,SMPL002|202604|202605|advisory|MIX|3
SMPL002|202604|202605|mutual_fund_trails|BILLABLE_DAYS|2|v17,SMPL002|202604|202605|mutual_fund_trails|BILLABLE_DAYS|2
SMPL002|202604|202605|mutual_fund_trails|MIX|3|v17,SMPL002|202604|202605|mutual_fund_trails|MIX|3
SMPL002|202604|202605|equities|DEAL_SIZE|2|v17,SMPL002|202604|202605|equities|DEAL_SIZE|2
SMPL002|202604|202605|__TOTAL__|MARKET|1|v17,SMPL002|202604|202605|__TOTAL__|MARKET|1
SMPL002|202604|202605|__TOTAL__|NET_FLOW|2|v17,SMPL002|202604|202605|__TOTAL__|NET_FLOW|2
SMPL002|202605|202606|structured_products|ONE_TIME|1|v17,SMPL002|202605|202606|structured_products|ONE_TIME|1
SMPL002|202605|202606|alternative_investments|TIMING|1|v17,SMPL002|202605|202606|alternative_investments|TIMING|1
SMPL002|202605|202606|unified_managed_account|BASELINE_LIMITED|1|v17,SMPL002|202605|202606|unified_managed_account|BASELINE_LIMITED|1
SMPL002|202605|202606|unified_managed_account|VOLUME|2|v17,SMPL002|202605|202606|unified_managed_account|VOLUME|2
SMPL002|202605|202606|unified_managed_account|NEW_ACCOUNT|3|v17,SMPL002|202605|202606|unified_managed_account|NEW_ACCOUNT|3
SMPL002|202605|202606|unified_managed_account|DEAL_SIZE|4|v17,SMPL002|202605|202606|unified_managed_account|DEAL_SIZE|4
SMPL002|202605|202606|unified_managed_account|MIX|5|v17,SMPL002|202605|202606|unified_managed_account|MIX|5
SMPL002|202605|202606|unified_managed_account|FEE_RATE|6|v17,SMPL002|202605|202606|unified_managed_account|FEE_RATE|6
SMPL002|202605|202606|unified_managed_account|BILLABLE_DAYS|7|v17,SMPL002|202605|202606|unified_managed_account|BILLABLE_DAYS|7
SMPL002|202605|202606|equities|VOLUME|1|v17,SMPL002|202605|202606|equities|VOLUME|1
SMPL002|202605|202606|mutual_fund_trails|CLAWBACK|1|v17,SMPL002|202605|202606|mutual_fund_trails|CLAWBACK|1
SMPL002|202605|202606|jpmcap|BILLABLE_DAYS|1|v17,SMPL002|202605|202606|jpmcap|BILLABLE_DAYS|1
SMPL002|202605|202606|jpmcap|DEAL_SIZE|2|v17,SMPL002|202605|202606|jpmcap|DEAL_SIZE|2
SMPL002|202605|202606|jpmcap|MIX|3|v17,SMPL002|202605|202606|jpmcap|MIX|3
SMPL002|202605|202606|advisory|BILLABLE_DAYS|1|v17,SMPL002|202605|202606|advisory|BILLABLE_DAYS|1
SMPL002|202605|202606|advisory|DEAL_SIZE|2|v17,SMPL002|202605|202606|advisory|DEAL_SIZE|2
SMPL002|202605|202606|advisory|MIX|3|v17,SMPL002|202605|202606|advisory|MIX|3
SMPL002|202605|202606|mutual_fund_trails|BILLABLE_DAYS|2|v17,SMPL002|202605|202606|mutual_fund_trails|BILLABLE_DAYS|2
SMPL002|202605|202606|mutual_fund_trails|MIX|3|v17,SMPL002|202605|202606|mutual_fund_trails|MIX|3
SMPL002|202605|202606|equities|DEAL_SIZE|2|v17,SMPL002|202605|202606|equities|DEAL_SIZE|2
SMPL002|202605|202606|__TOTAL__|MARKET|1|v17,SMPL002|202605|202606|__TOTAL__|MARKET|1
SMPL002|202605|202606|__TOTAL__|NET_FLOW|2|v17,SMPL002|202605|202606|__TOTAL__|NET_FLOW|2
SMPL003|202604|202605|structured_products|ONE_TIME|1|v17,SMPL003|202604|202605|structured_products|ONE_TIME|1
SMPL003|202604|202605|alternative_investments|TIMING|1|v17,SMPL003|202604|202605|alternative_investments|TIMING|1
SMPL003|202604|202605|annuities|ONE_TIME|1|v17,SMPL003|202604|202605|annuities|ONE_TIME|1
SMPL003|202604|202605|unified_managed_account|LOST_ACCOUNT|1|v17,SMPL003|202604|202605|unified_managed_account|LOST_ACCOUNT|1
SMPL003|202604|202605|mutual_fund_trails|VOLUME|1|v17,SMPL003|202604|202605|mutual_fund_trails|VOLUME|1
SMPL003|202604|202605|unified_managed_account|BILLABLE_DAYS|2|v17,SMPL003|202604|202605|unified_managed_account|BILLABLE_DAYS|2
SMPL003|202604|202605|unified_managed_account|DEAL_SIZE|3|v17,SMPL003|202604|202605|unified_managed_account|DEAL_SIZE|3
SMPL003|202604|202605|mutual_fund_trails|DEAL_SIZE|2|v17,SMPL003|202604|202605|mutual_fund_trails|DEAL_SIZE|2
SMPL003|202604|202605|unified_managed_account|LATE_PROCESSING|4|v17,SMPL003|202604|202605|unified_managed_account|LATE_PROCESSING|4
SMPL003|202604|202605|mutual_fund_trails|MIX|3|v17,SMPL003|202604|202605|mutual_fund_trails|MIX|3
SMPL003|202604|202605|unified_managed_account|MIX|5|v17,SMPL003|202604|202605|unified_managed_account|MIX|5
SMPL003|202604|202605|mutual_fund_trails|EXCLUDED_CHANGE|4|v17,SMPL003|202604|202605|mutual_fund_trails|EXCLUDED_CHANGE|4
SMPL003|202604|202605|equities|VOLUME|1|v17,SMPL003|202604|202605|equities|VOLUME|1
SMPL003|202604|202605|mutual_fund_trails|CLAWBACK|5|v17,SMPL003|202604|202605|mutual_fund_trails|CLAWBACK|5
SMPL003|202604|202605|jpmcap|BILLABLE_DAYS|1|v17,SMPL003|202604|202605|jpmcap|BILLABLE_DAYS|1
SMPL003|202604|202605|jpmcap|DEAL_SIZE|2|v17,SMPL003|202604|202605|jpmcap|DEAL_SIZE|2
SMPL003|202604|202605|jpmcap|MIX|3|v17,SMPL003|202604|202605|jpmcap|MIX|3
SMPL003|202604|202605|advisory|BILLABLE_DAYS|1|v17,SMPL003|202604|202605|advisory|BILLABLE_DAYS|1
SMPL003|202604|202605|advisory|DEAL_SIZE|2|v17,SMPL003|202604|202605|advisory|DEAL_SIZE|2
SMPL003|202604|202605|advisory|MIX|3|v17,SMPL003|202604|202605|advisory|MIX|3
SMPL003|202604|202605|mutual_fund_trails|BILLABLE_DAYS|6|v17,SMPL003|202604|202605|mutual_fund_trails|BILLABLE_DAYS|6
SMPL003|202604|202605|equities|DEAL_SIZE|2|v17,SMPL003|202604|202605|equities|DEAL_SIZE|2
SMPL003|202604|202605|__TOTAL__|MARKET|1|v17,SMPL003|202604|202605|__TOTAL__|MARKET|1
SMPL003|202604|202605|__TOTAL__|NET_FLOW|2|v17,SMPL003|202604|202605|__TOTAL__|NET_FLOW|2
SMPL003|202605|202606|structured_products|ONE_TIME|1|v17,SMPL003|202605|202606|structured_products|ONE_TIME|1
SMPL003|202605|202606|alternative_investments|TIMING|1|v17,SMPL003|202605|202606|alternative_investments|TIMING|1
SMPL003|202605|202606|unified_managed_account|BASELINE_LIMITED|1|v17,SMPL003|202605|202606|unified_managed_account|BASELINE_LIMITED|1
SMPL003|202605|202606|unified_managed_account|DEAL_SIZE|2|v17,SMPL003|202605|202606|unified_managed_account|DEAL_SIZE|2
SMPL003|202605|202606|unified_managed_account|VOLUME|3|v17,SMPL003|202605|202606|unified_managed_account|VOLUME|3
SMPL003|202605|202606|unified_managed_account|NEW_ACCOUNT|4|v17,SMPL003|202605|202606|unified_managed_account|NEW_ACCOUNT|4
SMPL003|202605|202606|unified_managed_account|DISCOUNT|5|v17,SMPL003|202605|202606|unified_managed_account|DISCOUNT|5
SMPL003|202605|202606|unified_managed_account|BILLABLE_DAYS|6|v17,SMPL003|202605|202606|unified_managed_account|BILLABLE_DAYS|6
SMPL003|202605|202606|equities|VOLUME|1|v17,SMPL003|202605|202606|equities|VOLUME|1
SMPL003|202605|202606|unified_managed_account|MIX|7|v17,SMPL003|202605|202606|unified_managed_account|MIX|7
SMPL003|202605|202606|mutual_fund_trails|CLAWBACK|1|v17,SMPL003|202605|202606|mutual_fund_trails|CLAWBACK|1
SMPL003|202605|202606|jpmcap|BILLABLE_DAYS|1|v17,SMPL003|202605|202606|jpmcap|BILLABLE_DAYS|1
SMPL003|202605|202606|jpmcap|DEAL_SIZE|2|v17,SMPL003|202605|202606|jpmcap|DEAL_SIZE|2
SMPL003|202605|202606|jpmcap|MIX|3|v17,SMPL003|202605|202606|jpmcap|MIX|3
SMPL003|202605|202606|advisory|BILLABLE_DAYS|1|v17,SMPL003|202605|202606|advisory|BILLABLE_DAYS|1
SMPL003|202605|202606|advisory|DEAL_SIZE|2|v17,SMPL003|202605|202606|advisory|DEAL_SIZE|2
SMPL003|202605|202606|advisory|MIX|3|v17,SMPL003|202605|202606|advisory|MIX|3
SMPL003|202605|202606|equities|DEAL_SIZE|2|v17,SMPL003|202605|202606|equities|DEAL_SIZE|2
SMPL003|202605|202606|mutual_fund_trails|BILLABLE_DAYS|2|v17,SMPL003|202605|202606|mutual_fund_trails|BILLABLE_DAYS|2
SMPL003|202605|202606|mutual_fund_trails|MIX|3|v17,SMPL003|202605|202606|mutual_fund_trails|MIX|3
SMPL003|202605|202606|__TOTAL__|MARKET|1|v17,SMPL003|202605|202606|__TOTAL__|MARKET|1
SMPL003|202605|202606|__TOTAL__|NET_FLOW|2|v17,SMPL003|202605|202606|__TOTAL__|NET_FLOW|2
SMPL001|202604|202605|structured_products|ONE_TIME|1|v18,SMPL001|202604|202605|structured_products|ONE_TIME|1
SMPL001|202604|202605|alternative_investments|TIMING|1|v18,SMPL001|202604|202605|alternative_investments|TIMING|1
SMPL001|202604|202605|unified_managed_account|VOLUME|1|v18,SMPL001|202604|202605|unified_managed_account|VOLUME|1
SMPL001|202604|202605|unified_managed_account|DEAL_SIZE|2|v18,SMPL001|202604|202605|unified_managed_account|DEAL_SIZE|2
SMPL001|202604|202605|unified_managed_account|LOST_ACCOUNT|3|v18,SMPL001|202604|202605|unified_managed_account|LOST_ACCOUNT|3
SMPL001|202604|202605|unified_managed_account|BILLABLE_DAYS|4|v18,SMPL001|202604|202605|unified_managed_account|BILLABLE_DAYS|4
SMPL001|202604|202605|unified_managed_account|MIX|5|v18,SMPL001|202604|202605|unified_managed_account|MIX|5
SMPL001|202604|202605|equities|VOLUME|1|v18,SMPL001|202604|202605|equities|VOLUME|1
SMPL001|202604|202605|jpmcap|BILLABLE_DAYS|1|v18,SMPL001|202604|202605|jpmcap|BILLABLE_DAYS|1
SMPL001|202604|202605|jpmcap|DEAL_SIZE|2|v18,SMPL001|202604|202605|jpmcap|DEAL_SIZE|2
SMPL001|202604|202605|jpmcap|MIX|3|v18,SMPL001|202604|202605|jpmcap|MIX|3
SMPL001|202604|202605|mutual_fund_trails|CLAWBACK|1|v18,SMPL001|202604|202605|mutual_fund_trails|CLAWBACK|1
SMPL001|202604|202605|advisory|BILLABLE_DAYS|1|v18,SMPL001|202604|202605|advisory|BILLABLE_DAYS|1
SMPL001|202604|202605|advisory|DEAL_SIZE|2|v18,SMPL001|202604|202605|advisory|DEAL_SIZE|2
SMPL001|202604|202605|advisory|MIX|3|v18,SMPL001|202604|202605|advisory|MIX|3
SMPL001|202604|202605|mutual_fund_trails|BILLABLE_DAYS|2|v18,SMPL001|202604|202605|mutual_fund_trails|BILLABLE_DAYS|2
SMPL001|202604|202605|mutual_fund_trails|MIX|3|v18,SMPL001|202604|202605|mutual_fund_trails|MIX|3
SMPL001|202604|202605|equities|DEAL_SIZE|2|v18,SMPL001|202604|202605|equities|DEAL_SIZE|2
SMPL001|202604|202605|__TOTAL__|MARKET|1|v18,SMPL001|202604|202605|__TOTAL__|MARKET|1
SMPL001|202604|202605|__TOTAL__|NET_FLOW|2|v18,SMPL001|202604|202605|__TOTAL__|NET_FLOW|2
SMPL001|202605|202606|structured_products|ONE_TIME|1|v18,SMPL001|202605|202606|structured_products|ONE_TIME|1
SMPL001|202605|202606|alternative_investments|TIMING|1|v18,SMPL001|202605|202606|alternative_investments|TIMING|1
SMPL001|202605|202606|unified_managed_account|ELIGIBILITY|1|v18,SMPL001|202605|202606|unified_managed_account|ELIGIBILITY|1
SMPL001|202605|202606|unified_managed_account|BASELINE_LIMITED|2|v18,SMPL001|202605|202606|unified_managed_account|BASELINE_LIMITED|2
SMPL001|202605|202606|unified_managed_account|MIX|3|v18,SMPL001|202605|202606|unified_managed_account|MIX|3
SMPL001|202605|202606|unified_managed_account|DEAL_SIZE|4|v18,SMPL001|202605|202606|unified_managed_account|DEAL_SIZE|4
SMPL001|202605|202606|unified_managed_account|NEW_ACCOUNT|5|v18,SMPL001|202605|202606|unified_managed_account|NEW_ACCOUNT|5
SMPL001|202605|202606|unified_managed_account|BILLABLE_DAYS|6|v18,SMPL001|202605|202606|unified_managed_account|BILLABLE_DAYS|6
SMPL001|202605|202606|equities|VOLUME|1|v18,SMPL001|202605|202606|equities|VOLUME|1
SMPL001|202605|202606|mutual_fund_trails|CLAWBACK|1|v18,SMPL001|202605|202606|mutual_fund_trails|CLAWBACK|1
SMPL001|202605|202606|equities|DEAL_SIZE|2|v18,SMPL001|202605|202606|equities|DEAL_SIZE|2
SMPL001|202605|202606|jpmcap|BILLABLE_DAYS|1|v18,SMPL001|202605|202606|jpmcap|BILLABLE_DAYS|1
SMPL001|202605|202606|jpmcap|DEAL_SIZE|2|v18,SMPL001|202605|202606|jpmcap|DEAL_SIZE|2
SMPL001|202605|202606|jpmcap|MIX|3|v18,SMPL001|202605|202606|jpmcap|MIX|3
SMPL001|202605|202606|advisory|BILLABLE_DAYS|1|v18,SMPL001|202605|202606|advisory|BILLABLE_DAYS|1
SMPL001|202605|202606|advisory|DEAL_SIZE|2|v18,SMPL001|202605|202606|advisory|DEAL_SIZE|2
SMPL001|202605|202606|advisory|MIX|3|v18,SMPL001|202605|202606|advisory|MIX|3
SMPL001|202605|202606|mutual_fund_trails|BILLABLE_DAYS|2|v18,SMPL001|202605|202606|mutual_fund_trails|BILLABLE_DAYS|2
SMPL001|202605|202606|mutual_fund_trails|MIX|3|v18,SMPL001|202605|202606|mutual_fund_trails|MIX|3
SMPL001|202605|202606|__TOTAL__|MARKET|1|v18,SMPL001|202605|202606|__TOTAL__|MARKET|1
SMPL001|202605|202606|__TOTAL__|NET_FLOW|2|v18,SMPL001|202605|202606|__TOTAL__|NET_FLOW|2
SMPL002|202604|202605|structured_products|ONE_TIME|1|v18,SMPL002|202604|202605|structured_products|ONE_TIME|1
SMPL002|202604|202605|unified_managed_account|VOLUME|1|v18,SMPL002|202604|202605|unified_managed_account|VOLUME|1
SMPL002|202604|202605|alternative_investments|TIMING|1|v18,SMPL002|202604|202605|alternative_investments|TIMING|1
SMPL002|202604|202605|unified_managed_account|DEAL_SIZE|2|v18,SMPL002|202604|202605|unified_managed_account|DEAL_SIZE|2
SMPL002|202604|202605|unified_managed_account|BILLABLE_DAYS|3|v18,SMPL002|202604|202605|unified_managed_account|BILLABLE_DAYS|3
SMPL002|202604|202605|unified_managed_account|MIX|4|v18,SMPL002|202604|202605|unified_managed_account|MIX|4
SMPL002|202604|202605|equities|VOLUME|1|v18,SMPL002|202604|202605|equities|VOLUME|1
SMPL002|202604|202605|mutual_fund_trails|CLAWBACK|1|v18,SMPL002|202604|202605|mutual_fund_trails|CLAWBACK|1
SMPL002|202604|202605|jpmcap|BILLABLE_DAYS|1|v18,SMPL002|202604|202605|jpmcap|BILLABLE_DAYS|1
SMPL002|202604|202605|jpmcap|DEAL_SIZE|2|v18,SMPL002|202604|202605|jpmcap|DEAL_SIZE|2
SMPL002|202604|202605|jpmcap|MIX|3|v18,SMPL002|202604|202605|jpmcap|MIX|3
SMPL002|202604|202605|advisory|BILLABLE_DAYS|1|v18,SMPL002|202604|202605|advisory|BILLABLE_DAYS|1
SMPL002|202604|202605|advisory|DEAL_SIZE|2|v18,SMPL002|202604|202605|advisory|DEAL_SIZE|2
SMPL002|202604|202605|advisory|MIX|3|v18,SMPL002|202604|202605|advisory|MIX|3
SMPL002|202604|202605|mutual_fund_trails|BILLABLE_DAYS|2|v18,SMPL002|202604|202605|mutual_fund_trails|BILLABLE_DAYS|2
SMPL002|202604|202605|mutual_fund_trails|MIX|3|v18,SMPL002|202604|202605|mutual_fund_trails|MIX|3
SMPL002|202604|202605|equities|DEAL_SIZE|2|v18,SMPL002|202604|202605|equities|DEAL_SIZE|2
SMPL002|202604|202605|__TOTAL__|MARKET|1|v18,SMPL002|202604|202605|__TOTAL__|MARKET|1
SMPL002|202604|202605|__TOTAL__|NET_FLOW|2|v18,SMPL002|202604|202605|__TOTAL__|NET_FLOW|2
SMPL002|202605|202606|structured_products|ONE_TIME|1|v18,SMPL002|202605|202606|structured_products|ONE_TIME|1
SMPL002|202605|202606|alternative_investments|TIMING|1|v18,SMPL002|202605|202606|alternative_investments|TIMING|1
SMPL002|202605|202606|unified_managed_account|BASELINE_LIMITED|1|v18,SMPL002|202605|202606|unified_managed_account|BASELINE_LIMITED|1
SMPL002|202605|202606|unified_managed_account|VOLUME|2|v18,SMPL002|202605|202606|unified_managed_account|VOLUME|2
SMPL002|202605|202606|unified_managed_account|NEW_ACCOUNT|3|v18,SMPL002|202605|202606|unified_managed_account|NEW_ACCOUNT|3
SMPL002|202605|202606|unified_managed_account|DEAL_SIZE|4|v18,SMPL002|202605|202606|unified_managed_account|DEAL_SIZE|4
SMPL002|202605|202606|unified_managed_account|MIX|5|v18,SMPL002|202605|202606|unified_managed_account|MIX|5
SMPL002|202605|202606|unified_managed_account|FEE_RATE|6|v18,SMPL002|202605|202606|unified_managed_account|FEE_RATE|6
SMPL002|202605|202606|unified_managed_account|BILLABLE_DAYS|7|v18,SMPL002|202605|202606|unified_managed_account|BILLABLE_DAYS|7
SMPL002|202605|202606|equities|VOLUME|1|v18,SMPL002|202605|202606|equities|VOLUME|1
SMPL002|202605|202606|mutual_fund_trails|CLAWBACK|1|v18,SMPL002|202605|202606|mutual_fund_trails|CLAWBACK|1
SMPL002|202605|202606|jpmcap|BILLABLE_DAYS|1|v18,SMPL002|202605|202606|jpmcap|BILLABLE_DAYS|1
SMPL002|202605|202606|jpmcap|DEAL_SIZE|2|v18,SMPL002|202605|202606|jpmcap|DEAL_SIZE|2
SMPL002|202605|202606|jpmcap|MIX|3|v18,SMPL002|202605|202606|jpmcap|MIX|3
SMPL002|202605|202606|advisory|BILLABLE_DAYS|1|v18,SMPL002|202605|202606|advisory|BILLABLE_DAYS|1
SMPL002|202605|202606|advisory|DEAL_SIZE|2|v18,SMPL002|202605|202606|advisory|DEAL_SIZE|2
SMPL002|202605|202606|advisory|MIX|3|v18,SMPL002|202605|202606|advisory|MIX|3
SMPL002|202605|202606|mutual_fund_trails|BILLABLE_DAYS|2|v18,SMPL002|202605|202606|mutual_fund_trails|BILLABLE_DAYS|2
SMPL002|202605|202606|mutual_fund_trails|MIX|3|v18,SMPL002|202605|202606|mutual_fund_trails|MIX|3
SMPL002|202605|202606|equities|DEAL_SIZE|2|v18,SMPL002|202605|202606|equities|DEAL_SIZE|2
SMPL002|202605|202606|__TOTAL__|MARKET|1|v18,SMPL002|202605|202606|__TOTAL__|MARKET|1
SMPL002|202605|202606|__TOTAL__|NET_FLOW|2|v18,SMPL002|202605|202606|__TOTAL__|NET_FLOW|2
SMPL003|202604|202605|structured_products|ONE_TIME|1|v18,SMPL003|202604|202605|structured_products|ONE_TIME|1
SMPL003|202604|202605|alternative_investments|TIMING|1|v18,SMPL003|202604|202605|alternative_investments|TIMING|1
SMPL003|202604|202605|annuities|ONE_TIME|1|v18,SMPL003|202604|202605|annuities|ONE_TIME|1
SMPL003|202604|202605|unified_managed_account|LOST_ACCOUNT|1|v18,SMPL003|202604|202605|unified_managed_account|LOST_ACCOUNT|1
SMPL003|202604|202605|mutual_fund_trails|VOLUME|1|v18,SMPL003|202604|202605|mutual_fund_trails|VOLUME|1
SMPL003|202604|202605|unified_managed_account|BILLABLE_DAYS|2|v18,SMPL003|202604|202605|unified_managed_account|BILLABLE_DAYS|2
SMPL003|202604|202605|unified_managed_account|DEAL_SIZE|3|v18,SMPL003|202604|202605|unified_managed_account|DEAL_SIZE|3
SMPL003|202604|202605|mutual_fund_trails|DEAL_SIZE|2|v18,SMPL003|202604|202605|mutual_fund_trails|DEAL_SIZE|2
SMPL003|202604|202605|unified_managed_account|LATE_PROCESSING|4|v18,SMPL003|202604|202605|unified_managed_account|LATE_PROCESSING|4
SMPL003|202604|202605|mutual_fund_trails|MIX|3|v18,SMPL003|202604|202605|mutual_fund_trails|MIX|3
SMPL003|202604|202605|unified_managed_account|MIX|5|v18,SMPL003|202604|202605|unified_managed_account|MIX|5
SMPL003|202604|202605|mutual_fund_trails|EXCLUDED_CHANGE|4|v18,SMPL003|202604|202605|mutual_fund_trails|EXCLUDED_CHANGE|4
SMPL003|202604|202605|equities|VOLUME|1|v18,SMPL003|202604|202605|equities|VOLUME|1
SMPL003|202604|202605|mutual_fund_trails|CLAWBACK|5|v18,SMPL003|202604|202605|mutual_fund_trails|CLAWBACK|5
SMPL003|202604|202605|jpmcap|BILLABLE_DAYS|1|v18,SMPL003|202604|202605|jpmcap|BILLABLE_DAYS|1
SMPL003|202604|202605|jpmcap|DEAL_SIZE|2|v18,SMPL003|202604|202605|jpmcap|DEAL_SIZE|2
SMPL003|202604|202605|jpmcap|MIX|3|v18,SMPL003|202604|202605|jpmcap|MIX|3
SMPL003|202604|202605|advisory|BILLABLE_DAYS|1|v18,SMPL003|202604|202605|advisory|BILLABLE_DAYS|1
SMPL003|202604|202605|advisory|DEAL_SIZE|2|v18,SMPL003|202604|202605|advisory|DEAL_SIZE|2
SMPL003|202604|202605|advisory|MIX|3|v18,SMPL003|202604|202605|advisory|MIX|3
SMPL003|202604|202605|mutual_fund_trails|BILLABLE_DAYS|6|v18,SMPL003|202604|202605|mutual_fund_trails|BILLABLE_DAYS|6
SMPL003|202604|202605|equities|DEAL_SIZE|2|v18,SMPL003|202604|202605|equities|DEAL_SIZE|2
SMPL003|202604|202605|__TOTAL__|MARKET|1|v18,SMPL003|202604|202605|__TOTAL__|MARKET|1
SMPL003|202604|202605|__TOTAL__|NET_FLOW|2|v18,SMPL003|202604|202605|__TOTAL__|NET_FLOW|2
SMPL003|202605|202606|structured_products|ONE_TIME|1|v18,SMPL003|202605|202606|structured_products|ONE_TIME|1
SMPL003|202605|202606|alternative_investments|TIMING|1|v18,SMPL003|202605|202606|alternative_investments|TIMING|1
SMPL003|202605|202606|unified_managed_account|BASELINE_LIMITED|1|v18,SMPL003|202605|202606|unified_managed_account|BASELINE_LIMITED|1
SMPL003|202605|202606|unified_managed_account|DEAL_SIZE|2|v18,SMPL003|202605|202606|unified_managed_account|DEAL_SIZE|2
SMPL003|202605|202606|unified_managed_account|VOLUME|3|v18,SMPL003|202605|202606|unified_managed_account|VOLUME|3
SMPL003|202605|202606|unified_managed_account|NEW_ACCOUNT|4|v18,SMPL003|202605|202606|unified_managed_account|NEW_ACCOUNT|4
SMPL003|202605|202606|unified_managed_account|DISCOUNT|5|v18,SMPL003|202605|202606|unified_managed_account|DISCOUNT|5
SMPL003|202605|202606|unified_managed_account|BILLABLE_DAYS|6|v18,SMPL003|202605|202606|unified_managed_account|BILLABLE_DAYS|6
SMPL003|202605|202606|equities|VOLUME|1|v18,SMPL003|202605|202606|equities|VOLUME|1
SMPL003|202605|202606|unified_managed_account|MIX|7|v18,SMPL003|202605|202606|unified_managed_account|MIX|7
SMPL003|202605|202606|mutual_fund_trails|CLAWBACK|1|v18,SMPL003|202605|202606|mutual_fund_trails|CLAWBACK|1
SMPL003|202605|202606|jpmcap|BILLABLE_DAYS|1|v18,SMPL003|202605|202606|jpmcap|BILLABLE_DAYS|1
SMPL003|202605|202606|jpmcap|DEAL_SIZE|2|v18,SMPL003|202605|202606|jpmcap|DEAL_SIZE|2
SMPL003|202605|202606|jpmcap|MIX|3|v18,SMPL003|202605|202606|jpmcap|MIX|3
SMPL003|202605|202606|advisory|BILLABLE_DAYS|1|v18,SMPL003|202605|202606|advisory|BILLABLE_DAYS|1
SMPL003|202605|202606|advisory|DEAL_SIZE|2|v18,SMPL003|202605|202606|advisory|DEAL_SIZE|2
SMPL003|202605|202606|advisory|MIX|3|v18,SMPL003|202605|202606|advisory|MIX|3
SMPL003|202605|202606|equities|DEAL_SIZE|2|v18,SMPL003|202605|202606|equities|DEAL_SIZE|2
SMPL003|202605|202606|mutual_fund_trails|BILLABLE_DAYS|2|v18,SMPL003|202605|202606|mutual_fund_trails|BILLABLE_DAYS|2
SMPL003|202605|202606|mutual_fund_trails|MIX|3|v18,SMPL003|202605|202606|mutual_fund_trails|MIX|3
SMPL003|202605|202606|__TOTAL__|MARKET|1|v18,SMPL003|202605|202606|__TOTAL__|MARKET|1
SMPL003|202605|202606|__TOTAL__|NET_FLOW|2|v18,SMPL003|202605|202606|__TOTAL__|NET_FLOW|2
SMPL001|202604|202605|structured_products|ONE_TIME|1|v19,SMPL001|202604|202605|structured_products|ONE_TIME|1
SMPL001|202604|202605|alternative_investments|TIMING|1|v19,SMPL001|202604|202605|alternative_investments|TIMING|1
SMPL001|202604|202605|unified_managed_account|VOLUME|1|v19,SMPL001|202604|202605|unified_managed_account|VOLUME|1
SMPL001|202604|202605|unified_managed_account|DEAL_SIZE|2|v19,SMPL001|202604|202605|unified_managed_account|DEAL_SIZE|2
SMPL001|202604|202605|unified_managed_account|LOST_ACCOUNT|3|v19,SMPL001|202604|202605|unified_managed_account|LOST_ACCOUNT|3
SMPL001|202604|202605|unified_managed_account|BILLABLE_DAYS|4|v19,SMPL001|202604|202605|unified_managed_account|BILLABLE_DAYS|4
SMPL001|202604|202605|unified_managed_account|MIX|5|v19,SMPL001|202604|202605|unified_managed_account|MIX|5
SMPL001|202604|202605|equities|VOLUME|1|v19,SMPL001|202604|202605|equities|VOLUME|1
SMPL001|202604|202605|jpmcap|BILLABLE_DAYS|1|v19,SMPL001|202604|202605|jpmcap|BILLABLE_DAYS|1
SMPL001|202604|202605|jpmcap|DEAL_SIZE|2|v19,SMPL001|202604|202605|jpmcap|DEAL_SIZE|2
SMPL001|202604|202605|jpmcap|MIX|3|v19,SMPL001|202604|202605|jpmcap|MIX|3
SMPL001|202604|202605|mutual_fund_trails|CLAWBACK|1|v19,SMPL001|202604|202605|mutual_fund_trails|CLAWBACK|1
SMPL001|202604|202605|advisory|BILLABLE_DAYS|1|v19,SMPL001|202604|202605|advisory|BILLABLE_DAYS|1
SMPL001|202604|202605|advisory|DEAL_SIZE|2|v19,SMPL001|202604|202605|advisory|DEAL_SIZE|2
SMPL001|202604|202605|advisory|MIX|3|v19,SMPL001|202604|202605|advisory|MIX|3
SMPL001|202604|202605|mutual_fund_trails|BILLABLE_DAYS|2|v19,SMPL001|202604|202605|mutual_fund_trails|BILLABLE_DAYS|2
SMPL001|202604|202605|mutual_fund_trails|MIX|3|v19,SMPL001|202604|202605|mutual_fund_trails|MIX|3
SMPL001|202604|202605|equities|DEAL_SIZE|2|v19,SMPL001|202604|202605|equities|DEAL_SIZE|2
SMPL001|202604|202605|__TOTAL__|MARKET|1|v19,SMPL001|202604|202605|__TOTAL__|MARKET|1
SMPL001|202604|202605|__TOTAL__|NET_FLOW|2|v19,SMPL001|202604|202605|__TOTAL__|NET_FLOW|2
SMPL001|202605|202606|structured_products|ONE_TIME|1|v19,SMPL001|202605|202606|structured_products|ONE_TIME|1
SMPL001|202605|202606|alternative_investments|TIMING|1|v19,SMPL001|202605|202606|alternative_investments|TIMING|1
SMPL001|202605|202606|unified_managed_account|ELIGIBILITY|1|v19,SMPL001|202605|202606|unified_managed_account|ELIGIBILITY|1
SMPL001|202605|202606|unified_managed_account|BASELINE_LIMITED|2|v19,SMPL001|202605|202606|unified_managed_account|BASELINE_LIMITED|2
SMPL001|202605|202606|unified_managed_account|MIX|3|v19,SMPL001|202605|202606|unified_managed_account|MIX|3
SMPL001|202605|202606|unified_managed_account|DEAL_SIZE|4|v19,SMPL001|202605|202606|unified_managed_account|DEAL_SIZE|4
SMPL001|202605|202606|unified_managed_account|NEW_ACCOUNT|5|v19,SMPL001|202605|202606|unified_managed_account|NEW_ACCOUNT|5
SMPL001|202605|202606|unified_managed_account|BILLABLE_DAYS|6|v19,SMPL001|202605|202606|unified_managed_account|BILLABLE_DAYS|6
SMPL001|202605|202606|equities|VOLUME|1|v19,SMPL001|202605|202606|equities|VOLUME|1
SMPL001|202605|202606|mutual_fund_trails|CLAWBACK|1|v19,SMPL001|202605|202606|mutual_fund_trails|CLAWBACK|1
SMPL001|202605|202606|equities|DEAL_SIZE|2|v19,SMPL001|202605|202606|equities|DEAL_SIZE|2
SMPL001|202605|202606|jpmcap|BILLABLE_DAYS|1|v19,SMPL001|202605|202606|jpmcap|BILLABLE_DAYS|1
SMPL001|202605|202606|jpmcap|DEAL_SIZE|2|v19,SMPL001|202605|202606|jpmcap|DEAL_SIZE|2
SMPL001|202605|202606|jpmcap|MIX|3|v19,SMPL001|202605|202606|jpmcap|MIX|3
SMPL001|202605|202606|advisory|BILLABLE_DAYS|1|v19,SMPL001|202605|202606|advisory|BILLABLE_DAYS|1
SMPL001|202605|202606|advisory|DEAL_SIZE|2|v19,SMPL001|202605|202606|advisory|DEAL_SIZE|2
SMPL001|202605|202606|advisory|MIX|3|v19,SMPL001|202605|202606|advisory|MIX|3
SMPL001|202605|202606|mutual_fund_trails|BILLABLE_DAYS|2|v19,SMPL001|202605|202606|mutual_fund_trails|BILLABLE_DAYS|2
SMPL001|202605|202606|mutual_fund_trails|MIX|3|v19,SMPL001|202605|202606|mutual_fund_trails|MIX|3
SMPL001|202605|202606|__TOTAL__|MARKET|1|v19,SMPL001|202605|202606|__TOTAL__|MARKET|1
SMPL001|202605|202606|__TOTAL__|NET_FLOW|2|v19,SMPL001|202605|202606|__TOTAL__|NET_FLOW|2
SMPL002|202604|202605|structured_products|ONE_TIME|1|v19,SMPL002|202604|202605|structured_products|ONE_TIME|1
SMPL002|202604|202605|unified_managed_account|VOLUME|1|v19,SMPL002|202604|202605|unified_managed_account|VOLUME|1
SMPL002|202604|202605|alternative_investments|TIMING|1|v19,SMPL002|202604|202605|alternative_investments|TIMING|1
SMPL002|202604|202605|unified_managed_account|DEAL_SIZE|2|v19,SMPL002|202604|202605|unified_managed_account|DEAL_SIZE|2
SMPL002|202604|202605|unified_managed_account|BILLABLE_DAYS|3|v19,SMPL002|202604|202605|unified_managed_account|BILLABLE_DAYS|3
SMPL002|202604|202605|unified_managed_account|MIX|4|v19,SMPL002|202604|202605|unified_managed_account|MIX|4
SMPL002|202604|202605|equities|VOLUME|1|v19,SMPL002|202604|202605|equities|VOLUME|1
SMPL002|202604|202605|mutual_fund_trails|CLAWBACK|1|v19,SMPL002|202604|202605|mutual_fund_trails|CLAWBACK|1
SMPL002|202604|202605|jpmcap|BILLABLE_DAYS|1|v19,SMPL002|202604|202605|jpmcap|BILLABLE_DAYS|1
SMPL002|202604|202605|jpmcap|DEAL_SIZE|2|v19,SMPL002|202604|202605|jpmcap|DEAL_SIZE|2
SMPL002|202604|202605|jpmcap|MIX|3|v19,SMPL002|202604|202605|jpmcap|MIX|3
SMPL002|202604|202605|advisory|BILLABLE_DAYS|1|v19,SMPL002|202604|202605|advisory|BILLABLE_DAYS|1
SMPL002|202604|202605|advisory|DEAL_SIZE|2|v19,SMPL002|202604|202605|advisory|DEAL_SIZE|2
SMPL002|202604|202605|advisory|MIX|3|v19,SMPL002|202604|202605|advisory|MIX|3
SMPL002|202604|202605|mutual_fund_trails|BILLABLE_DAYS|2|v19,SMPL002|202604|202605|mutual_fund_trails|BILLABLE_DAYS|2
SMPL002|202604|202605|mutual_fund_trails|MIX|3|v19,SMPL002|202604|202605|mutual_fund_trails|MIX|3
SMPL002|202604|202605|equities|DEAL_SIZE|2|v19,SMPL002|202604|202605|equities|DEAL_SIZE|2
SMPL002|202604|202605|__TOTAL__|MARKET|1|v19,SMPL002|202604|202605|__TOTAL__|MARKET|1
SMPL002|202604|202605|__TOTAL__|NET_FLOW|2|v19,SMPL002|202604|202605|__TOTAL__|NET_FLOW|2
SMPL002|202605|202606|structured_products|ONE_TIME|1|v19,SMPL002|202605|202606|structured_products|ONE_TIME|1
SMPL002|202605|202606|alternative_investments|TIMING|1|v19,SMPL002|202605|202606|alternative_investments|TIMING|1
SMPL002|202605|202606|unified_managed_account|BASELINE_LIMITED|1|v19,SMPL002|202605|202606|unified_managed_account|BASELINE_LIMITED|1
SMPL002|202605|202606|unified_managed_account|VOLUME|2|v19,SMPL002|202605|202606|unified_managed_account|VOLUME|2
SMPL002|202605|202606|unified_managed_account|NEW_ACCOUNT|3|v19,SMPL002|202605|202606|unified_managed_account|NEW_ACCOUNT|3
SMPL002|202605|202606|unified_managed_account|DEAL_SIZE|4|v19,SMPL002|202605|202606|unified_managed_account|DEAL_SIZE|4
SMPL002|202605|202606|unified_managed_account|MIX|5|v19,SMPL002|202605|202606|unified_managed_account|MIX|5
SMPL002|202605|202606|unified_managed_account|FEE_RATE|6|v19,SMPL002|202605|202606|unified_managed_account|FEE_RATE|6
SMPL002|202605|202606|unified_managed_account|BILLABLE_DAYS|7|v19,SMPL002|202605|202606|unified_managed_account|BILLABLE_DAYS|7
SMPL002|202605|202606|equities|VOLUME|1|v19,SMPL002|202605|202606|equities|VOLUME|1
SMPL002|202605|202606|mutual_fund_trails|CLAWBACK|1|v19,SMPL002|202605|202606|mutual_fund_trails|CLAWBACK|1
SMPL002|202605|202606|jpmcap|BILLABLE_DAYS|1|v19,SMPL002|202605|202606|jpmcap|BILLABLE_DAYS|1
SMPL002|202605|202606|jpmcap|DEAL_SIZE|2|v19,SMPL002|202605|202606|jpmcap|DEAL_SIZE|2
SMPL002|202605|202606|jpmcap|MIX|3|v19,SMPL002|202605|202606|jpmcap|MIX|3
SMPL002|202605|202606|advisory|BILLABLE_DAYS|1|v19,SMPL002|202605|202606|advisory|BILLABLE_DAYS|1
SMPL002|202605|202606|advisory|DEAL_SIZE|2|v19,SMPL002|202605|202606|advisory|DEAL_SIZE|2
SMPL002|202605|202606|advisory|MIX|3|v19,SMPL002|202605|202606|advisory|MIX|3
SMPL002|202605|202606|mutual_fund_trails|BILLABLE_DAYS|2|v19,SMPL002|202605|202606|mutual_fund_trails|BILLABLE_DAYS|2
SMPL002|202605|202606|mutual_fund_trails|MIX|3|v19,SMPL002|202605|202606|mutual_fund_trails|MIX|3
SMPL002|202605|202606|equities|DEAL_SIZE|2|v19,SMPL002|202605|202606|equities|DEAL_SIZE|2
SMPL002|202605|202606|__TOTAL__|MARKET|1|v19,SMPL002|202605|202606|__TOTAL__|MARKET|1
SMPL002|202605|202606|__TOTAL__|NET_FLOW|2|v19,SMPL002|202605|202606|__TOTAL__|NET_FLOW|2
SMPL003|202604|202605|structured_products|ONE_TIME|1|v19,SMPL003|202604|202605|structured_products|ONE_TIME|1
SMPL003|202604|202605|alternative_investments|TIMING|1|v19,SMPL003|202604|202605|alternative_investments|TIMING|1
SMPL003|202604|202605|annuities|ONE_TIME|1|v19,SMPL003|202604|202605|annuities|ONE_TIME|1
SMPL003|202604|202605|unified_managed_account|LOST_ACCOUNT|1|v19,SMPL003|202604|202605|unified_managed_account|LOST_ACCOUNT|1
SMPL003|202604|202605|mutual_fund_trails|VOLUME|1|v19,SMPL003|202604|202605|mutual_fund_trails|VOLUME|1
SMPL003|202604|202605|unified_managed_account|BILLABLE_DAYS|2|v19,SMPL003|202604|202605|unified_managed_account|BILLABLE_DAYS|2
SMPL003|202604|202605|unified_managed_account|DEAL_SIZE|3|v19,SMPL003|202604|202605|unified_managed_account|DEAL_SIZE|3
SMPL003|202604|202605|mutual_fund_trails|DEAL_SIZE|2|v19,SMPL003|202604|202605|mutual_fund_trails|DEAL_SIZE|2
SMPL003|202604|202605|unified_managed_account|LATE_PROCESSING|4|v19,SMPL003|202604|202605|unified_managed_account|LATE_PROCESSING|4
SMPL003|202604|202605|mutual_fund_trails|MIX|3|v19,SMPL003|202604|202605|mutual_fund_trails|MIX|3
SMPL003|202604|202605|unified_managed_account|MIX|5|v19,SMPL003|202604|202605|unified_managed_account|MIX|5
SMPL003|202604|202605|mutual_fund_trails|EXCLUDED_CHANGE|4|v19,SMPL003|202604|202605|mutual_fund_trails|EXCLUDED_CHANGE|4
SMPL003|202604|202605|equities|VOLUME|1|v19,SMPL003|202604|202605|equities|VOLUME|1
SMPL003|202604|202605|mutual_fund_trails|CLAWBACK|5|v19,SMPL003|202604|202605|mutual_fund_trails|CLAWBACK|5
SMPL003|202604|202605|jpmcap|BILLABLE_DAYS|1|v19,SMPL003|202604|202605|jpmcap|BILLABLE_DAYS|1
SMPL003|202604|202605|jpmcap|DEAL_SIZE|2|v19,SMPL003|202604|202605|jpmcap|DEAL_SIZE|2
SMPL003|202604|202605|jpmcap|MIX|3|v19,SMPL003|202604|202605|jpmcap|MIX|3
SMPL003|202604|202605|advisory|BILLABLE_DAYS|1|v19,SMPL003|202604|202605|advisory|BILLABLE_DAYS|1
SMPL003|202604|202605|advisory|DEAL_SIZE|2|v19,SMPL003|202604|202605|advisory|DEAL_SIZE|2
SMPL003|202604|202605|advisory|MIX|3|v19,SMPL003|202604|202605|advisory|MIX|3
SMPL003|202604|202605|mutual_fund_trails|BILLABLE_DAYS|6|v19,SMPL003|202604|202605|mutual_fund_trails|BILLABLE_DAYS|6
SMPL003|202604|202605|equities|DEAL_SIZE|2|v19,SMPL003|202604|202605|equities|DEAL_SIZE|2
SMPL003|202604|202605|__TOTAL__|MARKET|1|v19,SMPL003|202604|202605|__TOTAL__|MARKET|1
SMPL003|202604|202605|__TOTAL__|NET_FLOW|2|v19,SMPL003|202604|202605|__TOTAL__|NET_FLOW|2
SMPL003|202605|202606|structured_products|ONE_TIME|1|v19,SMPL003|202605|202606|structured_products|ONE_TIME|1
SMPL003|202605|202606|alternative_investments|TIMING|1|v19,SMPL003|202605|202606|alternative_investments|TIMING|1
SMPL003|202605|202606|unified_managed_account|BASELINE_LIMITED|1|v19,SMPL003|202605|202606|unified_managed_account|BASELINE_LIMITED|1
SMPL003|202605|202606|unified_managed_account|DEAL_SIZE|2|v19,SMPL003|202605|202606|unified_managed_account|DEAL_SIZE|2
SMPL003|202605|202606|unified_managed_account|VOLUME|3|v19,SMPL003|202605|202606|unified_managed_account|VOLUME|3
SMPL003|202605|202606|unified_managed_account|NEW_ACCOUNT|4|v19,SMPL003|202605|202606|unified_managed_account|NEW_ACCOUNT|4
SMPL003|202605|202606|unified_managed_account|DISCOUNT|5|v19,SMPL003|202605|202606|unified_managed_account|DISCOUNT|5
SMPL003|202605|202606|unified_managed_account|BILLABLE_DAYS|6|v19,SMPL003|202605|202606|unified_managed_account|BILLABLE_DAYS|6
SMPL003|202605|202606|equities|VOLUME|1|v19,SMPL003|202605|202606|equities|VOLUME|1
SMPL003|202605|202606|unified_managed_account|MIX|7|v19,SMPL003|202605|202606|unified_managed_account|MIX|7
SMPL003|202605|202606|mutual_fund_trails|CLAWBACK|1|v19,SMPL003|202605|202606|mutual_fund_trails|CLAWBACK|1
SMPL003|202605|202606|jpmcap|BILLABLE_DAYS|1|v19,SMPL003|202605|202606|jpmcap|BILLABLE_DAYS|1
SMPL003|202605|202606|jpmcap|DEAL_SIZE|2|v19,SMPL003|202605|202606|jpmcap|DEAL_SIZE|2
SMPL003|202605|202606|jpmcap|MIX|3|v19,SMPL003|202605|202606|jpmcap|MIX|3
SMPL003|202605|202606|advisory|BILLABLE_DAYS|1|v19,SMPL003|202605|202606|advisory|BILLABLE_DAYS|1
SMPL003|202605|202606|advisory|DEAL_SIZE|2|v19,SMPL003|202605|202606|advisory|DEAL_SIZE|2
SMPL003|202605|202606|advisory|MIX|3|v19,SMPL003|202605|202606|advisory|MIX|3
SMPL003|202605|202606|equities|DEAL_SIZE|2|v19,SMPL003|202605|202606|equities|DEAL_SIZE|2
SMPL003|202605|202606|mutual_fund_trails|BILLABLE_DAYS|2|v19,SMPL003|202605|202606|mutual_fund_trails|BILLABLE_DAYS|2
SMPL003|202605|202606|mutual_fund_trails|MIX|3|v19,SMPL003|202605|202606|mutual_fund_trails|MIX|3
SMPL003|202605|202606|__TOTAL__|MARKET|1|v19,SMPL003|202605|202606|__TOTAL__|MARKET|1
SMPL003|202605|202606|__TOTAL__|NET_FLOW|2|v19,SMPL003|202605|202606|__TOTAL__|NET_FLOW|2
